[INFO] Scanning for projects...
[INFO] 
[INFO] -------------------< in.mapmytour.blog:blog-service >-------------------
[INFO] Building blog-service 0.0.1-SNAPSHOT
[INFO]   from pom.xml
[INFO] --------------------------------[ jar ]---------------------------------
[INFO] 
[INFO] >>> spring-boot:3.3.13:run (default-cli) > test-compile @ blog-service >>>
[INFO] 
[INFO] --- resources:3.3.1:resources (default-resources) @ blog-service ---
[INFO] Copying 2 resources from src/main/resources to target/classes
[INFO] Copying 10 resources from src/main/resources to target/classes
[INFO] 
[INFO] --- compiler:3.13.0:compile (default-compile) @ blog-service ---
[INFO] Nothing to compile - all classes are up to date.
[INFO] 
[INFO] --- resources:3.3.1:testResources (default-testResources) @ blog-service ---
[INFO] Copying 0 resource from src/test/resources to target/test-classes
[INFO] 
[INFO] --- compiler:3.13.0:testCompile (default-testCompile) @ blog-service ---
[INFO] Nothing to compile - all classes are up to date.
[INFO] 
[INFO] <<< spring-boot:3.3.13:run (default-cli) < test-compile @ blog-service <<<
[INFO] 
[INFO] 
[INFO] --- spring-boot:3.3.13:run (default-cli) @ blog-service ---
[INFO] Attaching agents: []
23:40:03.185 [main] INFO in.mapmytour.blog.BlogServiceApplication -- 🔍 Attempting to load .env file for security standardization...
23:40:03.224 [main] INFO in.mapmytour.blog.BlogServiceApplication -- ✅ .env file loaded successfully. Keys found: [ZOHO_MAIL_PROPERTIES_MAIL_SMTP_SSL_ENABLE, LOGNAME, JWT_ISSUER, SPRING_MAIL_PROPERTIES_MAIL_SMTP_SSL_ENABLE, ELECTRON_RUN_AS_NODE, AWS_S3_ENABLED, SPRING_PROFILES_ACTIVE, APP_MAIL_PROVIDER, SHLVL, CONDA_EXE, COMMAND_MODE, VSCODE_CWD, SPRING_MAIL_PORT, OSLogRateLimit, GOPATH, SPRING_MAIL_PROPERTIES_MAIL_SMTP_SSL_TRUST, SERVER_PORT, SECURITYSESSIONID, SSH_AUTH_SOCK, GSETTINGS_SCHEMA_DIR, SERVER_ADDRESS, VSCODE_ESM_ENTRYPOINT, DB_HOST, AWS_S3_BUCKET, NO_PROXY, ANTIGRAVITY_AGENT, XPC_FLAGS, VSCODE_CODE_CACHE_PATH, ZOHO_MAIL_PASSWORD, CONDA_PREFIX, DB_USERNAME, SPRING_MAIL_PROPERTIES_MAIL_SMTP_AUTH, __CFBundleIdentifier, MallocNanoZone, JAVA_MAIN_CLASS_41992, LANG, SPRING_MAIL_PASSWORD, MAVEN_PROJECTBASEDIR, VSCODE_CRASH_REPORTER_PROCESS_TYPE, SHELL, ZOHO_MAIL_HOST, AWS_ACCESS_KEY, ZOHO_MAIL_PROPERTIES_MAIL_SMTP_AUTH, ZOHO_MAIL_USERNAME, GOPROXY, CONDA_SHLVL, VSCODE_NLS_CONFIG, USER, AWS_REGION, ZOHO_MAIL_PORT, GATEWAY_JWT_SECRET, CONDA_DEFAULT_ENV, REDIS_HOST, REDIS_PASSWORD, JWT_SECRET, VSCODE_PID, REDIS_PORT, TMPDIR, PWD, DB_PASSWORD, DB_PORT, GOMODCACHE, JAVA_MAIN_CLASS_41973, VSCODE_L10N_BUNDLE_LOCATION, SPRING_MAIL_USERNAME, JAVA_HOME, DB_NAME, MAVEN_CMD_LINE_ARGS, GOTELEMETRY_GOPLS_CLIENT_TOKEN, VSCODE_IPC_HOOK, __CF_USER_TEXT_ENCODING, LaunchInstanceID, JWT_SECRET_KEY, SPRING_MAIL_HOST, AWS_SECRET_KEY, AUTH_SERVICE_URL, ANTIGRAVITY_TRAJECTORY_ID, DATABASE_URL, HOME, XPC_SERVICE_NAME, PATH, ZOHO_MAIL_PROPERTIES_MAIL_SMTP_SSL_TRUST, ANTIGRAVITY_EDITOR_APP_ROOT, CONDA_PYTHON_EXE, VSCODE_HANDLES_UNCAUGHT_ERRORS, CONDA_PROMPT_MODIFIER, OLDPWD, SPRING_MAIL_DEBUG]
Standard Commons Logging discovery in action with spring-jcl: please remove commons-logging.jar from classpath in order to avoid potential conflicts
23:40:03,124 |-INFO in ch.qos.logback.classic.LoggerContext[default] - This is logback-classic version 1.5.18
23:40:03,127 |-INFO in ch.qos.logback.classic.util.ContextInitializer@6b5966e1 - Here is a list of configurators discovered as a service, by rank: 
23:40:03,128 |-INFO in ch.qos.logback.classic.util.ContextInitializer@6b5966e1 -   org.springframework.boot.logging.logback.RootLogLevelConfigurator
23:40:03,128 |-INFO in ch.qos.logback.classic.util.ContextInitializer@6b5966e1 - They will be invoked in order until ExecutionStatus.DO_NOT_INVOKE_NEXT_IF_ANY is returned.
23:40:03,128 |-INFO in ch.qos.logback.classic.util.ContextInitializer@6b5966e1 - Constructed configurator of type class org.springframework.boot.logging.logback.RootLogLevelConfigurator
23:40:03,142 |-INFO in ch.qos.logback.classic.util.ContextInitializer@6b5966e1 - org.springframework.boot.logging.logback.RootLogLevelConfigurator.configure() call lasted 0 milliseconds. ExecutionStatus=INVOKE_NEXT_IF_ANY
23:40:03,142 |-INFO in ch.qos.logback.classic.util.ContextInitializer@6b5966e1 - Trying to configure with ch.qos.logback.classic.joran.SerializedModelConfigurator
23:40:03,143 |-INFO in ch.qos.logback.classic.util.ContextInitializer@6b5966e1 - Constructed configurator of type class ch.qos.logback.classic.joran.SerializedModelConfigurator
23:40:03,147 |-INFO in ch.qos.logback.classic.LoggerContext[default] - Could NOT find resource [logback-test.scmo]
23:40:03,147 |-INFO in ch.qos.logback.classic.LoggerContext[default] - Could NOT find resource [logback.scmo]
23:40:03,147 |-INFO in ch.qos.logback.classic.util.ContextInitializer@6b5966e1 - ch.qos.logback.classic.joran.SerializedModelConfigurator.configure() call lasted 4 milliseconds. ExecutionStatus=INVOKE_NEXT_IF_ANY
23:40:03,147 |-INFO in ch.qos.logback.classic.util.ContextInitializer@6b5966e1 - Trying to configure with ch.qos.logback.classic.util.DefaultJoranConfigurator
23:40:03,147 |-INFO in ch.qos.logback.classic.util.ContextInitializer@6b5966e1 - Constructed configurator of type class ch.qos.logback.classic.util.DefaultJoranConfigurator
23:40:03,148 |-INFO in ch.qos.logback.classic.LoggerContext[default] - Could NOT find resource [logback-test.xml]
23:40:03,148 |-INFO in ch.qos.logback.classic.LoggerContext[default] - Could NOT find resource [logback.xml]
23:40:03,148 |-INFO in ch.qos.logback.classic.util.ContextInitializer@6b5966e1 - ch.qos.logback.classic.util.DefaultJoranConfigurator.configure() call lasted 1 milliseconds. ExecutionStatus=INVOKE_NEXT_IF_ANY
23:40:03,148 |-INFO in ch.qos.logback.classic.util.ContextInitializer@6b5966e1 - Trying to configure with ch.qos.logback.classic.BasicConfigurator
23:40:03,150 |-INFO in ch.qos.logback.classic.util.ContextInitializer@6b5966e1 - Constructed configurator of type class ch.qos.logback.classic.BasicConfigurator
23:40:03,150 |-INFO in ch.qos.logback.classic.BasicConfigurator@65e61854 - Setting up default configuration.
23:40:03,181 |-INFO in ch.qos.logback.core.ConsoleAppender[console] - BEWARE: Writing to the console can be very slow. Avoid logging to the 
23:40:03,181 |-INFO in ch.qos.logback.core.ConsoleAppender[console] - console in production environments, especially in high volume systems.
23:40:03,181 |-INFO in ch.qos.logback.core.ConsoleAppender[console] - See also https://logback.qos.ch/codes.html#slowConsole
23:40:03,181 |-INFO in ch.qos.logback.classic.util.ContextInitializer@6b5966e1 - ch.qos.logback.classic.BasicConfigurator.configure() call lasted 32 milliseconds. ExecutionStatus=NEUTRAL
23:40:03,818 |-INFO in ch.qos.logback.core.joran.util.ConfigurationWatchListUtil@1568159 - Adding [jar:file:/Users/mac/.m2/repository/org/springframework/boot/spring-boot/3.3.13/spring-boot-3.3.13.jar!/org/springframework/boot/logging/logback/defaults.xml] to configuration watch list.
23:40:03,818 |-INFO in ConfigurationWatchList(mainURL=file:/Users/mac/Desktop/mapmytour/blog-service/target/classes/logback-spring.xml, fileWatchList={/Users/mac/Desktop/mapmytour/blog-service/target/classes/logback-spring.xml}, urlWatchList=[}) - Cannot watch [jar:file:/Users/mac/.m2/repository/org/springframework/boot/spring-boot/3.3.13/spring-boot-3.3.13.jar!/org/springframework/boot/logging/logback/defaults.xml] as its protocol is not one of file, http or https.
23:40:03,822 |-INFO in ch.qos.logback.core.model.processor.ConversionRuleModelHandler - registering conversion word applicationName with class [org.springframework.boot.logging.logback.ApplicationNameConverter]
23:40:03,823 |-INFO in ch.qos.logback.core.model.processor.ConversionRuleModelHandler - registering conversion word clr with class [org.springframework.boot.logging.logback.ColorConverter]
23:40:03,823 |-INFO in ch.qos.logback.core.model.processor.ConversionRuleModelHandler - registering conversion word correlationId with class [org.springframework.boot.logging.logback.CorrelationIdConverter]
23:40:03,823 |-INFO in ch.qos.logback.core.model.processor.ConversionRuleModelHandler - registering conversion word wex with class [org.springframework.boot.logging.logback.WhitespaceThrowableProxyConverter]
23:40:03,823 |-INFO in ch.qos.logback.core.model.processor.ConversionRuleModelHandler - registering conversion word wEx with class [org.springframework.boot.logging.logback.ExtendedWhitespaceThrowableProxyConverter]
23:40:03,824 |-INFO in ch.qos.logback.core.model.processor.ModelInterpretationContext@3af17be2 - value "%clr(%d{yyyy-MM-dd'T'HH:mm:ss.SSSXXX}){faint} %clr(%5p) %clr(41992){magenta} %clr(---){faint} %clr(%applicationName[%15.15t]){faint} %clr(){faint}%clr(%-40.40logger{39}){cyan} %clr(:){faint} %m%n%wEx" substituted for "${CONSOLE_LOG_PATTERN:-%clr(%d{${LOG_DATEFORMAT_PATTERN:-yyyy-MM-dd'T'HH:mm:ss.SSSXXX}}){faint} %clr(${LOG_LEVEL_PATTERN:-%5p}) %clr(${PID:- }){magenta} %clr(---){faint} %clr(%applicationName[%15.15t]){faint} %clr(${LOG_CORRELATION_PATTERN:-}){faint}%clr(%-40.40logger{39}){cyan} %clr(:){faint} %m%n${LOG_EXCEPTION_CONVERSION_WORD:-%wEx}}"
23:40:03,824 |-INFO in ch.qos.logback.core.model.processor.ModelInterpretationContext@3af17be2 - value "UTF-8" substituted for "${CONSOLE_LOG_CHARSET:-${file.encoding:-UTF-8}}"
23:40:03,824 |-INFO in ch.qos.logback.core.model.processor.ModelInterpretationContext@3af17be2 - value "TRACE" substituted for "${CONSOLE_LOG_THRESHOLD:-TRACE}"
23:40:03,824 |-INFO in ch.qos.logback.core.model.processor.ModelInterpretationContext@3af17be2 - value "%d{yyyy-MM-dd'T'HH:mm:ss.SSSXXX} %5p 41992 --- %applicationName[%t] %-40.40logger{39} : %m%n%wEx" substituted for "${FILE_LOG_PATTERN:-%d{${LOG_DATEFORMAT_PATTERN:-yyyy-MM-dd'T'HH:mm:ss.SSSXXX}} ${LOG_LEVEL_PATTERN:-%5p} ${PID:- } --- %applicationName[%t] ${LOG_CORRELATION_PATTERN:-}%-40.40logger{39} : %m%n${LOG_EXCEPTION_CONVERSION_WORD:-%wEx}}"
23:40:03,824 |-INFO in ch.qos.logback.core.model.processor.ModelInterpretationContext@3af17be2 - value "UTF-8" substituted for "${FILE_LOG_CHARSET:-${file.encoding:-UTF-8}}"
23:40:03,824 |-INFO in ch.qos.logback.core.model.processor.ModelInterpretationContext@3af17be2 - value "TRACE" substituted for "${FILE_LOG_THRESHOLD:-TRACE}"
23:40:03,826 |-INFO in ch.qos.logback.classic.model.processor.LoggerModelHandler - Setting level of logger [org.apache.catalina.startup.DigesterFactory] to ERROR
23:40:03,826 |-INFO in ch.qos.logback.classic.jul.LevelChangePropagator@f9879ac - Propagating ERROR level on Logger[org.apache.catalina.startup.DigesterFactory] onto the JUL framework
23:40:03,827 |-INFO in ch.qos.logback.classic.model.processor.LoggerModelHandler - Setting level of logger [org.apache.catalina.util.LifecycleBase] to ERROR
23:40:03,827 |-INFO in ch.qos.logback.classic.jul.LevelChangePropagator@f9879ac - Propagating ERROR level on Logger[org.apache.catalina.util.LifecycleBase] onto the JUL framework
23:40:03,827 |-INFO in ch.qos.logback.classic.model.processor.LoggerModelHandler - Setting level of logger [org.apache.coyote.http11.Http11NioProtocol] to WARN
23:40:03,827 |-INFO in ch.qos.logback.classic.jul.LevelChangePropagator@f9879ac - Propagating WARN level on Logger[org.apache.coyote.http11.Http11NioProtocol] onto the JUL framework
23:40:03,827 |-INFO in ch.qos.logback.classic.model.processor.LoggerModelHandler - Setting level of logger [org.apache.sshd.common.util.SecurityUtils] to WARN
23:40:03,827 |-INFO in ch.qos.logback.classic.jul.LevelChangePropagator@f9879ac - Propagating WARN level on Logger[org.apache.sshd.common.util.SecurityUtils] onto the JUL framework
23:40:03,827 |-INFO in ch.qos.logback.classic.model.processor.LoggerModelHandler - Setting level of logger [org.apache.tomcat.util.net.NioSelectorPool] to WARN
23:40:03,827 |-INFO in ch.qos.logback.classic.jul.LevelChangePropagator@f9879ac - Propagating WARN level on Logger[org.apache.tomcat.util.net.NioSelectorPool] onto the JUL framework
23:40:03,827 |-INFO in ch.qos.logback.classic.model.processor.LoggerModelHandler - Setting level of logger [org.eclipse.jetty.util.component.AbstractLifeCycle] to ERROR
23:40:03,827 |-INFO in ch.qos.logback.classic.jul.LevelChangePropagator@f9879ac - Propagating ERROR level on Logger[org.eclipse.jetty.util.component.AbstractLifeCycle] onto the JUL framework
23:40:03,827 |-INFO in ch.qos.logback.classic.model.processor.LoggerModelHandler - Setting level of logger [org.hibernate.validator.internal.util.Version] to WARN
23:40:03,827 |-INFO in ch.qos.logback.classic.jul.LevelChangePropagator@f9879ac - Propagating WARN level on Logger[org.hibernate.validator.internal.util.Version] onto the JUL framework
23:40:03,827 |-INFO in ch.qos.logback.classic.model.processor.LoggerModelHandler - Setting level of logger [org.springframework.boot.actuate.endpoint.jmx] to WARN
23:40:03,827 |-INFO in ch.qos.logback.classic.jul.LevelChangePropagator@f9879ac - Propagating WARN level on Logger[org.springframework.boot.actuate.endpoint.jmx] onto the JUL framework
23:40:03,828 |-INFO in ch.qos.logback.core.model.processor.AppenderModelHandler - Processing appender named [CONSOLE]
23:40:03,828 |-INFO in ch.qos.logback.core.model.processor.AppenderModelHandler - About to instantiate appender of type [ch.qos.logback.core.ConsoleAppender]
23:40:03,832 |-INFO in ch.qos.logback.core.model.processor.ImplicitModelHandler - Assuming default type [ch.qos.logback.classic.encoder.PatternLayoutEncoder] for [encoder] property
23:40:03,857 |-INFO in ch.qos.logback.core.ConsoleAppender[CONSOLE] - BEWARE: Writing to the console can be very slow. Avoid logging to the 
23:40:03,857 |-INFO in ch.qos.logback.core.ConsoleAppender[CONSOLE] - console in production environments, especially in high volume systems.
23:40:03,857 |-INFO in ch.qos.logback.core.ConsoleAppender[CONSOLE] - See also https://logback.qos.ch/codes.html#slowConsole
23:40:03,857 |-INFO in ch.qos.logback.core.model.processor.AppenderModelHandler - Processing appender named [FILE]
23:40:03,857 |-INFO in ch.qos.logback.core.model.processor.AppenderModelHandler - About to instantiate appender of type [ch.qos.logback.core.rolling.RollingFileAppender]
23:40:03,867 |-INFO in c.q.l.core.rolling.TimeBasedRollingPolicy@938613108 - setting totalSizeCap to 5 GB
23:40:03,867 |-INFO in c.q.l.core.rolling.TimeBasedRollingPolicy@938613108 - No compression will be used
23:40:03,870 |-INFO in c.q.l.core.rolling.TimeBasedRollingPolicy@938613108 - Will use the pattern logs/application-%d{yyyy-MM-dd}.%i.log for the active file
23:40:03,870 |-WARN in ch.qos.logback.core.rolling.SizeAndTimeBasedFNATP@5f4d427e - SizeAndTimeBasedFNATP class was renamed as SizeAndTimeBasedFileNamingAndTriggeringPolicy.
23:40:03,894 |-INFO in ch.qos.logback.core.rolling.SizeAndTimeBasedFNATP@5f4d427e - The date pattern is 'yyyy-MM-dd' from file name pattern 'logs/application-%d{yyyy-MM-dd}.%i.log'.
23:40:03,894 |-INFO in ch.qos.logback.core.rolling.SizeAndTimeBasedFNATP@5f4d427e - Roll-over at midnight.
23:40:03,905 |-INFO in ch.qos.logback.core.rolling.SizeAndTimeBasedFNATP@5f4d427e - Setting initial period to 2026-03-21T17:48:04.806Z
23:40:03,905 |-WARN in ch.qos.logback.core.rolling.SizeAndTimeBasedFNATP@5f4d427e - Direct use of either SizeAndTimeBasedFNATP or SizeAndTimeBasedFileNamingAndTriggeringPolicy 
23:40:03,905 |-WARN in ch.qos.logback.core.rolling.SizeAndTimeBasedFNATP@5f4d427e - is deprecated. Please use SizeAndTimeBasedRollingPolicy instead.
23:40:03,905 |-WARN in ch.qos.logback.core.rolling.SizeAndTimeBasedFNATP@5f4d427e - For more information see https://logback.qos.ch/manual/appenders.html#SizeAndTimeBasedRollingPolicy
23:40:03,907 |-INFO in ch.qos.logback.core.model.processor.ImplicitModelHandler - Assuming default type [ch.qos.logback.classic.encoder.PatternLayoutEncoder] for [encoder] property
23:40:03,910 |-INFO in ch.qos.logback.core.rolling.RollingFileAppender[FILE] - Active log file name: logs/application.log
23:40:03,912 |-INFO in ch.qos.logback.core.rolling.RollingFileAppender[FILE] - Setting currentFileLength to 1780210 for logs/application.log
23:40:03,912 |-INFO in ch.qos.logback.core.rolling.RollingFileAppender[FILE] - File property is set to [logs/application.log]
23:40:03,913 |-INFO in ch.qos.logback.classic.model.processor.RootLoggerModelHandler - Setting level of ROOT logger to INFO
23:40:03,913 |-INFO in ch.qos.logback.classic.jul.LevelChangePropagator@f9879ac - Propagating INFO level on Logger[ROOT] onto the JUL framework
23:40:03,913 |-INFO in ch.qos.logback.core.model.processor.AppenderRefModelHandler - Attaching appender named [CONSOLE] to Logger[ROOT]
23:40:03,914 |-INFO in ch.qos.logback.core.model.processor.AppenderRefModelHandler - Attaching appender named [FILE] to Logger[ROOT]
23:40:03,914 |-INFO in ch.qos.logback.classic.model.processor.LoggerModelHandler - Setting level of logger [in.mapmytour] to INFO
23:40:03,914 |-INFO in ch.qos.logback.classic.jul.LevelChangePropagator@f9879ac - Propagating INFO level on Logger[in.mapmytour] onto the JUL framework
23:40:03,914 |-INFO in ch.qos.logback.classic.model.processor.LoggerModelHandler - Setting level of logger [org.springframework] to WARN
23:40:03,914 |-INFO in ch.qos.logback.classic.jul.LevelChangePropagator@f9879ac - Propagating WARN level on Logger[org.springframework] onto the JUL framework
23:40:03,914 |-INFO in ch.qos.logback.classic.model.processor.LoggerModelHandler - Setting level of logger [org.hibernate] to WARN
23:40:03,914 |-INFO in ch.qos.logback.classic.jul.LevelChangePropagator@f9879ac - Propagating WARN level on Logger[org.hibernate] onto the JUL framework
23:40:03,914 |-INFO in ch.qos.logback.classic.model.processor.LoggerModelHandler - Setting level of logger [org.apache.kafka] to ERROR
23:40:03,914 |-INFO in ch.qos.logback.classic.jul.LevelChangePropagator@f9879ac - Propagating ERROR level on Logger[org.apache.kafka] onto the JUL framework
23:40:03,914 |-INFO in ch.qos.logback.classic.model.processor.LoggerModelHandler - Setting level of logger [org.springframework.kafka] to ERROR
23:40:03,914 |-INFO in ch.qos.logback.classic.jul.LevelChangePropagator@f9879ac - Propagating ERROR level on Logger[org.springframework.kafka] onto the JUL framework
23:40:03,914 |-INFO in ch.qos.logback.core.model.processor.DefaultProcessor@6e521c1e - End of configuration.
23:40:03,914 |-INFO in org.springframework.boot.logging.logback.SpringBootJoranConfigurator@224b4d61 - Registering current configuration as safe fallback point

███╗   ███╗ █████╗ ██████╗ ███╗   ███╗██╗   ██╗████████╗ ██████╗ ██╗   ██╗██████╗
████╗ ████║██╔══██╗██╔══██╗████╗ ████║╚██╗ ██╔╝╚══██╔══╝██╔═══██╗██║   ██║██╔══██╗
██╔████╔██║███████║██████╔╝██╔████╔██║ ╚████╔╝    ██║   ██║   ██║██║   ██║██████╔╝
██║╚██╔╝██║██╔══██║██╔═══╝ ██║╚██╔╝██║  ╚██╔╝     ██║   ██║   ██║██║   ██║██╔══██╗
██║ ╚═╝ ██║██║  ██║██║     ██║ ╚═╝ ██║   ██║      ██║   ╚██████╔╝╚██████╔╝██║  ██║
╚═╝     ╚═╝╚═╝  ╚═╝╚═╝     ╚═╝     ╚═╝   ╚═╝      ╚═╝    ╚═════╝  ╚═════╝ ╚═╝  ╚═╝

[94m╔══════════════════════════════════════════════════════════════════════════════════╗
║                    📝  Blog Service - Content Management & Publishing  ✍️                     ║
║                                                                                  ║
║  [92m📝 Blog Posts    ✍️  Content Creation    📊 Content Analytics[94m  ║
║  [92m🔍 Search & Discovery    📂 Categories    💬 Comments & Engagement[94m  ║
║                                                                                  ║
║  [93mVersion: 1.0.0               Environment: prod[94m                    ║
║  [96mPort: 8090                     Database: PostgreSQL + Redis[94m            ║
║                                                                                  ║
║  [95m🎯 Engaging blog content management and publishing platform! 🚀[94m          ║
╚══════════════════════════════════════════════════════════════════════════════════╝[39m

[92m🎯 Features Active: [93mBlog Posts • Content Management • Analytics • Comments[39m
[96m🔗 Health Check: [97mhttp://localhost:8090/actuator/health[39m
[95m📚 API Docs: [97mhttp://localhost:8090/swagger-ui.html[39m
2026-03-21 23:40:04.031 [main] INFO  [N/A] [N/A] i.m.blog.BlogServiceApplication - Starting BlogServiceApplication using Java 17.0.16 with PID 41992 (/Users/mac/Desktop/mapmytour/blog-service/target/classes started by mac in /Users/mac/Desktop/mapmytour/blog-service)
2026-03-21 23:40:04.032 [main] INFO  [N/A] [N/A] i.m.blog.BlogServiceApplication - The following 1 profile is active: "prod"
2026-03-21 23:40:05.319 [main] INFO  [N/A] [N/A] o.s.d.r.c.RepositoryConfigurationDelegate - Multiple Spring Data modules found, entering strict repository configuration mode
2026-03-21 23:40:05.322 [main] INFO  [N/A] [N/A] o.s.d.r.c.RepositoryConfigurationDelegate - Bootstrapping Spring Data JPA repositories in DEFAULT mode.
2026-03-21 23:40:05.562 [main] INFO  [N/A] [N/A] o.s.d.r.c.RepositoryConfigurationDelegate - Finished Spring Data repository scanning in 231 ms. Found 7 JPA repository interfaces.
2026-03-21 23:40:05.583 [main] INFO  [N/A] [N/A] o.s.d.r.c.RepositoryConfigurationDelegate - Multiple Spring Data modules found, entering strict repository configuration mode
2026-03-21 23:40:05.584 [main] INFO  [N/A] [N/A] o.s.d.r.c.RepositoryConfigurationDelegate - Bootstrapping Spring Data Redis repositories in DEFAULT mode.
2026-03-21 23:40:05.606 [main] INFO  [N/A] [N/A] o.s.d.r.c.RepositoryConfigurationExtensionSupport - Spring Data Redis - Could not safely identify store assignment for repository candidate interface in.mapmytour.blog.repository.BlogPostRepository; If you want this repository to be a Redis repository, consider annotating your entities with one of these annotations: org.springframework.data.redis.core.RedisHash (preferred), or consider extending one of the following types with your repository: org.springframework.data.keyvalue.repository.KeyValueRepository
2026-03-21 23:40:05.606 [main] INFO  [N/A] [N/A] o.s.d.r.c.RepositoryConfigurationExtensionSupport - Spring Data Redis - Could not safely identify store assignment for repository candidate interface in.mapmytour.blog.repository.BlogSettingsRepository; If you want this repository to be a Redis repository, consider annotating your entities with one of these annotations: org.springframework.data.redis.core.RedisHash (preferred), or consider extending one of the following types with your repository: org.springframework.data.keyvalue.repository.KeyValueRepository
2026-03-21 23:40:05.606 [main] INFO  [N/A] [N/A] o.s.d.r.c.RepositoryConfigurationExtensionSupport - Spring Data Redis - Could not safely identify store assignment for repository candidate interface in.mapmytour.blog.repository.CategoryRepository; If you want this repository to be a Redis repository, consider annotating your entities with one of these annotations: org.springframework.data.redis.core.RedisHash (preferred), or consider extending one of the following types with your repository: org.springframework.data.keyvalue.repository.KeyValueRepository
2026-03-21 23:40:05.607 [main] INFO  [N/A] [N/A] o.s.d.r.c.RepositoryConfigurationExtensionSupport - Spring Data Redis - Could not safely identify store assignment for repository candidate interface in.mapmytour.blog.repository.PostCommentRepository; If you want this repository to be a Redis repository, consider annotating your entities with one of these annotations: org.springframework.data.redis.core.RedisHash (preferred), or consider extending one of the following types with your repository: org.springframework.data.keyvalue.repository.KeyValueRepository
2026-03-21 23:40:05.608 [main] INFO  [N/A] [N/A] o.s.d.r.c.RepositoryConfigurationExtensionSupport - Spring Data Redis - Could not safely identify store assignment for repository candidate interface in.mapmytour.blog.repository.PostLikeRepository; If you want this repository to be a Redis repository, consider annotating your entities with one of these annotations: org.springframework.data.redis.core.RedisHash (preferred), or consider extending one of the following types with your repository: org.springframework.data.keyvalue.repository.KeyValueRepository
2026-03-21 23:40:05.608 [main] INFO  [N/A] [N/A] o.s.d.r.c.RepositoryConfigurationExtensionSupport - Spring Data Redis - Could not safely identify store assignment for repository candidate interface in.mapmytour.blog.repository.PostMediaRepository; If you want this repository to be a Redis repository, consider annotating your entities with one of these annotations: org.springframework.data.redis.core.RedisHash (preferred), or consider extending one of the following types with your repository: org.springframework.data.keyvalue.repository.KeyValueRepository
2026-03-21 23:40:05.608 [main] INFO  [N/A] [N/A] o.s.d.r.c.RepositoryConfigurationExtensionSupport - Spring Data Redis - Could not safely identify store assignment for repository candidate interface in.mapmytour.blog.repository.TagRepository; If you want this repository to be a Redis repository, consider annotating your entities with one of these annotations: org.springframework.data.redis.core.RedisHash (preferred), or consider extending one of the following types with your repository: org.springframework.data.keyvalue.repository.KeyValueRepository
2026-03-21 23:40:05.608 [main] INFO  [N/A] [N/A] o.s.d.r.c.RepositoryConfigurationDelegate - Finished Spring Data repository scanning in 13 ms. Found 0 Redis repository interfaces.
2026-03-21 23:40:06.383 [main] INFO  [N/A] [N/A] o.s.b.w.e.tomcat.TomcatWebServer - Tomcat initialized with port 8090 (http)
2026-03-21 23:40:06.399 [main] INFO  [N/A] [N/A] o.a.catalina.core.StandardService - Starting service [Tomcat]
2026-03-21 23:40:06.399 [main] INFO  [N/A] [N/A] o.a.catalina.core.StandardEngine - Starting Servlet engine: [Apache Tomcat/10.1.42]
2026-03-21 23:40:06.467 [main] INFO  [N/A] [N/A] o.a.c.c.C.[Tomcat].[localhost].[/] - Initializing Spring embedded WebApplicationContext
2026-03-21 23:40:06.467 [main] INFO  [N/A] [N/A] o.s.b.w.s.c.ServletWebServerApplicationContext - Root WebApplicationContext: initialization completed in 2382 ms
Standard Commons Logging discovery in action with spring-jcl: please remove commons-logging.jar from classpath in order to avoid potential conflicts
2026-03-21 23:40:06.621 [main] INFO  [N/A] [N/A] o.s.b.web.servlet.RegistrationBean - Filter jwtAuthenticationFilterRegistration was not registered (disabled)
2026-03-21 23:40:06.705 [main] DEBUG [N/A] [N/A] com.zaxxer.hikari.HikariConfig - Driver class org.postgresql.Driver found in Thread context class loader jdk.internal.loader.ClassLoaders$AppClassLoader@67424e82
2026-03-21 23:40:06.860 [main] DEBUG [N/A] [N/A] o.f.c.i.s.classpath.ClassPathScanner - Scanning for classpath resources at 'classpath:db/callback' ...
2026-03-21 23:40:06.860 [main] DEBUG [N/A] [N/A] o.f.c.i.s.classpath.ClassPathScanner - Determining location urls for classpath:db/callback using ClassLoader jdk.internal.loader.ClassLoaders$AppClassLoader@67424e82 ...
2026-03-21 23:40:06.861 [main] DEBUG [N/A] [N/A] o.f.c.i.s.classpath.ClassPathScanner - Unable to resolve location classpath:db/callback.
2026-03-21 23:40:06.861 [main] DEBUG [N/A] [N/A] o.f.c.i.s.classpath.ClassPathScanner - Scanning for classpath resources at 'classpath:db/migration' ...
2026-03-21 23:40:06.861 [main] DEBUG [N/A] [N/A] o.f.c.i.s.classpath.ClassPathScanner - Determining location urls for classpath:db/migration using ClassLoader jdk.internal.loader.ClassLoaders$AppClassLoader@67424e82 ...
2026-03-21 23:40:06.861 [main] DEBUG [N/A] [N/A] o.f.c.i.s.classpath.ClassPathScanner - Scanning URL: file:/Users/mac/Desktop/mapmytour/blog-service/target/classes/db/migration
2026-03-21 23:40:06.862 [main] DEBUG [N/A] [N/A] o.f.c.i.s.c.FileSystemClassPathLocationScanner - Scanning starting at classpath root in filesystem: /Users/mac/Desktop/mapmytour/blog-service/target/classes/
2026-03-21 23:40:06.862 [main] DEBUG [N/A] [N/A] o.f.c.i.s.c.FileSystemClassPathLocationScanner - Scanning for resources in path: /Users/mac/Desktop/mapmytour/blog-service/target/classes/db/migration (db/migration)
2026-03-21 23:40:06.864 [main] DEBUG [N/A] [N/A] o.f.c.i.s.classpath.ClassPathScanner - Found resource: db/migration/V1__blog_service_baseline.sql
2026-03-21 23:40:06.864 [main] DEBUG [N/A] [N/A] o.f.c.i.s.classpath.ClassPathScanner - Found resource: db/migration/V2__convert_to_jsonb.sql
2026-03-21 23:40:06.864 [main] DEBUG [N/A] [N/A] o.f.c.i.s.classpath.ClassPathScanner - Found resource: db/migration/V3__add_author_details_to_comments_and_likes.sql
2026-03-21 23:40:06.864 [main] DEBUG [N/A] [N/A] o.f.c.i.s.classpath.ClassPathScanner - Scanning for classes at classpath:db/migration
2026-03-21 23:40:06.867 [main] DEBUG [N/A] [N/A] o.f.c.i.r.ResourceNameValidator - Validating V1__blog_service_baseline.sql
2026-03-21 23:40:06.872 [main] DEBUG [N/A] [N/A] com.zaxxer.hikari.HikariConfig - HikariPool-1 - configuration:
2026-03-21 23:40:06.876 [main] DEBUG [N/A] [N/A] com.zaxxer.hikari.HikariConfig - allowPoolSuspension.............false
2026-03-21 23:40:06.876 [main] DEBUG [N/A] [N/A] com.zaxxer.hikari.HikariConfig - autoCommit......................true
2026-03-21 23:40:06.877 [main] DEBUG [N/A] [N/A] com.zaxxer.hikari.HikariConfig - catalog.........................none
2026-03-21 23:40:06.877 [main] DEBUG [N/A] [N/A] com.zaxxer.hikari.HikariConfig - connectionInitSql...............none
2026-03-21 23:40:06.877 [main] DEBUG [N/A] [N/A] com.zaxxer.hikari.HikariConfig - connectionTestQuery............."SELECT 1"
2026-03-21 23:40:06.877 [main] DEBUG [N/A] [N/A] com.zaxxer.hikari.HikariConfig - connectionTimeout...............90000
2026-03-21 23:40:06.877 [main] DEBUG [N/A] [N/A] com.zaxxer.hikari.HikariConfig - dataSource......................none
2026-03-21 23:40:06.877 [main] DEBUG [N/A] [N/A] com.zaxxer.hikari.HikariConfig - dataSourceClassName.............none
2026-03-21 23:40:06.877 [main] DEBUG [N/A] [N/A] com.zaxxer.hikari.HikariConfig - dataSourceJNDI..................none
2026-03-21 23:40:06.878 [main] DEBUG [N/A] [N/A] com.zaxxer.hikari.HikariConfig - dataSourceProperties............{password=<masked>}
2026-03-21 23:40:06.878 [main] DEBUG [N/A] [N/A] com.zaxxer.hikari.HikariConfig - driverClassName................."org.postgresql.Driver"
2026-03-21 23:40:06.878 [main] DEBUG [N/A] [N/A] com.zaxxer.hikari.HikariConfig - exceptionOverrideClassName......none
2026-03-21 23:40:06.878 [main] DEBUG [N/A] [N/A] com.zaxxer.hikari.HikariConfig - healthCheckProperties...........{}
2026-03-21 23:40:06.878 [main] DEBUG [N/A] [N/A] com.zaxxer.hikari.HikariConfig - healthCheckRegistry.............none
2026-03-21 23:40:06.878 [main] DEBUG [N/A] [N/A] com.zaxxer.hikari.HikariConfig - idleTimeout.....................600000
2026-03-21 23:40:06.878 [main] DEBUG [N/A] [N/A] com.zaxxer.hikari.HikariConfig - initializationFailTimeout.......1
2026-03-21 23:40:06.879 [main] DEBUG [N/A] [N/A] com.zaxxer.hikari.HikariConfig - isolateInternalQueries..........false
2026-03-21 23:40:06.879 [main] DEBUG [N/A] [N/A] com.zaxxer.hikari.HikariConfig - jdbcUrl.........................jdbc:postgresql://150.241.245.162:6432/blog_service?prepareThreshold=0
2026-03-21 23:40:06.879 [main] DEBUG [N/A] [N/A] com.zaxxer.hikari.HikariConfig - keepaliveTime...................0
2026-03-21 23:40:06.879 [main] DEBUG [N/A] [N/A] com.zaxxer.hikari.HikariConfig - leakDetectionThreshold..........2000
2026-03-21 23:40:06.879 [main] DEBUG [N/A] [N/A] com.zaxxer.hikari.HikariConfig - maxLifetime.....................1800000
2026-03-21 23:40:06.879 [main] DEBUG [N/A] [N/A] com.zaxxer.hikari.HikariConfig - maximumPoolSize.................100
2026-03-21 23:40:06.879 [main] DEBUG [N/A] [N/A] com.zaxxer.hikari.HikariConfig - metricRegistry..................none
2026-03-21 23:40:06.880 [main] DEBUG [N/A] [N/A] com.zaxxer.hikari.HikariConfig - metricsTrackerFactory...........none
2026-03-21 23:40:06.880 [main] DEBUG [N/A] [N/A] com.zaxxer.hikari.HikariConfig - minimumIdle.....................0
2026-03-21 23:40:06.880 [main] DEBUG [N/A] [N/A] com.zaxxer.hikari.HikariConfig - password........................<masked>
2026-03-21 23:40:06.880 [main] DEBUG [N/A] [N/A] com.zaxxer.hikari.HikariConfig - poolName........................"HikariPool-1"
2026-03-21 23:40:06.880 [main] DEBUG [N/A] [N/A] com.zaxxer.hikari.HikariConfig - readOnly........................false
2026-03-21 23:40:06.880 [main] DEBUG [N/A] [N/A] com.zaxxer.hikari.HikariConfig - registerMbeans..................false
2026-03-21 23:40:06.880 [main] DEBUG [N/A] [N/A] com.zaxxer.hikari.HikariConfig - scheduledExecutor...............none
2026-03-21 23:40:06.880 [main] DEBUG [N/A] [N/A] com.zaxxer.hikari.HikariConfig - schema..........................none
2026-03-21 23:40:06.881 [main] DEBUG [N/A] [N/A] com.zaxxer.hikari.HikariConfig - threadFactory...................internal
2026-03-21 23:40:06.881 [main] DEBUG [N/A] [N/A] com.zaxxer.hikari.HikariConfig - transactionIsolation............default
2026-03-21 23:40:06.881 [main] DEBUG [N/A] [N/A] com.zaxxer.hikari.HikariConfig - username........................"admin_prod"
2026-03-21 23:40:06.881 [main] DEBUG [N/A] [N/A] com.zaxxer.hikari.HikariConfig - validationTimeout...............3000
2026-03-21 23:40:06.881 [main] INFO  [N/A] [N/A] com.zaxxer.hikari.HikariDataSource - HikariPool-1 - Starting...
2026-03-21 23:40:07.510 [main] DEBUG [N/A] [N/A] com.zaxxer.hikari.pool.PoolBase - HikariPool-1 - Closing connection org.postgresql.jdbc.PgConnection@58583a2d: (initialization check complete and minimumIdle is zero)
2026-03-21 23:40:07.514 [main] INFO  [N/A] [N/A] com.zaxxer.hikari.HikariDataSource - HikariPool-1 - Start completed.
2026-03-21 23:40:07.616 [HikariPool-1 housekeeper] DEBUG [N/A] [N/A] com.zaxxer.hikari.pool.HikariPool - HikariPool-1 - Before cleanup stats (total=0, active=0, idle=0, waiting=1)
2026-03-21 23:40:07.617 [HikariPool-1 housekeeper] DEBUG [N/A] [N/A] com.zaxxer.hikari.pool.HikariPool - HikariPool-1 - After cleanup  stats (total=0, active=0, idle=0, waiting=1)
2026-03-21 23:40:07.617 [HikariPool-1 housekeeper] DEBUG [N/A] [N/A] com.zaxxer.hikari.pool.HikariPool - HikariPool-1 - Fill pool skipped, pool has sufficient level or currently being filled.
2026-03-21 23:40:09.356 [HikariPool-1 connection adder] DEBUG [N/A] [N/A] com.zaxxer.hikari.pool.HikariPool - HikariPool-1 - Added connection org.postgresql.jdbc.PgConnection@5fcd7fbc
2026-03-21 23:40:09.388 [HikariPool-1 connection adder] DEBUG [N/A] [N/A] com.zaxxer.hikari.pool.HikariPool - HikariPool-1 - Connection not added, stats (total=1, active=1, idle=0, waiting=0)
2026-03-21 23:40:09.597 [main] DEBUG [N/A] [N/A] o.f.c.i.r.ResourceNameValidator - Validating V3__add_author_details_to_comments_and_likes.sql
2026-03-21 23:40:09.597 [main] DEBUG [N/A] [N/A] o.f.c.i.r.ResourceNameValidator - Validating V2__convert_to_jsonb.sql
2026-03-21 23:40:09.985 [main] INFO  [N/A] [N/A] org.flywaydb.core.FlywayExecutor - Database: jdbc:postgresql://150.241.245.162:6432/blog_service (PostgreSQL 15.8)
2026-03-21 23:40:09.986 [main] DEBUG [N/A] [N/A] org.flywaydb.core.FlywayExecutor - Driver: PostgreSQL JDBC Driver 42.7.7
2026-03-21 23:40:09.986 [main] DEBUG [N/A] [N/A] org.flywaydb.core.FlywayExecutor - DDL Transactions Supported: true
2026-03-21 23:40:09.987 [main] DEBUG [N/A] [N/A] o.f.c.i.s.SchemaHistoryFactory - Schemas: 
2026-03-21 23:40:09.987 [main] DEBUG [N/A] [N/A] o.f.c.i.s.SchemaHistoryFactory - Default schema: null
2026-03-21 23:40:10.862 [main] DEBUG [N/A] [N/A] o.f.c.i.c.SqlScriptCallbackFactory - Scanning for SQL callbacks ...
2026-03-21 23:40:10.899 [main] DEBUG [N/A] [N/A] o.f.core.internal.command.DbValidate - Validating migrations ...
2026-03-21 23:40:10.903 [main] DEBUG [N/A] [N/A] o.f.c.a.c.ClassicConfiguration - CherryPickConfigurationExtension not found
2026-03-21 23:40:10.914 [main] DEBUG [N/A] [N/A] o.f.core.internal.scanner.Scanner - Filtering out resource: db/migration/V1__blog_service_baseline.sql (filename: V1__blog_service_baseline.sql)
2026-03-21 23:40:10.914 [main] DEBUG [N/A] [N/A] o.f.core.internal.scanner.Scanner - Filtering out resource: db/migration/V3__add_author_details_to_comments_and_likes.sql (filename: V3__add_author_details_to_comments_and_likes.sql)
2026-03-21 23:40:10.914 [main] DEBUG [N/A] [N/A] o.f.core.internal.scanner.Scanner - Filtering out resource: db/migration/V2__convert_to_jsonb.sql (filename: V2__convert_to_jsonb.sql)
2026-03-21 23:40:10.915 [main] DEBUG [N/A] [N/A] o.f.core.internal.scanner.Scanner - Filtering out resource: db/migration/V1__blog_service_baseline.sql (filename: V1__blog_service_baseline.sql)
2026-03-21 23:40:10.915 [main] DEBUG [N/A] [N/A] o.f.core.internal.scanner.Scanner - Filtering out resource: db/migration/V3__add_author_details_to_comments_and_likes.sql (filename: V3__add_author_details_to_comments_and_likes.sql)
2026-03-21 23:40:10.915 [main] DEBUG [N/A] [N/A] o.f.core.internal.scanner.Scanner - Filtering out resource: db/migration/V2__convert_to_jsonb.sql (filename: V2__convert_to_jsonb.sql)
2026-03-21 23:40:11.047 [main] INFO  [N/A] [N/A] o.f.core.internal.command.DbValidate - Successfully validated 4 migrations (execution time 00:00.146s)
2026-03-21 23:40:11.089 [main] DEBUG [N/A] [N/A] o.f.core.internal.command.DbSchemas - Skipping creation of existing schema: "public"
2026-03-21 23:40:11.518 [HikariPool-1 connection adder] DEBUG [N/A] [N/A] com.zaxxer.hikari.pool.HikariPool - HikariPool-1 - Added connection org.postgresql.jdbc.PgConnection@1037800e
2026-03-21 23:40:11.551 [HikariPool-1 connection adder] DEBUG [N/A] [N/A] com.zaxxer.hikari.pool.HikariPool - HikariPool-1 - Connection not added, stats (total=2, active=2, idle=0, waiting=0)
2026-03-21 23:40:11.603 [HikariPool-1 housekeeper] WARN  [N/A] [N/A] c.zaxxer.hikari.pool.ProxyLeakTask - Connection leak detection triggered for org.postgresql.jdbc.PgConnection@5fcd7fbc on thread main, stack trace follows
java.lang.Exception: Apparent connection leak detected
	at com.zaxxer.hikari.HikariDataSource.getConnection(HikariDataSource.java:127)
	at org.flywaydb.core.internal.jdbc.JdbcUtils.openConnection(JdbcUtils.java:48)
	at org.flywaydb.core.internal.jdbc.JdbcConnectionFactory.<init>(JdbcConnectionFactory.java:72)
	at org.flywaydb.core.FlywayExecutor.execute(FlywayExecutor.java:134)
	at org.flywaydb.core.Flyway.migrate(Flyway.java:147)
	at org.springframework.boot.autoconfigure.flyway.FlywayMigrationInitializer.afterPropertiesSet(FlywayMigrationInitializer.java:66)
	at org.springframework.beans.factory.support.AbstractAutowireCapableBeanFactory.invokeInitMethods(AbstractAutowireCapableBeanFactory.java:1853)
	at org.springframework.beans.factory.support.AbstractAutowireCapableBeanFactory.initializeBean(AbstractAutowireCapableBeanFactory.java:1802)
	at org.springframework.beans.factory.support.AbstractAutowireCapableBeanFactory.doCreateBean(AbstractAutowireCapableBeanFactory.java:600)
	at org.springframework.beans.factory.support.AbstractAutowireCapableBeanFactory.createBean(AbstractAutowireCapableBeanFactory.java:522)
	at org.springframework.beans.factory.support.AbstractBeanFactory.lambda$doGetBean$0(AbstractBeanFactory.java:337)
	at org.springframework.beans.factory.support.DefaultSingletonBeanRegistry.getSingleton(DefaultSingletonBeanRegistry.java:234)
	at org.springframework.beans.factory.support.AbstractBeanFactory.doGetBean(AbstractBeanFactory.java:335)
	at org.springframework.beans.factory.support.AbstractBeanFactory.getBean(AbstractBeanFactory.java:200)
	at org.springframework.beans.factory.support.AbstractBeanFactory.doGetBean(AbstractBeanFactory.java:313)
	at org.springframework.beans.factory.support.AbstractBeanFactory.getBean(AbstractBeanFactory.java:205)
	at org.springframework.context.support.AbstractApplicationContext.finishBeanFactoryInitialization(AbstractApplicationContext.java:954)
	at org.springframework.context.support.AbstractApplicationContext.refresh(AbstractApplicationContext.java:625)
	at org.springframework.boot.web.servlet.context.ServletWebServerApplicationContext.refresh(ServletWebServerApplicationContext.java:146)
	at org.springframework.boot.SpringApplication.refresh(SpringApplication.java:754)
	at org.springframework.boot.SpringApplication.refreshContext(SpringApplication.java:456)
	at org.springframework.boot.SpringApplication.run(SpringApplication.java:335)
	at org.springframework.boot.SpringApplication.run(SpringApplication.java:1363)
	at org.springframework.boot.SpringApplication.run(SpringApplication.java:1352)
	at in.mapmytour.blog.BlogServiceApplication.main(BlogServiceApplication.java:49)
2026-03-21 23:40:11.669 [main] DEBUG [N/A] [N/A] o.f.c.a.c.ClassicConfiguration - CherryPickConfigurationExtension not found
2026-03-21 23:40:11.845 [main] INFO  [N/A] [N/A] o.f.core.internal.command.DbMigrate - Current version of schema "public": 3
2026-03-21 23:40:11.879 [main] INFO  [N/A] [N/A] o.f.core.internal.command.DbMigrate - Schema "public" is up to date. No migration necessary.
2026-03-21 23:40:12.080 [main] INFO  [N/A] [N/A] c.zaxxer.hikari.pool.ProxyLeakTask - Previously reported leaked connection org.postgresql.jdbc.PgConnection@5fcd7fbc on thread main was returned to the pool (unleaked)
2026-03-21 23:40:12.082 [main] DEBUG [N/A] [N/A] org.flywaydb.core.FlywayExecutor - Memory usage: 52 of 108M
2026-03-21 23:40:12.558 [main] INFO  [N/A] [N/A] o.s.o.j.p.SpringPersistenceUnitInfo - No LoadTimeWeaver setup: ignoring JPA class transformer
2026-03-21 23:40:12.694 [main] WARN  [N/A] [N/A] org.hibernate.orm.deprecation - HHH90000025: PostgreSQLDialect does not need to be specified explicitly using 'hibernate.dialect' (remove the property setting and it will be selected by default)
2026-03-21 23:40:14.184 [main] INFO  [N/A] [N/A] o.s.o.j.LocalContainerEntityManagerFactoryBean - Initialized JPA EntityManagerFactory for persistence unit 'default'
2026-03-21 23:40:14.681 [main] INFO  [N/A] [N/A] o.s.d.j.r.query.QueryEnhancerFactory - Hibernate is in classpath; If applicable, HQL parser will be used.
2026-03-21 23:40:16.677 [main] INFO  [N/A] [N/A] in.mapmytour.blog.helper.S3Helper - Bucket mapmytour-bucket-prod already exists
2026-03-21 23:40:16.678 [main] INFO  [N/A] [N/A] in.mapmytour.blog.helper.S3Helper - S3Client initialized successfully for bucket: mapmytour-bucket-prod
2026-03-21 23:40:17.794 [main] INFO  [N/A] [N/A] o.s.b.a.e.web.EndpointLinksResolver - Exposing 3 endpoints beneath base path '/actuator'
2026-03-21 23:40:17.824 [main] INFO  [N/A] [N/A] i.m.blog.config.SecurityConfig - Configuring SecurityFilterChain with JWT filter: JwtAuthenticationFilter
2026-03-21 23:40:18.484 [main] INFO  [N/A] [N/A] o.s.b.w.e.tomcat.TomcatWebServer - Tomcat started on port 8090 (http) with context path '/'
2026-03-21 23:40:18.507 [main] INFO  [N/A] [N/A] i.m.blog.BlogServiceApplication - Started BlogServiceApplication in 15.125 seconds (process running for 15.624)
2026-03-21 23:40:18.559 [main] INFO  [N/A] [N/A] i.m.blog.BlogServiceApplication - 
----------------------------------------------------------
🚀 MapMyTour Application is running! Access URLs:
🏠 Local:      http://localhost:8090
🌐 External:   http://192.168.1.19:8090
📖 API Docs:   http://localhost:8090/swagger-ui.html
🏥 Health:     http://localhost:8090/actuator/health
📊 Metrics:    http://localhost:8090/actuator/info
🔧 Profile:    prod
----------------------------------------------------------
2026-03-21 23:40:37.623 [HikariPool-1 housekeeper] DEBUG [N/A] [N/A] com.zaxxer.hikari.pool.HikariPool - HikariPool-1 - Before cleanup stats (total=2, active=0, idle=2, waiting=0)
2026-03-21 23:40:37.623 [HikariPool-1 housekeeper] DEBUG [N/A] [N/A] com.zaxxer.hikari.pool.HikariPool - HikariPool-1 - After cleanup  stats (total=2, active=0, idle=2, waiting=0)
2026-03-21 23:40:37.624 [HikariPool-1 housekeeper] DEBUG [N/A] [N/A] com.zaxxer.hikari.pool.HikariPool - HikariPool-1 - Fill pool skipped, pool has sufficient level or currently being filled.
2026-03-21 23:41:07.625 [HikariPool-1 housekeeper] DEBUG [N/A] [N/A] com.zaxxer.hikari.pool.HikariPool - HikariPool-1 - Before cleanup stats (total=2, active=0, idle=2, waiting=0)
2026-03-21 23:41:07.626 [HikariPool-1 housekeeper] DEBUG [N/A] [N/A] com.zaxxer.hikari.pool.HikariPool - HikariPool-1 - After cleanup  stats (total=2, active=0, idle=2, waiting=0)
2026-03-21 23:41:07.626 [HikariPool-1 housekeeper] DEBUG [N/A] [N/A] com.zaxxer.hikari.pool.HikariPool - HikariPool-1 - Fill pool skipped, pool has sufficient level or currently being filled.
2026-03-21 23:41:37.632 [HikariPool-1 housekeeper] DEBUG [N/A] [N/A] com.zaxxer.hikari.pool.HikariPool - HikariPool-1 - Before cleanup stats (total=2, active=0, idle=2, waiting=0)
2026-03-21 23:41:37.632 [HikariPool-1 housekeeper] DEBUG [N/A] [N/A] com.zaxxer.hikari.pool.HikariPool - HikariPool-1 - After cleanup  stats (total=2, active=0, idle=2, waiting=0)
2026-03-21 23:41:37.633 [HikariPool-1 housekeeper] DEBUG [N/A] [N/A] com.zaxxer.hikari.pool.HikariPool - HikariPool-1 - Fill pool skipped, pool has sufficient level or currently being filled.
2026-03-21 23:42:07.638 [HikariPool-1 housekeeper] DEBUG [N/A] [N/A] com.zaxxer.hikari.pool.HikariPool - HikariPool-1 - Before cleanup stats (total=2, active=0, idle=2, waiting=0)
2026-03-21 23:42:07.639 [HikariPool-1 housekeeper] DEBUG [N/A] [N/A] com.zaxxer.hikari.pool.HikariPool - HikariPool-1 - After cleanup  stats (total=2, active=0, idle=2, waiting=0)
2026-03-21 23:42:07.639 [HikariPool-1 housekeeper] DEBUG [N/A] [N/A] com.zaxxer.hikari.pool.HikariPool - HikariPool-1 - Fill pool skipped, pool has sufficient level or currently being filled.
2026-03-21 23:42:37.644 [HikariPool-1 housekeeper] DEBUG [N/A] [N/A] com.zaxxer.hikari.pool.HikariPool - HikariPool-1 - Before cleanup stats (total=2, active=0, idle=2, waiting=0)
2026-03-21 23:42:37.645 [HikariPool-1 housekeeper] DEBUG [N/A] [N/A] com.zaxxer.hikari.pool.HikariPool - HikariPool-1 - After cleanup  stats (total=2, active=0, idle=2, waiting=0)
2026-03-21 23:42:37.645 [HikariPool-1 housekeeper] DEBUG [N/A] [N/A] com.zaxxer.hikari.pool.HikariPool - HikariPool-1 - Fill pool skipped, pool has sufficient level or currently being filled.
2026-03-21 23:43:07.647 [HikariPool-1 housekeeper] DEBUG [N/A] [N/A] com.zaxxer.hikari.pool.HikariPool - HikariPool-1 - Before cleanup stats (total=2, active=0, idle=2, waiting=0)
2026-03-21 23:43:07.648 [HikariPool-1 housekeeper] DEBUG [N/A] [N/A] com.zaxxer.hikari.pool.HikariPool - HikariPool-1 - After cleanup  stats (total=2, active=0, idle=2, waiting=0)
2026-03-21 23:43:07.649 [HikariPool-1 housekeeper] DEBUG [N/A] [N/A] com.zaxxer.hikari.pool.HikariPool - HikariPool-1 - Fill pool skipped, pool has sufficient level or currently being filled.
2026-03-21 23:43:37.654 [HikariPool-1 housekeeper] DEBUG [N/A] [N/A] com.zaxxer.hikari.pool.HikariPool - HikariPool-1 - Before cleanup stats (total=2, active=0, idle=2, waiting=0)
2026-03-21 23:43:37.654 [HikariPool-1 housekeeper] DEBUG [N/A] [N/A] com.zaxxer.hikari.pool.HikariPool - HikariPool-1 - After cleanup  stats (total=2, active=0, idle=2, waiting=0)
2026-03-21 23:43:37.654 [HikariPool-1 housekeeper] DEBUG [N/A] [N/A] com.zaxxer.hikari.pool.HikariPool - HikariPool-1 - Fill pool skipped, pool has sufficient level or currently being filled.
2026-03-21 23:44:07.659 [HikariPool-1 housekeeper] DEBUG [N/A] [N/A] com.zaxxer.hikari.pool.HikariPool - HikariPool-1 - Before cleanup stats (total=2, active=0, idle=2, waiting=0)
2026-03-21 23:44:07.660 [HikariPool-1 housekeeper] DEBUG [N/A] [N/A] com.zaxxer.hikari.pool.HikariPool - HikariPool-1 - After cleanup  stats (total=2, active=0, idle=2, waiting=0)
2026-03-21 23:44:07.660 [HikariPool-1 housekeeper] DEBUG [N/A] [N/A] com.zaxxer.hikari.pool.HikariPool - HikariPool-1 - Fill pool skipped, pool has sufficient level or currently being filled.
2026-03-21 23:44:37.662 [HikariPool-1 housekeeper] DEBUG [N/A] [N/A] com.zaxxer.hikari.pool.HikariPool - HikariPool-1 - Before cleanup stats (total=2, active=0, idle=2, waiting=0)
2026-03-21 23:44:37.664 [HikariPool-1 housekeeper] DEBUG [N/A] [N/A] com.zaxxer.hikari.pool.HikariPool - HikariPool-1 - After cleanup  stats (total=2, active=0, idle=2, waiting=0)
2026-03-21 23:44:37.664 [HikariPool-1 housekeeper] DEBUG [N/A] [N/A] com.zaxxer.hikari.pool.HikariPool - HikariPool-1 - Fill pool skipped, pool has sufficient level or currently being filled.
2026-03-21 23:45:07.669 [HikariPool-1 housekeeper] DEBUG [N/A] [N/A] com.zaxxer.hikari.pool.HikariPool - HikariPool-1 - Before cleanup stats (total=2, active=0, idle=2, waiting=0)
2026-03-21 23:45:07.670 [HikariPool-1 housekeeper] DEBUG [N/A] [N/A] com.zaxxer.hikari.pool.HikariPool - HikariPool-1 - After cleanup  stats (total=2, active=0, idle=2, waiting=0)
2026-03-21 23:45:07.671 [HikariPool-1 housekeeper] DEBUG [N/A] [N/A] com.zaxxer.hikari.pool.HikariPool - HikariPool-1 - Fill pool skipped, pool has sufficient level or currently being filled.
2026-03-21 23:45:37.675 [HikariPool-1 housekeeper] DEBUG [N/A] [N/A] com.zaxxer.hikari.pool.HikariPool - HikariPool-1 - Before cleanup stats (total=2, active=0, idle=2, waiting=0)
2026-03-21 23:45:37.676 [HikariPool-1 housekeeper] DEBUG [N/A] [N/A] com.zaxxer.hikari.pool.HikariPool - HikariPool-1 - After cleanup  stats (total=2, active=0, idle=2, waiting=0)
2026-03-21 23:45:37.677 [HikariPool-1 housekeeper] DEBUG [N/A] [N/A] com.zaxxer.hikari.pool.HikariPool - HikariPool-1 - Fill pool skipped, pool has sufficient level or currently being filled.
2026-03-21 23:46:07.679 [HikariPool-1 housekeeper] DEBUG [N/A] [N/A] com.zaxxer.hikari.pool.HikariPool - HikariPool-1 - Before cleanup stats (total=2, active=0, idle=2, waiting=0)
2026-03-21 23:46:07.679 [HikariPool-1 housekeeper] DEBUG [N/A] [N/A] com.zaxxer.hikari.pool.HikariPool - HikariPool-1 - After cleanup  stats (total=2, active=0, idle=2, waiting=0)
2026-03-21 23:46:07.679 [HikariPool-1 housekeeper] DEBUG [N/A] [N/A] com.zaxxer.hikari.pool.HikariPool - HikariPool-1 - Fill pool skipped, pool has sufficient level or currently being filled.
2026-03-21 23:46:37.682 [HikariPool-1 housekeeper] DEBUG [N/A] [N/A] com.zaxxer.hikari.pool.HikariPool - HikariPool-1 - Before cleanup stats (total=2, active=0, idle=2, waiting=0)
2026-03-21 23:46:37.683 [HikariPool-1 housekeeper] DEBUG [N/A] [N/A] com.zaxxer.hikari.pool.HikariPool - HikariPool-1 - After cleanup  stats (total=2, active=0, idle=2, waiting=0)
2026-03-21 23:46:37.683 [HikariPool-1 housekeeper] DEBUG [N/A] [N/A] com.zaxxer.hikari.pool.HikariPool - HikariPool-1 - Fill pool skipped, pool has sufficient level or currently being filled.
2026-03-21 23:47:07.684 [HikariPool-1 housekeeper] DEBUG [N/A] [N/A] com.zaxxer.hikari.pool.HikariPool - HikariPool-1 - Before cleanup stats (total=2, active=0, idle=2, waiting=0)
2026-03-21 23:47:07.685 [HikariPool-1 housekeeper] DEBUG [N/A] [N/A] com.zaxxer.hikari.pool.HikariPool - HikariPool-1 - After cleanup  stats (total=2, active=0, idle=2, waiting=0)
2026-03-21 23:47:07.685 [HikariPool-1 housekeeper] DEBUG [N/A] [N/A] com.zaxxer.hikari.pool.HikariPool - HikariPool-1 - Fill pool skipped, pool has sufficient level or currently being filled.
2026-03-21 23:47:37.689 [HikariPool-1 housekeeper] DEBUG [N/A] [N/A] com.zaxxer.hikari.pool.HikariPool - HikariPool-1 - Before cleanup stats (total=2, active=0, idle=2, waiting=0)
2026-03-21 23:47:37.690 [HikariPool-1 housekeeper] DEBUG [N/A] [N/A] com.zaxxer.hikari.pool.HikariPool - HikariPool-1 - After cleanup  stats (total=2, active=0, idle=2, waiting=0)
2026-03-21 23:47:37.692 [HikariPool-1 housekeeper] DEBUG [N/A] [N/A] com.zaxxer.hikari.pool.HikariPool - HikariPool-1 - Fill pool skipped, pool has sufficient level or currently being filled.
2026-03-21 23:48:07.695 [HikariPool-1 housekeeper] DEBUG [N/A] [N/A] com.zaxxer.hikari.pool.HikariPool - HikariPool-1 - Before cleanup stats (total=2, active=0, idle=2, waiting=0)
2026-03-21 23:48:07.696 [HikariPool-1 housekeeper] DEBUG [N/A] [N/A] com.zaxxer.hikari.pool.HikariPool - HikariPool-1 - After cleanup  stats (total=2, active=0, idle=2, waiting=0)
2026-03-21 23:48:07.696 [HikariPool-1 housekeeper] DEBUG [N/A] [N/A] com.zaxxer.hikari.pool.HikariPool - HikariPool-1 - Fill pool skipped, pool has sufficient level or currently being filled.
2026-03-21 23:48:37.699 [HikariPool-1 housekeeper] DEBUG [N/A] [N/A] com.zaxxer.hikari.pool.HikariPool - HikariPool-1 - Before cleanup stats (total=2, active=0, idle=2, waiting=0)
2026-03-21 23:48:37.701 [HikariPool-1 housekeeper] DEBUG [N/A] [N/A] com.zaxxer.hikari.pool.HikariPool - HikariPool-1 - After cleanup  stats (total=2, active=0, idle=2, waiting=0)
2026-03-21 23:48:37.702 [HikariPool-1 housekeeper] DEBUG [N/A] [N/A] com.zaxxer.hikari.pool.HikariPool - HikariPool-1 - Fill pool skipped, pool has sufficient level or currently being filled.
2026-03-21 23:49:07.705 [HikariPool-1 housekeeper] DEBUG [N/A] [N/A] com.zaxxer.hikari.pool.HikariPool - HikariPool-1 - Before cleanup stats (total=2, active=0, idle=2, waiting=0)
2026-03-21 23:49:07.706 [HikariPool-1 housekeeper] DEBUG [N/A] [N/A] com.zaxxer.hikari.pool.HikariPool - HikariPool-1 - After cleanup  stats (total=2, active=0, idle=2, waiting=0)
2026-03-21 23:49:07.706 [HikariPool-1 housekeeper] DEBUG [N/A] [N/A] com.zaxxer.hikari.pool.HikariPool - HikariPool-1 - Fill pool skipped, pool has sufficient level or currently being filled.
2026-03-21 23:49:37.708 [HikariPool-1 housekeeper] DEBUG [N/A] [N/A] com.zaxxer.hikari.pool.HikariPool - HikariPool-1 - Before cleanup stats (total=2, active=0, idle=2, waiting=0)
2026-03-21 23:49:37.709 [HikariPool-1 housekeeper] DEBUG [N/A] [N/A] com.zaxxer.hikari.pool.HikariPool - HikariPool-1 - After cleanup  stats (total=2, active=0, idle=2, waiting=0)
2026-03-21 23:49:37.709 [HikariPool-1 housekeeper] DEBUG [N/A] [N/A] com.zaxxer.hikari.pool.HikariPool - HikariPool-1 - Fill pool skipped, pool has sufficient level or currently being filled.
2026-03-21 23:50:07.714 [HikariPool-1 housekeeper] DEBUG [N/A] [N/A] com.zaxxer.hikari.pool.HikariPool - HikariPool-1 - Before cleanup stats (total=2, active=0, idle=2, waiting=0)
2026-03-21 23:50:07.715 [HikariPool-1 housekeeper] DEBUG [N/A] [N/A] com.zaxxer.hikari.pool.HikariPool - HikariPool-1 - After cleanup  stats (total=2, active=0, idle=2, waiting=0)
2026-03-21 23:50:07.716 [HikariPool-1 housekeeper] DEBUG [N/A] [N/A] com.zaxxer.hikari.pool.HikariPool - HikariPool-1 - Fill pool skipped, pool has sufficient level or currently being filled.
2026-03-21 23:50:37.717 [HikariPool-1 housekeeper] DEBUG [N/A] [N/A] com.zaxxer.hikari.pool.HikariPool - HikariPool-1 - Before cleanup stats (total=2, active=0, idle=2, waiting=0)
2026-03-21 23:50:37.724 [HikariPool-1 housekeeper] DEBUG [N/A] [N/A] com.zaxxer.hikari.pool.HikariPool - HikariPool-1 - After cleanup  stats (total=0, active=0, idle=0, waiting=0)
2026-03-21 23:50:37.724 [HikariPool-1 housekeeper] DEBUG [N/A] [N/A] com.zaxxer.hikari.pool.HikariPool - HikariPool-1 - Fill pool skipped, pool has sufficient level or currently being filled.
2026-03-21 23:50:37.724 [HikariPool-1 connection closer] DEBUG [N/A] [N/A] com.zaxxer.hikari.pool.PoolBase - HikariPool-1 - Closing connection org.postgresql.jdbc.PgConnection@1037800e: (connection has passed idleTimeout)
2026-03-21 23:50:37.727 [HikariPool-1 connection closer] DEBUG [N/A] [N/A] com.zaxxer.hikari.pool.PoolBase - HikariPool-1 - Closing connection org.postgresql.jdbc.PgConnection@5fcd7fbc: (connection has passed idleTimeout)
2026-03-21 23:51:07.725 [HikariPool-1 housekeeper] DEBUG [N/A] [N/A] com.zaxxer.hikari.pool.HikariPool - HikariPool-1 - Before cleanup stats (total=0, active=0, idle=0, waiting=0)
2026-03-21 23:51:07.725 [HikariPool-1 housekeeper] DEBUG [N/A] [N/A] com.zaxxer.hikari.pool.HikariPool - HikariPool-1 - After cleanup  stats (total=0, active=0, idle=0, waiting=0)
2026-03-21 23:51:07.725 [HikariPool-1 housekeeper] DEBUG [N/A] [N/A] com.zaxxer.hikari.pool.HikariPool - HikariPool-1 - Fill pool skipped, pool has sufficient level or currently being filled.
2026-03-21 23:51:37.726 [HikariPool-1 housekeeper] DEBUG [N/A] [N/A] com.zaxxer.hikari.pool.HikariPool - HikariPool-1 - Before cleanup stats (total=0, active=0, idle=0, waiting=0)
2026-03-21 23:51:37.727 [HikariPool-1 housekeeper] DEBUG [N/A] [N/A] com.zaxxer.hikari.pool.HikariPool - HikariPool-1 - After cleanup  stats (total=0, active=0, idle=0, waiting=0)
2026-03-21 23:51:37.727 [HikariPool-1 housekeeper] DEBUG [N/A] [N/A] com.zaxxer.hikari.pool.HikariPool - HikariPool-1 - Fill pool skipped, pool has sufficient level or currently being filled.
2026-03-21 23:52:07.729 [HikariPool-1 housekeeper] DEBUG [N/A] [N/A] com.zaxxer.hikari.pool.HikariPool - HikariPool-1 - Before cleanup stats (total=0, active=0, idle=0, waiting=0)
2026-03-21 23:52:07.730 [HikariPool-1 housekeeper] DEBUG [N/A] [N/A] com.zaxxer.hikari.pool.HikariPool - HikariPool-1 - After cleanup  stats (total=0, active=0, idle=0, waiting=0)
2026-03-21 23:52:07.730 [HikariPool-1 housekeeper] DEBUG [N/A] [N/A] com.zaxxer.hikari.pool.HikariPool - HikariPool-1 - Fill pool skipped, pool has sufficient level or currently being filled.
2026-03-21 23:52:37.731 [HikariPool-1 housekeeper] DEBUG [N/A] [N/A] com.zaxxer.hikari.pool.HikariPool - HikariPool-1 - Before cleanup stats (total=0, active=0, idle=0, waiting=0)
2026-03-21 23:52:37.732 [HikariPool-1 housekeeper] DEBUG [N/A] [N/A] com.zaxxer.hikari.pool.HikariPool - HikariPool-1 - After cleanup  stats (total=0, active=0, idle=0, waiting=0)
2026-03-21 23:52:37.733 [HikariPool-1 housekeeper] DEBUG [N/A] [N/A] com.zaxxer.hikari.pool.HikariPool - HikariPool-1 - Fill pool skipped, pool has sufficient level or currently being filled.
2026-03-21 23:53:07.737 [HikariPool-1 housekeeper] DEBUG [N/A] [N/A] com.zaxxer.hikari.pool.HikariPool - HikariPool-1 - Before cleanup stats (total=0, active=0, idle=0, waiting=0)
2026-03-21 23:53:07.737 [HikariPool-1 housekeeper] DEBUG [N/A] [N/A] com.zaxxer.hikari.pool.HikariPool - HikariPool-1 - After cleanup  stats (total=0, active=0, idle=0, waiting=0)
2026-03-21 23:53:07.737 [HikariPool-1 housekeeper] DEBUG [N/A] [N/A] com.zaxxer.hikari.pool.HikariPool - HikariPool-1 - Fill pool skipped, pool has sufficient level or currently being filled.
2026-03-21 23:53:37.742 [HikariPool-1 housekeeper] DEBUG [N/A] [N/A] com.zaxxer.hikari.pool.HikariPool - HikariPool-1 - Before cleanup stats (total=0, active=0, idle=0, waiting=0)
2026-03-21 23:53:37.744 [HikariPool-1 housekeeper] DEBUG [N/A] [N/A] com.zaxxer.hikari.pool.HikariPool - HikariPool-1 - After cleanup  stats (total=0, active=0, idle=0, waiting=0)
2026-03-21 23:53:37.744 [HikariPool-1 housekeeper] DEBUG [N/A] [N/A] com.zaxxer.hikari.pool.HikariPool - HikariPool-1 - Fill pool skipped, pool has sufficient level or currently being filled.
2026-03-21 23:54:07.746 [HikariPool-1 housekeeper] DEBUG [N/A] [N/A] com.zaxxer.hikari.pool.HikariPool - HikariPool-1 - Before cleanup stats (total=0, active=0, idle=0, waiting=0)
2026-03-21 23:54:07.746 [HikariPool-1 housekeeper] DEBUG [N/A] [N/A] com.zaxxer.hikari.pool.HikariPool - HikariPool-1 - After cleanup  stats (total=0, active=0, idle=0, waiting=0)
2026-03-21 23:54:07.747 [HikariPool-1 housekeeper] DEBUG [N/A] [N/A] com.zaxxer.hikari.pool.HikariPool - HikariPool-1 - Fill pool skipped, pool has sufficient level or currently being filled.
2026-03-21 23:54:37.750 [HikariPool-1 housekeeper] DEBUG [N/A] [N/A] com.zaxxer.hikari.pool.HikariPool - HikariPool-1 - Before cleanup stats (total=0, active=0, idle=0, waiting=0)
2026-03-21 23:54:37.752 [HikariPool-1 housekeeper] DEBUG [N/A] [N/A] com.zaxxer.hikari.pool.HikariPool - HikariPool-1 - After cleanup  stats (total=0, active=0, idle=0, waiting=0)
2026-03-21 23:54:37.753 [HikariPool-1 housekeeper] DEBUG [N/A] [N/A] com.zaxxer.hikari.pool.HikariPool - HikariPool-1 - Fill pool skipped, pool has sufficient level or currently being filled.
2026-03-21 23:55:07.756 [HikariPool-1 housekeeper] DEBUG [N/A] [N/A] com.zaxxer.hikari.pool.HikariPool - HikariPool-1 - Before cleanup stats (total=0, active=0, idle=0, waiting=0)
2026-03-21 23:55:07.756 [HikariPool-1 housekeeper] DEBUG [N/A] [N/A] com.zaxxer.hikari.pool.HikariPool - HikariPool-1 - After cleanup  stats (total=0, active=0, idle=0, waiting=0)
2026-03-21 23:55:07.756 [HikariPool-1 housekeeper] DEBUG [N/A] [N/A] com.zaxxer.hikari.pool.HikariPool - HikariPool-1 - Fill pool skipped, pool has sufficient level or currently being filled.
2026-03-21 23:55:37.762 [HikariPool-1 housekeeper] DEBUG [N/A] [N/A] com.zaxxer.hikari.pool.HikariPool - HikariPool-1 - Before cleanup stats (total=0, active=0, idle=0, waiting=0)
2026-03-21 23:55:37.763 [HikariPool-1 housekeeper] DEBUG [N/A] [N/A] com.zaxxer.hikari.pool.HikariPool - HikariPool-1 - After cleanup  stats (total=0, active=0, idle=0, waiting=0)
2026-03-21 23:55:37.763 [HikariPool-1 housekeeper] DEBUG [N/A] [N/A] com.zaxxer.hikari.pool.HikariPool - HikariPool-1 - Fill pool skipped, pool has sufficient level or currently being filled.
2026-03-21 23:56:07.765 [HikariPool-1 housekeeper] DEBUG [N/A] [N/A] com.zaxxer.hikari.pool.HikariPool - HikariPool-1 - Before cleanup stats (total=0, active=0, idle=0, waiting=0)
2026-03-21 23:56:07.765 [HikariPool-1 housekeeper] DEBUG [N/A] [N/A] com.zaxxer.hikari.pool.HikariPool - HikariPool-1 - After cleanup  stats (total=0, active=0, idle=0, waiting=0)
2026-03-21 23:56:07.765 [HikariPool-1 housekeeper] DEBUG [N/A] [N/A] com.zaxxer.hikari.pool.HikariPool - HikariPool-1 - Fill pool skipped, pool has sufficient level or currently being filled.
2026-03-21 23:56:37.767 [HikariPool-1 housekeeper] DEBUG [N/A] [N/A] com.zaxxer.hikari.pool.HikariPool - HikariPool-1 - Before cleanup stats (total=0, active=0, idle=0, waiting=0)
2026-03-21 23:56:37.768 [HikariPool-1 housekeeper] DEBUG [N/A] [N/A] com.zaxxer.hikari.pool.HikariPool - HikariPool-1 - After cleanup  stats (total=0, active=0, idle=0, waiting=0)
2026-03-21 23:56:37.768 [HikariPool-1 housekeeper] DEBUG [N/A] [N/A] com.zaxxer.hikari.pool.HikariPool - HikariPool-1 - Fill pool skipped, pool has sufficient level or currently being filled.
2026-03-21 23:57:07.771 [HikariPool-1 housekeeper] DEBUG [N/A] [N/A] com.zaxxer.hikari.pool.HikariPool - HikariPool-1 - Before cleanup stats (total=0, active=0, idle=0, waiting=0)
2026-03-21 23:57:07.772 [HikariPool-1 housekeeper] DEBUG [N/A] [N/A] com.zaxxer.hikari.pool.HikariPool - HikariPool-1 - After cleanup  stats (total=0, active=0, idle=0, waiting=0)
2026-03-21 23:57:07.772 [HikariPool-1 housekeeper] DEBUG [N/A] [N/A] com.zaxxer.hikari.pool.HikariPool - HikariPool-1 - Fill pool skipped, pool has sufficient level or currently being filled.
2026-03-21 23:57:37.777 [HikariPool-1 housekeeper] DEBUG [N/A] [N/A] com.zaxxer.hikari.pool.HikariPool - HikariPool-1 - Before cleanup stats (total=0, active=0, idle=0, waiting=0)
2026-03-21 23:57:37.778 [HikariPool-1 housekeeper] DEBUG [N/A] [N/A] com.zaxxer.hikari.pool.HikariPool - HikariPool-1 - After cleanup  stats (total=0, active=0, idle=0, waiting=0)
2026-03-21 23:57:37.779 [HikariPool-1 housekeeper] DEBUG [N/A] [N/A] com.zaxxer.hikari.pool.HikariPool - HikariPool-1 - Fill pool skipped, pool has sufficient level or currently being filled.
2026-03-21 23:58:07.780 [HikariPool-1 housekeeper] DEBUG [N/A] [N/A] com.zaxxer.hikari.pool.HikariPool - HikariPool-1 - Before cleanup stats (total=0, active=0, idle=0, waiting=0)
2026-03-21 23:58:07.781 [HikariPool-1 housekeeper] DEBUG [N/A] [N/A] com.zaxxer.hikari.pool.HikariPool - HikariPool-1 - After cleanup  stats (total=0, active=0, idle=0, waiting=0)
2026-03-21 23:58:07.782 [HikariPool-1 housekeeper] DEBUG [N/A] [N/A] com.zaxxer.hikari.pool.HikariPool - HikariPool-1 - Fill pool skipped, pool has sufficient level or currently being filled.
2026-03-21 23:58:37.784 [HikariPool-1 housekeeper] DEBUG [N/A] [N/A] com.zaxxer.hikari.pool.HikariPool - HikariPool-1 - Before cleanup stats (total=0, active=0, idle=0, waiting=0)
2026-03-21 23:58:37.784 [HikariPool-1 housekeeper] DEBUG [N/A] [N/A] com.zaxxer.hikari.pool.HikariPool - HikariPool-1 - After cleanup  stats (total=0, active=0, idle=0, waiting=0)
2026-03-21 23:58:37.784 [HikariPool-1 housekeeper] DEBUG [N/A] [N/A] com.zaxxer.hikari.pool.HikariPool - HikariPool-1 - Fill pool skipped, pool has sufficient level or currently being filled.
2026-03-21 23:59:07.789 [HikariPool-1 housekeeper] DEBUG [N/A] [N/A] com.zaxxer.hikari.pool.HikariPool - HikariPool-1 - Before cleanup stats (total=0, active=0, idle=0, waiting=0)
2026-03-21 23:59:07.790 [HikariPool-1 housekeeper] DEBUG [N/A] [N/A] com.zaxxer.hikari.pool.HikariPool - HikariPool-1 - After cleanup  stats (total=0, active=0, idle=0, waiting=0)
2026-03-21 23:59:07.790 [HikariPool-1 housekeeper] DEBUG [N/A] [N/A] com.zaxxer.hikari.pool.HikariPool - HikariPool-1 - Fill pool skipped, pool has sufficient level or currently being filled.
2026-03-21 23:59:37.790 [HikariPool-1 housekeeper] DEBUG [N/A] [N/A] com.zaxxer.hikari.pool.HikariPool - HikariPool-1 - Before cleanup stats (total=0, active=0, idle=0, waiting=0)
2026-03-21 23:59:37.791 [HikariPool-1 housekeeper] DEBUG [N/A] [N/A] com.zaxxer.hikari.pool.HikariPool - HikariPool-1 - After cleanup  stats (total=0, active=0, idle=0, waiting=0)
2026-03-21 23:59:37.791 [HikariPool-1 housekeeper] DEBUG [N/A] [N/A] com.zaxxer.hikari.pool.HikariPool - HikariPool-1 - Fill pool skipped, pool has sufficient level or currently being filled.
2026-03-22 00:00:07.796 [HikariPool-1 housekeeper] DEBUG [N/A] [N/A] com.zaxxer.hikari.pool.HikariPool - HikariPool-1 - Before cleanup stats (total=0, active=0, idle=0, waiting=0)
2026-03-22 00:00:08.099 [HikariPool-1 housekeeper] DEBUG [N/A] [N/A] com.zaxxer.hikari.pool.HikariPool - HikariPool-1 - After cleanup  stats (total=0, active=0, idle=0, waiting=0)
2026-03-22 00:00:08.100 [HikariPool-1 housekeeper] DEBUG [N/A] [N/A] com.zaxxer.hikari.pool.HikariPool - HikariPool-1 - Fill pool skipped, pool has sufficient level or currently being filled.
2026-03-22 00:00:38.102 [HikariPool-1 housekeeper] DEBUG [N/A] [N/A] com.zaxxer.hikari.pool.HikariPool - HikariPool-1 - Before cleanup stats (total=0, active=0, idle=0, waiting=0)
2026-03-22 00:00:38.104 [HikariPool-1 housekeeper] DEBUG [N/A] [N/A] com.zaxxer.hikari.pool.HikariPool - HikariPool-1 - After cleanup  stats (total=0, active=0, idle=0, waiting=0)
2026-03-22 00:00:38.105 [HikariPool-1 housekeeper] DEBUG [N/A] [N/A] com.zaxxer.hikari.pool.HikariPool - HikariPool-1 - Fill pool skipped, pool has sufficient level or currently being filled.
2026-03-22 00:01:08.110 [HikariPool-1 housekeeper] DEBUG [N/A] [N/A] com.zaxxer.hikari.pool.HikariPool - HikariPool-1 - Before cleanup stats (total=0, active=0, idle=0, waiting=0)
2026-03-22 00:01:08.111 [HikariPool-1 housekeeper] DEBUG [N/A] [N/A] com.zaxxer.hikari.pool.HikariPool - HikariPool-1 - After cleanup  stats (total=0, active=0, idle=0, waiting=0)
2026-03-22 00:01:08.111 [HikariPool-1 housekeeper] DEBUG [N/A] [N/A] com.zaxxer.hikari.pool.HikariPool - HikariPool-1 - Fill pool skipped, pool has sufficient level or currently being filled.
2026-03-22 00:01:38.112 [HikariPool-1 housekeeper] DEBUG [N/A] [N/A] com.zaxxer.hikari.pool.HikariPool - HikariPool-1 - Before cleanup stats (total=0, active=0, idle=0, waiting=0)
2026-03-22 00:01:38.113 [HikariPool-1 housekeeper] DEBUG [N/A] [N/A] com.zaxxer.hikari.pool.HikariPool - HikariPool-1 - After cleanup  stats (total=0, active=0, idle=0, waiting=0)
2026-03-22 00:01:38.113 [HikariPool-1 housekeeper] DEBUG [N/A] [N/A] com.zaxxer.hikari.pool.HikariPool - HikariPool-1 - Fill pool skipped, pool has sufficient level or currently being filled.
2026-03-22 00:02:08.114 [HikariPool-1 housekeeper] DEBUG [N/A] [N/A] com.zaxxer.hikari.pool.HikariPool - HikariPool-1 - Before cleanup stats (total=0, active=0, idle=0, waiting=0)
2026-03-22 00:02:08.114 [HikariPool-1 housekeeper] DEBUG [N/A] [N/A] com.zaxxer.hikari.pool.HikariPool - HikariPool-1 - After cleanup  stats (total=0, active=0, idle=0, waiting=0)
2026-03-22 00:02:08.114 [HikariPool-1 housekeeper] DEBUG [N/A] [N/A] com.zaxxer.hikari.pool.HikariPool - HikariPool-1 - Fill pool skipped, pool has sufficient level or currently being filled.
2026-03-22 00:02:38.119 [HikariPool-1 housekeeper] DEBUG [N/A] [N/A] com.zaxxer.hikari.pool.HikariPool - HikariPool-1 - Before cleanup stats (total=0, active=0, idle=0, waiting=0)
2026-03-22 00:02:38.120 [HikariPool-1 housekeeper] DEBUG [N/A] [N/A] com.zaxxer.hikari.pool.HikariPool - HikariPool-1 - After cleanup  stats (total=0, active=0, idle=0, waiting=0)
2026-03-22 00:02:38.120 [HikariPool-1 housekeeper] DEBUG [N/A] [N/A] com.zaxxer.hikari.pool.HikariPool - HikariPool-1 - Fill pool skipped, pool has sufficient level or currently being filled.
2026-03-22 00:03:08.124 [HikariPool-1 housekeeper] DEBUG [N/A] [N/A] com.zaxxer.hikari.pool.HikariPool - HikariPool-1 - Before cleanup stats (total=0, active=0, idle=0, waiting=0)
2026-03-22 00:03:08.125 [HikariPool-1 housekeeper] DEBUG [N/A] [N/A] com.zaxxer.hikari.pool.HikariPool - HikariPool-1 - After cleanup  stats (total=0, active=0, idle=0, waiting=0)
2026-03-22 00:03:08.125 [HikariPool-1 housekeeper] DEBUG [N/A] [N/A] com.zaxxer.hikari.pool.HikariPool - HikariPool-1 - Fill pool skipped, pool has sufficient level or currently being filled.
2026-03-22 00:03:38.129 [HikariPool-1 housekeeper] DEBUG [N/A] [N/A] com.zaxxer.hikari.pool.HikariPool - HikariPool-1 - Before cleanup stats (total=0, active=0, idle=0, waiting=0)
2026-03-22 00:03:38.131 [HikariPool-1 housekeeper] DEBUG [N/A] [N/A] com.zaxxer.hikari.pool.HikariPool - HikariPool-1 - After cleanup  stats (total=0, active=0, idle=0, waiting=0)
2026-03-22 00:03:38.131 [HikariPool-1 housekeeper] DEBUG [N/A] [N/A] com.zaxxer.hikari.pool.HikariPool - HikariPool-1 - Fill pool skipped, pool has sufficient level or currently being filled.
2026-03-22 00:04:08.133 [HikariPool-1 housekeeper] DEBUG [N/A] [N/A] com.zaxxer.hikari.pool.HikariPool - HikariPool-1 - Before cleanup stats (total=0, active=0, idle=0, waiting=0)
2026-03-22 00:04:08.136 [HikariPool-1 housekeeper] DEBUG [N/A] [N/A] com.zaxxer.hikari.pool.HikariPool - HikariPool-1 - After cleanup  stats (total=0, active=0, idle=0, waiting=0)
2026-03-22 00:04:08.136 [HikariPool-1 housekeeper] DEBUG [N/A] [N/A] com.zaxxer.hikari.pool.HikariPool - HikariPool-1 - Fill pool skipped, pool has sufficient level or currently being filled.
2026-03-22 00:04:38.136 [HikariPool-1 housekeeper] DEBUG [N/A] [N/A] com.zaxxer.hikari.pool.HikariPool - HikariPool-1 - Before cleanup stats (total=0, active=0, idle=0, waiting=0)
2026-03-22 00:04:38.137 [HikariPool-1 housekeeper] DEBUG [N/A] [N/A] com.zaxxer.hikari.pool.HikariPool - HikariPool-1 - After cleanup  stats (total=0, active=0, idle=0, waiting=0)
2026-03-22 00:04:38.137 [HikariPool-1 housekeeper] DEBUG [N/A] [N/A] com.zaxxer.hikari.pool.HikariPool - HikariPool-1 - Fill pool skipped, pool has sufficient level or currently being filled.
2026-03-22 00:05:08.139 [HikariPool-1 housekeeper] DEBUG [N/A] [N/A] com.zaxxer.hikari.pool.HikariPool - HikariPool-1 - Before cleanup stats (total=0, active=0, idle=0, waiting=0)
2026-03-22 00:05:08.141 [HikariPool-1 housekeeper] DEBUG [N/A] [N/A] com.zaxxer.hikari.pool.HikariPool - HikariPool-1 - After cleanup  stats (total=0, active=0, idle=0, waiting=0)
2026-03-22 00:05:08.141 [HikariPool-1 housekeeper] DEBUG [N/A] [N/A] com.zaxxer.hikari.pool.HikariPool - HikariPool-1 - Fill pool skipped, pool has sufficient level or currently being filled.
2026-03-22 00:05:38.141 [HikariPool-1 housekeeper] DEBUG [N/A] [N/A] com.zaxxer.hikari.pool.HikariPool - HikariPool-1 - Before cleanup stats (total=0, active=0, idle=0, waiting=0)
2026-03-22 00:05:38.142 [HikariPool-1 housekeeper] DEBUG [N/A] [N/A] com.zaxxer.hikari.pool.HikariPool - HikariPool-1 - After cleanup  stats (total=0, active=0, idle=0, waiting=0)
2026-03-22 00:05:38.142 [HikariPool-1 housekeeper] DEBUG [N/A] [N/A] com.zaxxer.hikari.pool.HikariPool - HikariPool-1 - Fill pool skipped, pool has sufficient level or currently being filled.
2026-03-22 00:32:40.117 [HikariPool-1 housekeeper] WARN  [N/A] [N/A] com.zaxxer.hikari.pool.HikariPool - HikariPool-1 - Thread starvation or clock leap detected (housekeeper delta=27m1s892ms).
2026-03-22 00:32:40.126 [HikariPool-1 housekeeper] DEBUG [N/A] [N/A] com.zaxxer.hikari.pool.HikariPool - HikariPool-1 - Before cleanup stats (total=0, active=0, idle=0, waiting=0)
2026-03-22 00:32:40.127 [HikariPool-1 housekeeper] DEBUG [N/A] [N/A] com.zaxxer.hikari.pool.HikariPool - HikariPool-1 - After cleanup  stats (total=0, active=0, idle=0, waiting=0)
2026-03-22 00:32:40.127 [HikariPool-1 housekeeper] DEBUG [N/A] [N/A] com.zaxxer.hikari.pool.HikariPool - HikariPool-1 - Fill pool skipped, pool has sufficient level or currently being filled.
2026-03-22 05:06:05.124 [HikariPool-1 housekeeper] WARN  [N/A] [N/A] com.zaxxer.hikari.pool.HikariPool - HikariPool-1 - Thread starvation or clock leap detected (housekeeper delta=4h33m24s890ms).
2026-03-22 05:06:05.149 [HikariPool-1 housekeeper] DEBUG [N/A] [N/A] com.zaxxer.hikari.pool.HikariPool - HikariPool-1 - Before cleanup stats (total=0, active=0, idle=0, waiting=0)
2026-03-22 05:06:05.157 [HikariPool-1 housekeeper] DEBUG [N/A] [N/A] com.zaxxer.hikari.pool.HikariPool - HikariPool-1 - After cleanup  stats (total=0, active=0, idle=0, waiting=0)
2026-03-22 05:06:05.158 [HikariPool-1 housekeeper] DEBUG [N/A] [N/A] com.zaxxer.hikari.pool.HikariPool - HikariPool-1 - Fill pool skipped, pool has sufficient level or currently being filled.
2026-03-22 05:06:35.125 [HikariPool-1 housekeeper] DEBUG [N/A] [N/A] com.zaxxer.hikari.pool.HikariPool - HikariPool-1 - Before cleanup stats (total=0, active=0, idle=0, waiting=0)
2026-03-22 05:06:35.126 [HikariPool-1 housekeeper] DEBUG [N/A] [N/A] com.zaxxer.hikari.pool.HikariPool - HikariPool-1 - After cleanup  stats (total=0, active=0, idle=0, waiting=0)
2026-03-22 05:06:35.127 [HikariPool-1 housekeeper] DEBUG [N/A] [N/A] com.zaxxer.hikari.pool.HikariPool - HikariPool-1 - Fill pool skipped, pool has sufficient level or currently being filled.
2026-03-22 05:20:20.405 [HikariPool-1 housekeeper] WARN  [N/A] [N/A] com.zaxxer.hikari.pool.HikariPool - HikariPool-1 - Thread starvation or clock leap detected (housekeeper delta=13m45s279ms).
2026-03-22 05:20:20.410 [HikariPool-1 housekeeper] DEBUG [N/A] [N/A] com.zaxxer.hikari.pool.HikariPool - HikariPool-1 - Before cleanup stats (total=0, active=0, idle=0, waiting=0)
2026-03-22 05:20:20.412 [HikariPool-1 housekeeper] DEBUG [N/A] [N/A] com.zaxxer.hikari.pool.HikariPool - HikariPool-1 - After cleanup  stats (total=0, active=0, idle=0, waiting=0)
2026-03-22 05:20:20.412 [HikariPool-1 housekeeper] DEBUG [N/A] [N/A] com.zaxxer.hikari.pool.HikariPool - HikariPool-1 - Fill pool skipped, pool has sufficient level or currently being filled.
2026-03-22 05:24:29.592 [HikariPool-1 housekeeper] WARN  [N/A] [N/A] com.zaxxer.hikari.pool.HikariPool - HikariPool-1 - Thread starvation or clock leap detected (housekeeper delta=4m9s185ms).
2026-03-22 05:24:29.599 [HikariPool-1 housekeeper] DEBUG [N/A] [N/A] com.zaxxer.hikari.pool.HikariPool - HikariPool-1 - Before cleanup stats (total=0, active=0, idle=0, waiting=0)
2026-03-22 05:24:29.602 [HikariPool-1 housekeeper] DEBUG [N/A] [N/A] com.zaxxer.hikari.pool.HikariPool - HikariPool-1 - After cleanup  stats (total=0, active=0, idle=0, waiting=0)
2026-03-22 05:24:29.602 [HikariPool-1 housekeeper] DEBUG [N/A] [N/A] com.zaxxer.hikari.pool.HikariPool - HikariPool-1 - Fill pool skipped, pool has sufficient level or currently being filled.
2026-03-22 08:20:08.876 [HikariPool-1 housekeeper] WARN  [N/A] [N/A] com.zaxxer.hikari.pool.HikariPool - HikariPool-1 - Thread starvation or clock leap detected (housekeeper delta=2h55m39s282ms).
2026-03-22 08:20:08.894 [HikariPool-1 housekeeper] DEBUG [N/A] [N/A] com.zaxxer.hikari.pool.HikariPool - HikariPool-1 - Before cleanup stats (total=0, active=0, idle=0, waiting=0)
2026-03-22 08:20:08.912 [HikariPool-1 housekeeper] DEBUG [N/A] [N/A] com.zaxxer.hikari.pool.HikariPool - HikariPool-1 - After cleanup  stats (total=0, active=0, idle=0, waiting=0)
2026-03-22 08:20:08.913 [HikariPool-1 housekeeper] DEBUG [N/A] [N/A] com.zaxxer.hikari.pool.HikariPool - HikariPool-1 - Fill pool skipped, pool has sufficient level or currently being filled.
2026-03-22 08:20:38.931 [HikariPool-1 housekeeper] DEBUG [N/A] [N/A] com.zaxxer.hikari.pool.HikariPool - HikariPool-1 - Before cleanup stats (total=0, active=0, idle=0, waiting=0)
2026-03-22 08:20:38.936 [HikariPool-1 housekeeper] DEBUG [N/A] [N/A] com.zaxxer.hikari.pool.HikariPool - HikariPool-1 - After cleanup  stats (total=0, active=0, idle=0, waiting=0)
2026-03-22 08:20:38.936 [HikariPool-1 housekeeper] DEBUG [N/A] [N/A] com.zaxxer.hikari.pool.HikariPool - HikariPool-1 - Fill pool skipped, pool has sufficient level or currently being filled.
2026-03-22 08:21:08.936 [HikariPool-1 housekeeper] DEBUG [N/A] [N/A] com.zaxxer.hikari.pool.HikariPool - HikariPool-1 - Before cleanup stats (total=0, active=0, idle=0, waiting=0)
2026-03-22 08:21:08.936 [HikariPool-1 housekeeper] DEBUG [N/A] [N/A] com.zaxxer.hikari.pool.HikariPool - HikariPool-1 - After cleanup  stats (total=0, active=0, idle=0, waiting=0)
2026-03-22 08:21:08.937 [HikariPool-1 housekeeper] DEBUG [N/A] [N/A] com.zaxxer.hikari.pool.HikariPool - HikariPool-1 - Fill pool skipped, pool has sufficient level or currently being filled.
2026-03-22 08:21:38.939 [HikariPool-1 housekeeper] DEBUG [N/A] [N/A] com.zaxxer.hikari.pool.HikariPool - HikariPool-1 - Before cleanup stats (total=0, active=0, idle=0, waiting=0)
2026-03-22 08:21:38.940 [HikariPool-1 housekeeper] DEBUG [N/A] [N/A] com.zaxxer.hikari.pool.HikariPool - HikariPool-1 - After cleanup  stats (total=0, active=0, idle=0, waiting=0)
2026-03-22 08:21:38.941 [HikariPool-1 housekeeper] DEBUG [N/A] [N/A] com.zaxxer.hikari.pool.HikariPool - HikariPool-1 - Fill pool skipped, pool has sufficient level or currently being filled.
2026-03-22 08:22:08.941 [HikariPool-1 housekeeper] DEBUG [N/A] [N/A] com.zaxxer.hikari.pool.HikariPool - HikariPool-1 - Before cleanup stats (total=0, active=0, idle=0, waiting=0)
2026-03-22 08:22:08.941 [HikariPool-1 housekeeper] DEBUG [N/A] [N/A] com.zaxxer.hikari.pool.HikariPool - HikariPool-1 - After cleanup  stats (total=0, active=0, idle=0, waiting=0)
2026-03-22 08:22:08.941 [HikariPool-1 housekeeper] DEBUG [N/A] [N/A] com.zaxxer.hikari.pool.HikariPool - HikariPool-1 - Fill pool skipped, pool has sufficient level or currently being filled.
2026-03-22 08:22:38.941 [HikariPool-1 housekeeper] DEBUG [N/A] [N/A] com.zaxxer.hikari.pool.HikariPool - HikariPool-1 - Before cleanup stats (total=0, active=0, idle=0, waiting=0)
2026-03-22 08:22:38.941 [HikariPool-1 housekeeper] DEBUG [N/A] [N/A] com.zaxxer.hikari.pool.HikariPool - HikariPool-1 - After cleanup  stats (total=0, active=0, idle=0, waiting=0)
2026-03-22 08:22:38.942 [HikariPool-1 housekeeper] DEBUG [N/A] [N/A] com.zaxxer.hikari.pool.HikariPool - HikariPool-1 - Fill pool skipped, pool has sufficient level or currently being filled.
2026-03-22 08:23:08.946 [HikariPool-1 housekeeper] DEBUG [N/A] [N/A] com.zaxxer.hikari.pool.HikariPool - HikariPool-1 - Before cleanup stats (total=0, active=0, idle=0, waiting=0)
2026-03-22 08:23:08.947 [HikariPool-1 housekeeper] DEBUG [N/A] [N/A] com.zaxxer.hikari.pool.HikariPool - HikariPool-1 - After cleanup  stats (total=0, active=0, idle=0, waiting=0)
2026-03-22 08:23:08.947 [HikariPool-1 housekeeper] DEBUG [N/A] [N/A] com.zaxxer.hikari.pool.HikariPool - HikariPool-1 - Fill pool skipped, pool has sufficient level or currently being filled.
2026-03-22 08:23:38.973 [HikariPool-1 housekeeper] DEBUG [N/A] [N/A] com.zaxxer.hikari.pool.HikariPool - HikariPool-1 - Before cleanup stats (total=0, active=0, idle=0, waiting=0)
2026-03-22 08:23:38.977 [HikariPool-1 housekeeper] DEBUG [N/A] [N/A] com.zaxxer.hikari.pool.HikariPool - HikariPool-1 - After cleanup  stats (total=0, active=0, idle=0, waiting=0)
2026-03-22 08:23:38.977 [HikariPool-1 housekeeper] DEBUG [N/A] [N/A] com.zaxxer.hikari.pool.HikariPool - HikariPool-1 - Fill pool skipped, pool has sufficient level or currently being filled.
2026-03-22 08:24:08.978 [HikariPool-1 housekeeper] DEBUG [N/A] [N/A] com.zaxxer.hikari.pool.HikariPool - HikariPool-1 - Before cleanup stats (total=0, active=0, idle=0, waiting=0)
2026-03-22 08:24:08.979 [HikariPool-1 housekeeper] DEBUG [N/A] [N/A] com.zaxxer.hikari.pool.HikariPool - HikariPool-1 - After cleanup  stats (total=0, active=0, idle=0, waiting=0)
2026-03-22 08:24:08.979 [HikariPool-1 housekeeper] DEBUG [N/A] [N/A] com.zaxxer.hikari.pool.HikariPool - HikariPool-1 - Fill pool skipped, pool has sufficient level or currently being filled.
2026-03-22 08:24:38.984 [HikariPool-1 housekeeper] DEBUG [N/A] [N/A] com.zaxxer.hikari.pool.HikariPool - HikariPool-1 - Before cleanup stats (total=0, active=0, idle=0, waiting=0)
2026-03-22 08:24:38.984 [HikariPool-1 housekeeper] DEBUG [N/A] [N/A] com.zaxxer.hikari.pool.HikariPool - HikariPool-1 - After cleanup  stats (total=0, active=0, idle=0, waiting=0)
2026-03-22 08:24:38.985 [HikariPool-1 housekeeper] DEBUG [N/A] [N/A] com.zaxxer.hikari.pool.HikariPool - HikariPool-1 - Fill pool skipped, pool has sufficient level or currently being filled.
2026-03-22 08:25:08.989 [HikariPool-1 housekeeper] DEBUG [N/A] [N/A] com.zaxxer.hikari.pool.HikariPool - HikariPool-1 - Before cleanup stats (total=0, active=0, idle=0, waiting=0)
2026-03-22 08:25:08.989 [HikariPool-1 housekeeper] DEBUG [N/A] [N/A] com.zaxxer.hikari.pool.HikariPool - HikariPool-1 - After cleanup  stats (total=0, active=0, idle=0, waiting=0)
2026-03-22 08:25:08.989 [HikariPool-1 housekeeper] DEBUG [N/A] [N/A] com.zaxxer.hikari.pool.HikariPool - HikariPool-1 - Fill pool skipped, pool has sufficient level or currently being filled.
2026-03-22 08:25:38.994 [HikariPool-1 housekeeper] DEBUG [N/A] [N/A] com.zaxxer.hikari.pool.HikariPool - HikariPool-1 - Before cleanup stats (total=0, active=0, idle=0, waiting=0)
2026-03-22 08:25:38.994 [HikariPool-1 housekeeper] DEBUG [N/A] [N/A] com.zaxxer.hikari.pool.HikariPool - HikariPool-1 - After cleanup  stats (total=0, active=0, idle=0, waiting=0)
2026-03-22 08:25:38.995 [HikariPool-1 housekeeper] DEBUG [N/A] [N/A] com.zaxxer.hikari.pool.HikariPool - HikariPool-1 - Fill pool skipped, pool has sufficient level or currently being filled.
2026-03-22 08:26:08.999 [HikariPool-1 housekeeper] DEBUG [N/A] [N/A] com.zaxxer.hikari.pool.HikariPool - HikariPool-1 - Before cleanup stats (total=0, active=0, idle=0, waiting=0)
2026-03-22 08:26:09.000 [HikariPool-1 housekeeper] DEBUG [N/A] [N/A] com.zaxxer.hikari.pool.HikariPool - HikariPool-1 - After cleanup  stats (total=0, active=0, idle=0, waiting=0)
2026-03-22 08:26:09.000 [HikariPool-1 housekeeper] DEBUG [N/A] [N/A] com.zaxxer.hikari.pool.HikariPool - HikariPool-1 - Fill pool skipped, pool has sufficient level or currently being filled.
2026-03-22 08:26:39.004 [HikariPool-1 housekeeper] DEBUG [N/A] [N/A] com.zaxxer.hikari.pool.HikariPool - HikariPool-1 - Before cleanup stats (total=0, active=0, idle=0, waiting=0)
2026-03-22 08:26:39.007 [HikariPool-1 housekeeper] DEBUG [N/A] [N/A] com.zaxxer.hikari.pool.HikariPool - HikariPool-1 - After cleanup  stats (total=0, active=0, idle=0, waiting=0)
2026-03-22 08:26:39.007 [HikariPool-1 housekeeper] DEBUG [N/A] [N/A] com.zaxxer.hikari.pool.HikariPool - HikariPool-1 - Fill pool skipped, pool has sufficient level or currently being filled.
2026-03-22 08:27:09.009 [HikariPool-1 housekeeper] DEBUG [N/A] [N/A] com.zaxxer.hikari.pool.HikariPool - HikariPool-1 - Before cleanup stats (total=0, active=0, idle=0, waiting=0)
2026-03-22 08:27:09.009 [HikariPool-1 housekeeper] DEBUG [N/A] [N/A] com.zaxxer.hikari.pool.HikariPool - HikariPool-1 - After cleanup  stats (total=0, active=0, idle=0, waiting=0)
2026-03-22 08:27:09.010 [HikariPool-1 housekeeper] DEBUG [N/A] [N/A] com.zaxxer.hikari.pool.HikariPool - HikariPool-1 - Fill pool skipped, pool has sufficient level or currently being filled.
2026-03-22 08:27:39.012 [HikariPool-1 housekeeper] DEBUG [N/A] [N/A] com.zaxxer.hikari.pool.HikariPool - HikariPool-1 - Before cleanup stats (total=0, active=0, idle=0, waiting=0)
2026-03-22 08:27:39.012 [HikariPool-1 housekeeper] DEBUG [N/A] [N/A] com.zaxxer.hikari.pool.HikariPool - HikariPool-1 - After cleanup  stats (total=0, active=0, idle=0, waiting=0)
2026-03-22 08:27:39.013 [HikariPool-1 housekeeper] DEBUG [N/A] [N/A] com.zaxxer.hikari.pool.HikariPool - HikariPool-1 - Fill pool skipped, pool has sufficient level or currently being filled.
2026-03-22 08:28:09.014 [HikariPool-1 housekeeper] DEBUG [N/A] [N/A] com.zaxxer.hikari.pool.HikariPool - HikariPool-1 - Before cleanup stats (total=0, active=0, idle=0, waiting=0)
2026-03-22 08:28:09.015 [HikariPool-1 housekeeper] DEBUG [N/A] [N/A] com.zaxxer.hikari.pool.HikariPool - HikariPool-1 - After cleanup  stats (total=0, active=0, idle=0, waiting=0)
2026-03-22 08:28:09.015 [HikariPool-1 housekeeper] DEBUG [N/A] [N/A] com.zaxxer.hikari.pool.HikariPool - HikariPool-1 - Fill pool skipped, pool has sufficient level or currently being filled.
2026-03-22 08:28:39.019 [HikariPool-1 housekeeper] DEBUG [N/A] [N/A] com.zaxxer.hikari.pool.HikariPool - HikariPool-1 - Before cleanup stats (total=0, active=0, idle=0, waiting=0)
2026-03-22 08:28:39.019 [HikariPool-1 housekeeper] DEBUG [N/A] [N/A] com.zaxxer.hikari.pool.HikariPool - HikariPool-1 - After cleanup  stats (total=0, active=0, idle=0, waiting=0)
2026-03-22 08:28:39.019 [HikariPool-1 housekeeper] DEBUG [N/A] [N/A] com.zaxxer.hikari.pool.HikariPool - HikariPool-1 - Fill pool skipped, pool has sufficient level or currently being filled.
2026-03-22 08:29:09.024 [HikariPool-1 housekeeper] DEBUG [N/A] [N/A] com.zaxxer.hikari.pool.HikariPool - HikariPool-1 - Before cleanup stats (total=0, active=0, idle=0, waiting=0)
2026-03-22 08:29:09.024 [HikariPool-1 housekeeper] DEBUG [N/A] [N/A] com.zaxxer.hikari.pool.HikariPool - HikariPool-1 - After cleanup  stats (total=0, active=0, idle=0, waiting=0)
2026-03-22 08:29:09.024 [HikariPool-1 housekeeper] DEBUG [N/A] [N/A] com.zaxxer.hikari.pool.HikariPool - HikariPool-1 - Fill pool skipped, pool has sufficient level or currently being filled.
2026-03-22 08:29:39.029 [HikariPool-1 housekeeper] DEBUG [N/A] [N/A] com.zaxxer.hikari.pool.HikariPool - HikariPool-1 - Before cleanup stats (total=0, active=0, idle=0, waiting=0)
2026-03-22 08:29:39.030 [HikariPool-1 housekeeper] DEBUG [N/A] [N/A] com.zaxxer.hikari.pool.HikariPool - HikariPool-1 - After cleanup  stats (total=0, active=0, idle=0, waiting=0)
2026-03-22 08:29:39.030 [HikariPool-1 housekeeper] DEBUG [N/A] [N/A] com.zaxxer.hikari.pool.HikariPool - HikariPool-1 - Fill pool skipped, pool has sufficient level or currently being filled.
2026-03-22 08:30:09.030 [HikariPool-1 housekeeper] DEBUG [N/A] [N/A] com.zaxxer.hikari.pool.HikariPool - HikariPool-1 - Before cleanup stats (total=0, active=0, idle=0, waiting=0)
2026-03-22 08:30:09.030 [HikariPool-1 housekeeper] DEBUG [N/A] [N/A] com.zaxxer.hikari.pool.HikariPool - HikariPool-1 - After cleanup  stats (total=0, active=0, idle=0, waiting=0)
2026-03-22 08:30:09.030 [HikariPool-1 housekeeper] DEBUG [N/A] [N/A] com.zaxxer.hikari.pool.HikariPool - HikariPool-1 - Fill pool skipped, pool has sufficient level or currently being filled.
2026-03-22 08:30:39.033 [HikariPool-1 housekeeper] DEBUG [N/A] [N/A] com.zaxxer.hikari.pool.HikariPool - HikariPool-1 - Before cleanup stats (total=0, active=0, idle=0, waiting=0)
2026-03-22 08:30:39.034 [HikariPool-1 housekeeper] DEBUG [N/A] [N/A] com.zaxxer.hikari.pool.HikariPool - HikariPool-1 - After cleanup  stats (total=0, active=0, idle=0, waiting=0)
2026-03-22 08:30:39.034 [HikariPool-1 housekeeper] DEBUG [N/A] [N/A] com.zaxxer.hikari.pool.HikariPool - HikariPool-1 - Fill pool skipped, pool has sufficient level or currently being filled.
2026-03-22 08:31:09.038 [HikariPool-1 housekeeper] DEBUG [N/A] [N/A] com.zaxxer.hikari.pool.HikariPool - HikariPool-1 - Before cleanup stats (total=0, active=0, idle=0, waiting=0)
2026-03-22 08:31:09.038 [HikariPool-1 housekeeper] DEBUG [N/A] [N/A] com.zaxxer.hikari.pool.HikariPool - HikariPool-1 - After cleanup  stats (total=0, active=0, idle=0, waiting=0)
2026-03-22 08:31:09.038 [HikariPool-1 housekeeper] DEBUG [N/A] [N/A] com.zaxxer.hikari.pool.HikariPool - HikariPool-1 - Fill pool skipped, pool has sufficient level or currently being filled.
2026-03-22 08:31:17.352 [http-nio-0.0.0.0-8090-exec-1] INFO  [N/A] [N/A] o.a.c.c.C.[Tomcat].[localhost].[/] - Initializing Spring DispatcherServlet 'dispatcherServlet'
2026-03-22 08:31:17.354 [http-nio-0.0.0.0-8090-exec-1] INFO  [N/A] [N/A] o.s.web.servlet.DispatcherServlet - Initializing Servlet 'dispatcherServlet'
2026-03-22 08:31:17.386 [http-nio-0.0.0.0-8090-exec-1] INFO  [N/A] [N/A] o.s.web.servlet.DispatcherServlet - Completed initialization in 31 ms
2026-03-22 08:31:18.038 [HikariPool-1 connection adder] DEBUG [N/A] [N/A] com.zaxxer.hikari.pool.HikariPool - HikariPool-1 - Added connection org.postgresql.jdbc.PgConnection@53f5a187
2026-03-22 08:31:18.071 [HikariPool-1 connection adder] DEBUG [N/A] [N/A] com.zaxxer.hikari.pool.HikariPool - HikariPool-1 - Connection not added, stats (total=1, active=1, idle=0, waiting=0)
2026-03-22 08:31:39.041 [HikariPool-1 housekeeper] DEBUG [N/A] [N/A] com.zaxxer.hikari.pool.HikariPool - HikariPool-1 - Before cleanup stats (total=1, active=0, idle=1, waiting=0)
2026-03-22 08:31:39.041 [HikariPool-1 housekeeper] DEBUG [N/A] [N/A] com.zaxxer.hikari.pool.HikariPool - HikariPool-1 - After cleanup  stats (total=1, active=0, idle=1, waiting=0)
2026-03-22 08:31:39.041 [HikariPool-1 housekeeper] DEBUG [N/A] [N/A] com.zaxxer.hikari.pool.HikariPool - HikariPool-1 - Fill pool skipped, pool has sufficient level or currently being filled.
2026-03-22 08:32:09.051 [HikariPool-1 housekeeper] DEBUG [N/A] [N/A] com.zaxxer.hikari.pool.HikariPool - HikariPool-1 - Before cleanup stats (total=1, active=0, idle=1, waiting=0)
2026-03-22 08:32:09.126 [HikariPool-1 housekeeper] DEBUG [N/A] [N/A] com.zaxxer.hikari.pool.HikariPool - HikariPool-1 - After cleanup  stats (total=1, active=0, idle=1, waiting=0)
2026-03-22 08:32:09.127 [HikariPool-1 housekeeper] DEBUG [N/A] [N/A] com.zaxxer.hikari.pool.HikariPool - HikariPool-1 - Fill pool skipped, pool has sufficient level or currently being filled.
2026-03-22 08:32:10.537 [http-nio-0.0.0.0-8090-exec-4] INFO  [76e3ea82-d691-4a4d-8826-2aa3ee27bcc5] [7b86403a-996c-4380-9686-634e6c9c47e0] i.m.b.s.impl.BlogPostServiceImpl - Fetching all blog posts with pagination: PaginationRequest(page=0, size=10, sortBy=createdAt, sortDirection=DESC)
2026-03-22 08:32:10.538 [http-nio-0.0.0.0-8090-exec-4] INFO  [76e3ea82-d691-4a4d-8826-2aa3ee27bcc5] [7b86403a-996c-4380-9686-634e6c9c47e0] i.m.b.s.impl.BlogPostServiceImpl - Fetching all blog posts with pagination
2026-03-22 08:32:12.527 [HikariPool-1 housekeeper] WARN  [N/A] [N/A] c.zaxxer.hikari.pool.ProxyLeakTask - Connection leak detection triggered for org.postgresql.jdbc.PgConnection@53f5a187 on thread http-nio-0.0.0.0-8090-exec-4, stack trace follows
java.lang.Exception: Apparent connection leak detected
	at com.zaxxer.hikari.HikariDataSource.getConnection(HikariDataSource.java:127)
	at org.hibernate.engine.jdbc.connections.internal.DatasourceConnectionProviderImpl.getConnection(DatasourceConnectionProviderImpl.java:122)
	at org.hibernate.internal.NonContextualJdbcConnectionAccess.obtainConnection(NonContextualJdbcConnectionAccess.java:46)
	at org.hibernate.resource.jdbc.internal.LogicalConnectionManagedImpl.acquireConnectionIfNeeded(LogicalConnectionManagedImpl.java:126)
	at org.hibernate.resource.jdbc.internal.LogicalConnectionManagedImpl.getPhysicalConnection(LogicalConnectionManagedImpl.java:156)
	at org.springframework.orm.jpa.vendor.HibernateJpaDialect.beginTransaction(HibernateJpaDialect.java:164)
	at org.springframework.orm.jpa.JpaTransactionManager.doBegin(JpaTransactionManager.java:420)
	at org.springframework.transaction.support.AbstractPlatformTransactionManager.startTransaction(AbstractPlatformTransactionManager.java:532)
	at org.springframework.transaction.support.AbstractPlatformTransactionManager.getTransaction(AbstractPlatformTransactionManager.java:405)
	at org.springframework.transaction.interceptor.TransactionAspectSupport.createTransactionIfNecessary(TransactionAspectSupport.java:604)
	at org.springframework.transaction.interceptor.TransactionAspectSupport.invokeWithinTransaction(TransactionAspectSupport.java:373)
	at org.springframework.transaction.interceptor.TransactionInterceptor.invoke(TransactionInterceptor.java:119)
	at org.springframework.aop.framework.ReflectiveMethodInvocation.proceed(ReflectiveMethodInvocation.java:184)
	at org.springframework.aop.framework.CglibAopProxy$CglibMethodInvocation.proceed(CglibAopProxy.java:769)
	at org.springframework.aop.framework.CglibAopProxy$DynamicAdvisedInterceptor.intercept(CglibAopProxy.java:721)
	at in.mapmytour.blog.service.impl.BlogPostServiceImpl$$SpringCGLIB$$0.getAllBlogPosts(<generated>)
	at in.mapmytour.blog.controller.BlogPostController.getAllBlogPosts(BlogPostController.java:129)
	at java.base/jdk.internal.reflect.NativeMethodAccessorImpl.invoke0(Native Method)
	at java.base/jdk.internal.reflect.NativeMethodAccessorImpl.invoke(NativeMethodAccessorImpl.java:77)
	at java.base/jdk.internal.reflect.DelegatingMethodAccessorImpl.invoke(DelegatingMethodAccessorImpl.java:43)
	at java.base/java.lang.reflect.Method.invoke(Method.java:569)
	at org.springframework.web.method.support.InvocableHandlerMethod.doInvoke(InvocableHandlerMethod.java:255)
	at org.springframework.web.method.support.InvocableHandlerMethod.invokeForRequest(InvocableHandlerMethod.java:188)
	at org.springframework.web.servlet.mvc.method.annotation.ServletInvocableHandlerMethod.invokeAndHandle(ServletInvocableHandlerMethod.java:118)
	at org.springframework.web.servlet.mvc.method.annotation.RequestMappingHandlerAdapter.invokeHandlerMethod(RequestMappingHandlerAdapter.java:926)
	at org.springframework.web.servlet.mvc.method.annotation.RequestMappingHandlerAdapter.handleInternal(RequestMappingHandlerAdapter.java:831)
	at org.springframework.web.servlet.mvc.method.AbstractHandlerMethodAdapter.handle(AbstractHandlerMethodAdapter.java:87)
	at org.springframework.web.servlet.DispatcherServlet.doDispatch(DispatcherServlet.java:1089)
	at org.springframework.web.servlet.DispatcherServlet.doService(DispatcherServlet.java:979)
	at org.springframework.web.servlet.FrameworkServlet.processRequest(FrameworkServlet.java:1014)
	at org.springframework.web.servlet.FrameworkServlet.doGet(FrameworkServlet.java:903)
	at jakarta.servlet.http.HttpServlet.service(HttpServlet.java:564)
	at org.springframework.web.servlet.FrameworkServlet.service(FrameworkServlet.java:885)
	at jakarta.servlet.http.HttpServlet.service(HttpServlet.java:658)
	at org.apache.catalina.core.ApplicationFilterChain.internalDoFilter(ApplicationFilterChain.java:195)
	at org.apache.catalina.core.ApplicationFilterChain.doFilter(ApplicationFilterChain.java:140)
	at org.apache.tomcat.websocket.server.WsFilter.doFilter(WsFilter.java:51)
	at org.apache.catalina.core.ApplicationFilterChain.internalDoFilter(ApplicationFilterChain.java:164)
	at org.apache.catalina.core.ApplicationFilterChain.doFilter(ApplicationFilterChain.java:140)
	at in.mapmytour.blog.filter.CorrelationIdFilter.doFilterInternal(CorrelationIdFilter.java:51)
	at org.springframework.web.filter.OncePerRequestFilter.doFilter(OncePerRequestFilter.java:116)
	at org.apache.catalina.core.ApplicationFilterChain.internalDoFilter(ApplicationFilterChain.java:164)
	at org.apache.catalina.core.ApplicationFilterChain.doFilter(ApplicationFilterChain.java:140)
	at org.springframework.web.filter.OncePerRequestFilter.doFilter(OncePerRequestFilter.java:110)
	at org.apache.catalina.core.ApplicationFilterChain.internalDoFilter(ApplicationFilterChain.java:164)
	at org.apache.catalina.core.ApplicationFilterChain.doFilter(ApplicationFilterChain.java:140)
	at org.springframework.web.filter.CompositeFilter$VirtualFilterChain.doFilter(CompositeFilter.java:108)
	at org.springframework.security.web.FilterChainProxy.lambda$doFilterInternal$3(FilterChainProxy.java:231)
	at org.springframework.security.web.ObservationFilterChainDecorator$FilterObservation$SimpleFilterObservation.lambda$wrap$1(ObservationFilterChainDecorator.java:479)
	at org.springframework.security.web.ObservationFilterChainDecorator$AroundFilterObservation$SimpleAroundFilterObservation.lambda$wrap$1(ObservationFilterChainDecorator.java:340)
	at org.springframework.security.web.ObservationFilterChainDecorator.lambda$wrapSecured$0(ObservationFilterChainDecorator.java:82)
	at org.springframework.security.web.ObservationFilterChainDecorator$VirtualFilterChain.doFilter(ObservationFilterChainDecorator.java:128)
	at org.springframework.security.web.access.intercept.AuthorizationFilter.doFilter(AuthorizationFilter.java:100)
	at org.springframework.security.web.ObservationFilterChainDecorator$ObservationFilter.wrapFilter(ObservationFilterChainDecorator.java:240)
	at org.springframework.security.web.ObservationFilterChainDecorator$ObservationFilter.doFilter(ObservationFilterChainDecorator.java:227)
	at org.springframework.security.web.ObservationFilterChainDecorator$VirtualFilterChain.doFilter(ObservationFilterChainDecorator.java:137)
	at org.springframework.security.web.access.ExceptionTranslationFilter.doFilter(ExceptionTranslationFilter.java:126)
	at org.springframework.security.web.access.ExceptionTranslationFilter.doFilter(ExceptionTranslationFilter.java:120)
	at org.springframework.security.web.ObservationFilterChainDecorator$ObservationFilter.wrapFilter(ObservationFilterChainDecorator.java:240)
	at org.springframework.security.web.ObservationFilterChainDecorator$ObservationFilter.doFilter(ObservationFilterChainDecorator.java:227)
	at org.springframework.security.web.ObservationFilterChainDecorator$VirtualFilterChain.doFilter(ObservationFilterChainDecorator.java:137)
	at org.springframework.security.web.session.SessionManagementFilter.doFilter(SessionManagementFilter.java:131)
	at org.springframework.security.web.session.SessionManagementFilter.doFilter(SessionManagementFilter.java:85)
	at org.springframework.security.web.ObservationFilterChainDecorator$ObservationFilter.wrapFilter(ObservationFilterChainDecorator.java:240)
	at org.springframework.security.web.ObservationFilterChainDecorator$ObservationFilter.doFilter(ObservationFilterChainDecorator.java:227)
	at org.springframework.security.web.ObservationFilterChainDecorator$VirtualFilterChain.doFilter(ObservationFilterChainDecorator.java:137)
	at org.springframework.security.web.authentication.AnonymousAuthenticationFilter.doFilter(AnonymousAuthenticationFilter.java:100)
	at org.springframework.security.web.ObservationFilterChainDecorator$ObservationFilter.wrapFilter(ObservationFilterChainDecorator.java:240)
	at org.springframework.security.web.ObservationFilterChainDecorator$ObservationFilter.doFilter(ObservationFilterChainDecorator.java:227)
	at org.springframework.security.web.ObservationFilterChainDecorator$VirtualFilterChain.doFilter(ObservationFilterChainDecorator.java:137)
	at org.springframework.security.web.servletapi.SecurityContextHolderAwareRequestFilter.doFilter(SecurityContextHolderAwareRequestFilter.java:179)
	at org.springframework.security.web.ObservationFilterChainDecorator$ObservationFilter.wrapFilter(ObservationFilterChainDecorator.java:240)
	at org.springframework.security.web.ObservationFilterChainDecorator$ObservationFilter.doFilter(ObservationFilterChainDecorator.java:227)
	at org.springframework.security.web.ObservationFilterChainDecorator$VirtualFilterChain.doFilter(ObservationFilterChainDecorator.java:137)
	at org.springframework.security.web.savedrequest.RequestCacheAwareFilter.doFilter(RequestCacheAwareFilter.java:63)
	at org.springframework.security.web.ObservationFilterChainDecorator$ObservationFilter.wrapFilter(ObservationFilterChainDecorator.java:240)
	at org.springframework.security.web.ObservationFilterChainDecorator$ObservationFilter.doFilter(ObservationFilterChainDecorator.java:227)
	at org.springframework.security.web.ObservationFilterChainDecorator$VirtualFilterChain.doFilter(ObservationFilterChainDecorator.java:137)
	at in.mapmytour.blog.security.JwtAuthenticationFilter.doFilterInternal(JwtAuthenticationFilter.java:41)
	at org.springframework.web.filter.OncePerRequestFilter.doFilter(OncePerRequestFilter.java:116)
	at org.springframework.security.web.ObservationFilterChainDecorator$ObservationFilter.wrapFilter(ObservationFilterChainDecorator.java:240)
	at org.springframework.security.web.ObservationFilterChainDecorator$ObservationFilter.doFilter(ObservationFilterChainDecorator.java:227)
	at org.springframework.security.web.ObservationFilterChainDecorator$VirtualFilterChain.doFilter(ObservationFilterChainDecorator.java:137)
	at in.mapmytour.blog.config.GatewayOnlyAccessFilter.doFilterInternal(GatewayOnlyAccessFilter.java:97)
	at org.springframework.web.filter.OncePerRequestFilter.doFilter(OncePerRequestFilter.java:116)
	at org.springframework.security.web.ObservationFilterChainDecorator$ObservationFilter.wrapFilter(ObservationFilterChainDecorator.java:240)
	at org.springframework.security.web.ObservationFilterChainDecorator$ObservationFilter.doFilter(ObservationFilterChainDecorator.java:227)
	at org.springframework.security.web.ObservationFilterChainDecorator$VirtualFilterChain.doFilter(ObservationFilterChainDecorator.java:137)
	at org.springframework.security.web.authentication.logout.LogoutFilter.doFilter(LogoutFilter.java:107)
	at org.springframework.security.web.authentication.logout.LogoutFilter.doFilter(LogoutFilter.java:93)
	at org.springframework.security.web.ObservationFilterChainDecorator$ObservationFilter.wrapFilter(ObservationFilterChainDecorator.java:240)
	at org.springframework.security.web.ObservationFilterChainDecorator$ObservationFilter.doFilter(ObservationFilterChainDecorator.java:227)
	at org.springframework.security.web.ObservationFilterChainDecorator$VirtualFilterChain.doFilter(ObservationFilterChainDecorator.java:137)
	at org.springframework.web.filter.CorsFilter.doFilterInternal(CorsFilter.java:91)
	at org.springframework.web.filter.OncePerRequestFilter.doFilter(OncePerRequestFilter.java:116)
	at org.springframework.security.web.ObservationFilterChainDecorator$ObservationFilter.wrapFilter(ObservationFilterChainDecorator.java:240)
	at org.springframework.security.web.ObservationFilterChainDecorator$ObservationFilter.doFilter(ObservationFilterChainDecorator.java:227)
	at org.springframework.security.web.ObservationFilterChainDecorator$VirtualFilterChain.doFilter(ObservationFilterChainDecorator.java:137)
	at org.springframework.security.web.header.HeaderWriterFilter.doHeadersAfter(HeaderWriterFilter.java:90)
	at org.springframework.security.web.header.HeaderWriterFilter.doFilterInternal(HeaderWriterFilter.java:75)
	at org.springframework.web.filter.OncePerRequestFilter.doFilter(OncePerRequestFilter.java:116)
	at org.springframework.security.web.ObservationFilterChainDecorator$ObservationFilter.wrapFilter(ObservationFilterChainDecorator.java:240)
	at org.springframework.security.web.ObservationFilterChainDecorator$ObservationFilter.doFilter(ObservationFilterChainDecorator.java:227)
	at org.springframework.security.web.ObservationFilterChainDecorator$VirtualFilterChain.doFilter(ObservationFilterChainDecorator.java:137)
	at org.springframework.security.web.context.SecurityContextHolderFilter.doFilter(SecurityContextHolderFilter.java:82)
	at org.springframework.security.web.context.SecurityContextHolderFilter.doFilter(SecurityContextHolderFilter.java:69)
	at org.springframework.security.web.ObservationFilterChainDecorator$ObservationFilter.wrapFilter(ObservationFilterChainDecorator.java:240)
	at org.springframework.security.web.ObservationFilterChainDecorator$ObservationFilter.doFilter(ObservationFilterChainDecorator.java:227)
	at org.springframework.security.web.ObservationFilterChainDecorator$VirtualFilterChain.doFilter(ObservationFilterChainDecorator.java:137)
	at org.springframework.security.web.context.request.async.WebAsyncManagerIntegrationFilter.doFilterInternal(WebAsyncManagerIntegrationFilter.java:62)
	at org.springframework.web.filter.OncePerRequestFilter.doFilter(OncePerRequestFilter.java:116)
	at org.springframework.security.web.ObservationFilterChainDecorator$ObservationFilter.wrapFilter(ObservationFilterChainDecorator.java:240)
	at org.springframework.security.web.ObservationFilterChainDecorator$ObservationFilter.doFilter(ObservationFilterChainDecorator.java:227)
	at org.springframework.security.web.ObservationFilterChainDecorator$VirtualFilterChain.doFilter(ObservationFilterChainDecorator.java:137)
	at org.springframework.security.web.session.DisableEncodeUrlFilter.doFilterInternal(DisableEncodeUrlFilter.java:42)
	at org.springframework.web.filter.OncePerRequestFilter.doFilter(OncePerRequestFilter.java:116)
	at org.springframework.security.web.ObservationFilterChainDecorator$ObservationFilter.wrapFilter(ObservationFilterChainDecorator.java:240)
	at org.springframework.security.web.ObservationFilterChainDecorator$AroundFilterObservation$SimpleAroundFilterObservation.lambda$wrap$0(ObservationFilterChainDecorator.java:323)
	at org.springframework.security.web.ObservationFilterChainDecorator$ObservationFilter.doFilter(ObservationFilterChainDecorator.java:224)
	at org.springframework.security.web.ObservationFilterChainDecorator$VirtualFilterChain.doFilter(ObservationFilterChainDecorator.java:137)
	at org.springframework.security.web.FilterChainProxy.doFilterInternal(FilterChainProxy.java:233)
	at org.springframework.security.web.FilterChainProxy.doFilter(FilterChainProxy.java:191)
	at org.springframework.web.filter.CompositeFilter$VirtualFilterChain.doFilter(CompositeFilter.java:113)
	at org.springframework.web.servlet.handler.HandlerMappingIntrospector.lambda$createCacheFilter$3(HandlerMappingIntrospector.java:195)
	at org.springframework.web.filter.CompositeFilter$VirtualFilterChain.doFilter(CompositeFilter.java:113)
	at org.springframework.web.filter.CompositeFilter.doFilter(CompositeFilter.java:74)
	at org.springframework.security.config.annotation.web.configuration.WebMvcSecurityConfiguration$CompositeFilterChainProxy.doFilter(WebMvcSecurityConfiguration.java:230)
	at org.springframework.web.filter.DelegatingFilterProxy.invokeDelegate(DelegatingFilterProxy.java:362)
	at org.springframework.web.filter.DelegatingFilterProxy.doFilter(DelegatingFilterProxy.java:278)
	at org.apache.catalina.core.ApplicationFilterChain.internalDoFilter(ApplicationFilterChain.java:164)
	at org.apache.catalina.core.ApplicationFilterChain.doFilter(ApplicationFilterChain.java:140)
	at org.springframework.web.filter.RequestContextFilter.doFilterInternal(RequestContextFilter.java:100)
	at org.springframework.web.filter.OncePerRequestFilter.doFilter(OncePerRequestFilter.java:116)
	at org.apache.catalina.core.ApplicationFilterChain.internalDoFilter(ApplicationFilterChain.java:164)
	at org.apache.catalina.core.ApplicationFilterChain.doFilter(ApplicationFilterChain.java:140)
	at org.springframework.web.filter.FormContentFilter.doFilterInternal(FormContentFilter.java:93)
	at org.springframework.web.filter.OncePerRequestFilter.doFilter(OncePerRequestFilter.java:116)
	at org.apache.catalina.core.ApplicationFilterChain.internalDoFilter(ApplicationFilterChain.java:164)
	at org.apache.catalina.core.ApplicationFilterChain.doFilter(ApplicationFilterChain.java:140)
	at org.springframework.web.filter.ServerHttpObservationFilter.doFilterInternal(ServerHttpObservationFilter.java:113)
	at org.springframework.web.filter.OncePerRequestFilter.doFilter(OncePerRequestFilter.java:116)
	at org.apache.catalina.core.ApplicationFilterChain.internalDoFilter(ApplicationFilterChain.java:164)
	at org.apache.catalina.core.ApplicationFilterChain.doFilter(ApplicationFilterChain.java:140)
	at org.springframework.web.filter.CharacterEncodingFilter.doFilterInternal(CharacterEncodingFilter.java:201)
	at org.springframework.web.filter.OncePerRequestFilter.doFilter(OncePerRequestFilter.java:116)
	at org.apache.catalina.core.ApplicationFilterChain.internalDoFilter(ApplicationFilterChain.java:164)
	at org.apache.catalina.core.ApplicationFilterChain.doFilter(ApplicationFilterChain.java:140)
	at org.apache.catalina.core.StandardWrapperValve.invoke(StandardWrapperValve.java:167)
	at org.apache.catalina.core.StandardContextValve.invoke(StandardContextValve.java:90)
	at org.apache.catalina.authenticator.AuthenticatorBase.invoke(AuthenticatorBase.java:483)
	at org.apache.catalina.core.StandardHostValve.invoke(StandardHostValve.java:116)
	at org.apache.catalina.valves.ErrorReportValve.invoke(ErrorReportValve.java:93)
	at org.apache.catalina.core.StandardEngineValve.invoke(StandardEngineValve.java:74)
	at org.apache.catalina.connector.CoyoteAdapter.service(CoyoteAdapter.java:344)
	at org.apache.coyote.http11.Http11Processor.service(Http11Processor.java:398)
	at org.apache.coyote.AbstractProcessorLight.process(AbstractProcessorLight.java:63)
	at org.apache.coyote.AbstractProtocol$ConnectionHandler.process(AbstractProtocol.java:903)
	at org.apache.tomcat.util.net.NioEndpoint$SocketProcessor.doRun(NioEndpoint.java:1769)
	at org.apache.tomcat.util.net.SocketProcessorBase.run(SocketProcessorBase.java:52)
	at org.apache.tomcat.util.threads.ThreadPoolExecutor.runWorker(ThreadPoolExecutor.java:1189)
	at org.apache.tomcat.util.threads.ThreadPoolExecutor$Worker.run(ThreadPoolExecutor.java:658)
	at org.apache.tomcat.util.threads.TaskThread$WrappingRunnable.run(TaskThread.java:63)
	at java.base/java.lang.Thread.run(Thread.java:840)
2026-03-22 08:32:13.683 [http-nio-0.0.0.0-8090-exec-4] ERROR [76e3ea82-d691-4a4d-8826-2aa3ee27bcc5] [7b86403a-996c-4380-9686-634e6c9c47e0] i.m.blog.client.AuthServiceClient - Error calling auth-service for userId: 231989d6-6752-4842-b00a-edab7da2f4ca: 401 Unauthorized: "{"success":false,"statusCode":401,"message":"Authentication token is required for this endpoint","data":{"errorCode":"TOKEN_MISSING","requestPath":"/api/v1/auth/api/v1/user/profile/231989d6-6752-4842-b00a-edab7da2f4ca","timestamp":1774148533538,"suggestion":"Please provide a valid authentication token in the Authorization header"},"errors":null}"
2026-03-22 08:32:13.979 [http-nio-0.0.0.0-8090-exec-4] ERROR [76e3ea82-d691-4a4d-8826-2aa3ee27bcc5] [7b86403a-996c-4380-9686-634e6c9c47e0] i.m.blog.client.AuthServiceClient - Error calling auth-service for userId: d54a5ab1-2037-4fcf-bab2-d40612f35e08: 401 Unauthorized: "{"success":false,"statusCode":401,"message":"Authentication token is required for this endpoint","data":{"errorCode":"TOKEN_MISSING","requestPath":"/api/v1/auth/api/v1/user/profile/d54a5ab1-2037-4fcf-bab2-d40612f35e08","timestamp":1774148533825,"suggestion":"Please provide a valid authentication token in the Authorization header"},"errors":null}"
2026-03-22 08:32:14.374 [http-nio-0.0.0.0-8090-exec-4] INFO  [76e3ea82-d691-4a4d-8826-2aa3ee27bcc5] [7b86403a-996c-4380-9686-634e6c9c47e0] c.zaxxer.hikari.pool.ProxyLeakTask - Previously reported leaked connection org.postgresql.jdbc.PgConnection@53f5a187 on thread http-nio-0.0.0.0-8090-exec-4 was returned to the pool (unleaked)
2026-03-22 08:32:26.236 [http-nio-0.0.0.0-8090-exec-5] INFO  [c68b48e3-97e6-43f1-8996-6d5588ee668d] [10408d73-7008-4b9b-bd25-5a1672e3de52] i.m.b.s.impl.BlogPostServiceImpl - Fetching all blog posts with pagination: PaginationRequest(page=0, size=10, sortBy=createdAt, sortDirection=DESC)
2026-03-22 08:32:26.236 [http-nio-0.0.0.0-8090-exec-5] INFO  [c68b48e3-97e6-43f1-8996-6d5588ee668d] [10408d73-7008-4b9b-bd25-5a1672e3de52] i.m.b.s.impl.BlogPostServiceImpl - Fetching all blog posts with pagination
2026-03-22 08:32:28.247 [HikariPool-1 housekeeper] WARN  [N/A] [N/A] c.zaxxer.hikari.pool.ProxyLeakTask - Connection leak detection triggered for org.postgresql.jdbc.PgConnection@53f5a187 on thread http-nio-0.0.0.0-8090-exec-5, stack trace follows
java.lang.Exception: Apparent connection leak detected
	at com.zaxxer.hikari.HikariDataSource.getConnection(HikariDataSource.java:127)
	at org.hibernate.engine.jdbc.connections.internal.DatasourceConnectionProviderImpl.getConnection(DatasourceConnectionProviderImpl.java:122)
	at org.hibernate.internal.NonContextualJdbcConnectionAccess.obtainConnection(NonContextualJdbcConnectionAccess.java:46)
	at org.hibernate.resource.jdbc.internal.LogicalConnectionManagedImpl.acquireConnectionIfNeeded(LogicalConnectionManagedImpl.java:126)
	at org.hibernate.resource.jdbc.internal.LogicalConnectionManagedImpl.getPhysicalConnection(LogicalConnectionManagedImpl.java:156)
	at org.springframework.orm.jpa.vendor.HibernateJpaDialect.beginTransaction(HibernateJpaDialect.java:164)
	at org.springframework.orm.jpa.JpaTransactionManager.doBegin(JpaTransactionManager.java:420)
	at org.springframework.transaction.support.AbstractPlatformTransactionManager.startTransaction(AbstractPlatformTransactionManager.java:532)
	at org.springframework.transaction.support.AbstractPlatformTransactionManager.getTransaction(AbstractPlatformTransactionManager.java:405)
	at org.springframework.transaction.interceptor.TransactionAspectSupport.createTransactionIfNecessary(TransactionAspectSupport.java:604)
	at org.springframework.transaction.interceptor.TransactionAspectSupport.invokeWithinTransaction(TransactionAspectSupport.java:373)
	at org.springframework.transaction.interceptor.TransactionInterceptor.invoke(TransactionInterceptor.java:119)
	at org.springframework.aop.framework.ReflectiveMethodInvocation.proceed(ReflectiveMethodInvocation.java:184)
	at org.springframework.aop.framework.CglibAopProxy$CglibMethodInvocation.proceed(CglibAopProxy.java:769)
	at org.springframework.aop.framework.CglibAopProxy$DynamicAdvisedInterceptor.intercept(CglibAopProxy.java:721)
	at in.mapmytour.blog.service.impl.BlogPostServiceImpl$$SpringCGLIB$$0.getAllBlogPosts(<generated>)
	at in.mapmytour.blog.controller.BlogPostController.getAllBlogPosts(BlogPostController.java:129)
	at java.base/jdk.internal.reflect.NativeMethodAccessorImpl.invoke0(Native Method)
	at java.base/jdk.internal.reflect.NativeMethodAccessorImpl.invoke(NativeMethodAccessorImpl.java:77)
	at java.base/jdk.internal.reflect.DelegatingMethodAccessorImpl.invoke(DelegatingMethodAccessorImpl.java:43)
	at java.base/java.lang.reflect.Method.invoke(Method.java:569)
	at org.springframework.web.method.support.InvocableHandlerMethod.doInvoke(InvocableHandlerMethod.java:255)
	at org.springframework.web.method.support.InvocableHandlerMethod.invokeForRequest(InvocableHandlerMethod.java:188)
	at org.springframework.web.servlet.mvc.method.annotation.ServletInvocableHandlerMethod.invokeAndHandle(ServletInvocableHandlerMethod.java:118)
	at org.springframework.web.servlet.mvc.method.annotation.RequestMappingHandlerAdapter.invokeHandlerMethod(RequestMappingHandlerAdapter.java:926)
	at org.springframework.web.servlet.mvc.method.annotation.RequestMappingHandlerAdapter.handleInternal(RequestMappingHandlerAdapter.java:831)
	at org.springframework.web.servlet.mvc.method.AbstractHandlerMethodAdapter.handle(AbstractHandlerMethodAdapter.java:87)
	at org.springframework.web.servlet.DispatcherServlet.doDispatch(DispatcherServlet.java:1089)
	at org.springframework.web.servlet.DispatcherServlet.doService(DispatcherServlet.java:979)
	at org.springframework.web.servlet.FrameworkServlet.processRequest(FrameworkServlet.java:1014)
	at org.springframework.web.servlet.FrameworkServlet.doGet(FrameworkServlet.java:903)
	at jakarta.servlet.http.HttpServlet.service(HttpServlet.java:564)
	at org.springframework.web.servlet.FrameworkServlet.service(FrameworkServlet.java:885)
	at jakarta.servlet.http.HttpServlet.service(HttpServlet.java:658)
	at org.apache.catalina.core.ApplicationFilterChain.internalDoFilter(ApplicationFilterChain.java:195)
	at org.apache.catalina.core.ApplicationFilterChain.doFilter(ApplicationFilterChain.java:140)
	at org.apache.tomcat.websocket.server.WsFilter.doFilter(WsFilter.java:51)
	at org.apache.catalina.core.ApplicationFilterChain.internalDoFilter(ApplicationFilterChain.java:164)
	at org.apache.catalina.core.ApplicationFilterChain.doFilter(ApplicationFilterChain.java:140)
	at in.mapmytour.blog.filter.CorrelationIdFilter.doFilterInternal(CorrelationIdFilter.java:51)
	at org.springframework.web.filter.OncePerRequestFilter.doFilter(OncePerRequestFilter.java:116)
	at org.apache.catalina.core.ApplicationFilterChain.internalDoFilter(ApplicationFilterChain.java:164)
	at org.apache.catalina.core.ApplicationFilterChain.doFilter(ApplicationFilterChain.java:140)
	at org.springframework.web.filter.OncePerRequestFilter.doFilter(OncePerRequestFilter.java:110)
	at org.apache.catalina.core.ApplicationFilterChain.internalDoFilter(ApplicationFilterChain.java:164)
	at org.apache.catalina.core.ApplicationFilterChain.doFilter(ApplicationFilterChain.java:140)
	at org.springframework.web.filter.CompositeFilter$VirtualFilterChain.doFilter(CompositeFilter.java:108)
	at org.springframework.security.web.FilterChainProxy.lambda$doFilterInternal$3(FilterChainProxy.java:231)
	at org.springframework.security.web.ObservationFilterChainDecorator$FilterObservation$SimpleFilterObservation.lambda$wrap$1(ObservationFilterChainDecorator.java:479)
	at org.springframework.security.web.ObservationFilterChainDecorator$AroundFilterObservation$SimpleAroundFilterObservation.lambda$wrap$1(ObservationFilterChainDecorator.java:340)
	at org.springframework.security.web.ObservationFilterChainDecorator.lambda$wrapSecured$0(ObservationFilterChainDecorator.java:82)
	at org.springframework.security.web.ObservationFilterChainDecorator$VirtualFilterChain.doFilter(ObservationFilterChainDecorator.java:128)
	at org.springframework.security.web.access.intercept.AuthorizationFilter.doFilter(AuthorizationFilter.java:100)
	at org.springframework.security.web.ObservationFilterChainDecorator$ObservationFilter.wrapFilter(ObservationFilterChainDecorator.java:240)
	at org.springframework.security.web.ObservationFilterChainDecorator$ObservationFilter.doFilter(ObservationFilterChainDecorator.java:227)
	at org.springframework.security.web.ObservationFilterChainDecorator$VirtualFilterChain.doFilter(ObservationFilterChainDecorator.java:137)
	at org.springframework.security.web.access.ExceptionTranslationFilter.doFilter(ExceptionTranslationFilter.java:126)
	at org.springframework.security.web.access.ExceptionTranslationFilter.doFilter(ExceptionTranslationFilter.java:120)
	at org.springframework.security.web.ObservationFilterChainDecorator$ObservationFilter.wrapFilter(ObservationFilterChainDecorator.java:240)
	at org.springframework.security.web.ObservationFilterChainDecorator$ObservationFilter.doFilter(ObservationFilterChainDecorator.java:227)
	at org.springframework.security.web.ObservationFilterChainDecorator$VirtualFilterChain.doFilter(ObservationFilterChainDecorator.java:137)
	at org.springframework.security.web.session.SessionManagementFilter.doFilter(SessionManagementFilter.java:131)
	at org.springframework.security.web.session.SessionManagementFilter.doFilter(SessionManagementFilter.java:85)
	at org.springframework.security.web.ObservationFilterChainDecorator$ObservationFilter.wrapFilter(ObservationFilterChainDecorator.java:240)
	at org.springframework.security.web.ObservationFilterChainDecorator$ObservationFilter.doFilter(ObservationFilterChainDecorator.java:227)
	at org.springframework.security.web.ObservationFilterChainDecorator$VirtualFilterChain.doFilter(ObservationFilterChainDecorator.java:137)
	at org.springframework.security.web.authentication.AnonymousAuthenticationFilter.doFilter(AnonymousAuthenticationFilter.java:100)
	at org.springframework.security.web.ObservationFilterChainDecorator$ObservationFilter.wrapFilter(ObservationFilterChainDecorator.java:240)
	at org.springframework.security.web.ObservationFilterChainDecorator$ObservationFilter.doFilter(ObservationFilterChainDecorator.java:227)
	at org.springframework.security.web.ObservationFilterChainDecorator$VirtualFilterChain.doFilter(ObservationFilterChainDecorator.java:137)
	at org.springframework.security.web.servletapi.SecurityContextHolderAwareRequestFilter.doFilter(SecurityContextHolderAwareRequestFilter.java:179)
	at org.springframework.security.web.ObservationFilterChainDecorator$ObservationFilter.wrapFilter(ObservationFilterChainDecorator.java:240)
	at org.springframework.security.web.ObservationFilterChainDecorator$ObservationFilter.doFilter(ObservationFilterChainDecorator.java:227)
	at org.springframework.security.web.ObservationFilterChainDecorator$VirtualFilterChain.doFilter(ObservationFilterChainDecorator.java:137)
	at org.springframework.security.web.savedrequest.RequestCacheAwareFilter.doFilter(RequestCacheAwareFilter.java:63)
	at org.springframework.security.web.ObservationFilterChainDecorator$ObservationFilter.wrapFilter(ObservationFilterChainDecorator.java:240)
	at org.springframework.security.web.ObservationFilterChainDecorator$ObservationFilter.doFilter(ObservationFilterChainDecorator.java:227)
	at org.springframework.security.web.ObservationFilterChainDecorator$VirtualFilterChain.doFilter(ObservationFilterChainDecorator.java:137)
	at in.mapmytour.blog.security.JwtAuthenticationFilter.doFilterInternal(JwtAuthenticationFilter.java:41)
	at org.springframework.web.filter.OncePerRequestFilter.doFilter(OncePerRequestFilter.java:116)
	at org.springframework.security.web.ObservationFilterChainDecorator$ObservationFilter.wrapFilter(ObservationFilterChainDecorator.java:240)
	at org.springframework.security.web.ObservationFilterChainDecorator$ObservationFilter.doFilter(ObservationFilterChainDecorator.java:227)
	at org.springframework.security.web.ObservationFilterChainDecorator$VirtualFilterChain.doFilter(ObservationFilterChainDecorator.java:137)
	at in.mapmytour.blog.config.GatewayOnlyAccessFilter.doFilterInternal(GatewayOnlyAccessFilter.java:97)
	at org.springframework.web.filter.OncePerRequestFilter.doFilter(OncePerRequestFilter.java:116)
	at org.springframework.security.web.ObservationFilterChainDecorator$ObservationFilter.wrapFilter(ObservationFilterChainDecorator.java:240)
	at org.springframework.security.web.ObservationFilterChainDecorator$ObservationFilter.doFilter(ObservationFilterChainDecorator.java:227)
	at org.springframework.security.web.ObservationFilterChainDecorator$VirtualFilterChain.doFilter(ObservationFilterChainDecorator.java:137)
	at org.springframework.security.web.authentication.logout.LogoutFilter.doFilter(LogoutFilter.java:107)
	at org.springframework.security.web.authentication.logout.LogoutFilter.doFilter(LogoutFilter.java:93)
	at org.springframework.security.web.ObservationFilterChainDecorator$ObservationFilter.wrapFilter(ObservationFilterChainDecorator.java:240)
	at org.springframework.security.web.ObservationFilterChainDecorator$ObservationFilter.doFilter(ObservationFilterChainDecorator.java:227)
	at org.springframework.security.web.ObservationFilterChainDecorator$VirtualFilterChain.doFilter(ObservationFilterChainDecorator.java:137)
	at org.springframework.web.filter.CorsFilter.doFilterInternal(CorsFilter.java:91)
	at org.springframework.web.filter.OncePerRequestFilter.doFilter(OncePerRequestFilter.java:116)
	at org.springframework.security.web.ObservationFilterChainDecorator$ObservationFilter.wrapFilter(ObservationFilterChainDecorator.java:240)
	at org.springframework.security.web.ObservationFilterChainDecorator$ObservationFilter.doFilter(ObservationFilterChainDecorator.java:227)
	at org.springframework.security.web.ObservationFilterChainDecorator$VirtualFilterChain.doFilter(ObservationFilterChainDecorator.java:137)
	at org.springframework.security.web.header.HeaderWriterFilter.doHeadersAfter(HeaderWriterFilter.java:90)
	at org.springframework.security.web.header.HeaderWriterFilter.doFilterInternal(HeaderWriterFilter.java:75)
	at org.springframework.web.filter.OncePerRequestFilter.doFilter(OncePerRequestFilter.java:116)
	at org.springframework.security.web.ObservationFilterChainDecorator$ObservationFilter.wrapFilter(ObservationFilterChainDecorator.java:240)
	at org.springframework.security.web.ObservationFilterChainDecorator$ObservationFilter.doFilter(ObservationFilterChainDecorator.java:227)
	at org.springframework.security.web.ObservationFilterChainDecorator$VirtualFilterChain.doFilter(ObservationFilterChainDecorator.java:137)
	at org.springframework.security.web.context.SecurityContextHolderFilter.doFilter(SecurityContextHolderFilter.java:82)
	at org.springframework.security.web.context.SecurityContextHolderFilter.doFilter(SecurityContextHolderFilter.java:69)
	at org.springframework.security.web.ObservationFilterChainDecorator$ObservationFilter.wrapFilter(ObservationFilterChainDecorator.java:240)
	at org.springframework.security.web.ObservationFilterChainDecorator$ObservationFilter.doFilter(ObservationFilterChainDecorator.java:227)
	at org.springframework.security.web.ObservationFilterChainDecorator$VirtualFilterChain.doFilter(ObservationFilterChainDecorator.java:137)
	at org.springframework.security.web.context.request.async.WebAsyncManagerIntegrationFilter.doFilterInternal(WebAsyncManagerIntegrationFilter.java:62)
	at org.springframework.web.filter.OncePerRequestFilter.doFilter(OncePerRequestFilter.java:116)
	at org.springframework.security.web.ObservationFilterChainDecorator$ObservationFilter.wrapFilter(ObservationFilterChainDecorator.java:240)
	at org.springframework.security.web.ObservationFilterChainDecorator$ObservationFilter.doFilter(ObservationFilterChainDecorator.java:227)
	at org.springframework.security.web.ObservationFilterChainDecorator$VirtualFilterChain.doFilter(ObservationFilterChainDecorator.java:137)
	at org.springframework.security.web.session.DisableEncodeUrlFilter.doFilterInternal(DisableEncodeUrlFilter.java:42)
	at org.springframework.web.filter.OncePerRequestFilter.doFilter(OncePerRequestFilter.java:116)
	at org.springframework.security.web.ObservationFilterChainDecorator$ObservationFilter.wrapFilter(ObservationFilterChainDecorator.java:240)
	at org.springframework.security.web.ObservationFilterChainDecorator$AroundFilterObservation$SimpleAroundFilterObservation.lambda$wrap$0(ObservationFilterChainDecorator.java:323)
	at org.springframework.security.web.ObservationFilterChainDecorator$ObservationFilter.doFilter(ObservationFilterChainDecorator.java:224)
	at org.springframework.security.web.ObservationFilterChainDecorator$VirtualFilterChain.doFilter(ObservationFilterChainDecorator.java:137)
	at org.springframework.security.web.FilterChainProxy.doFilterInternal(FilterChainProxy.java:233)
	at org.springframework.security.web.FilterChainProxy.doFilter(FilterChainProxy.java:191)
	at org.springframework.web.filter.CompositeFilter$VirtualFilterChain.doFilter(CompositeFilter.java:113)
	at org.springframework.web.servlet.handler.HandlerMappingIntrospector.lambda$createCacheFilter$3(HandlerMappingIntrospector.java:195)
	at org.springframework.web.filter.CompositeFilter$VirtualFilterChain.doFilter(CompositeFilter.java:113)
	at org.springframework.web.filter.CompositeFilter.doFilter(CompositeFilter.java:74)
	at org.springframework.security.config.annotation.web.configuration.WebMvcSecurityConfiguration$CompositeFilterChainProxy.doFilter(WebMvcSecurityConfiguration.java:230)
	at org.springframework.web.filter.DelegatingFilterProxy.invokeDelegate(DelegatingFilterProxy.java:362)
	at org.springframework.web.filter.DelegatingFilterProxy.doFilter(DelegatingFilterProxy.java:278)
	at org.apache.catalina.core.ApplicationFilterChain.internalDoFilter(ApplicationFilterChain.java:164)
	at org.apache.catalina.core.ApplicationFilterChain.doFilter(ApplicationFilterChain.java:140)
	at org.springframework.web.filter.RequestContextFilter.doFilterInternal(RequestContextFilter.java:100)
	at org.springframework.web.filter.OncePerRequestFilter.doFilter(OncePerRequestFilter.java:116)
	at org.apache.catalina.core.ApplicationFilterChain.internalDoFilter(ApplicationFilterChain.java:164)
	at org.apache.catalina.core.ApplicationFilterChain.doFilter(ApplicationFilterChain.java:140)
	at org.springframework.web.filter.FormContentFilter.doFilterInternal(FormContentFilter.java:93)
	at org.springframework.web.filter.OncePerRequestFilter.doFilter(OncePerRequestFilter.java:116)
	at org.apache.catalina.core.ApplicationFilterChain.internalDoFilter(ApplicationFilterChain.java:164)
	at org.apache.catalina.core.ApplicationFilterChain.doFilter(ApplicationFilterChain.java:140)
	at org.springframework.web.filter.ServerHttpObservationFilter.doFilterInternal(ServerHttpObservationFilter.java:113)
	at org.springframework.web.filter.OncePerRequestFilter.doFilter(OncePerRequestFilter.java:116)
	at org.apache.catalina.core.ApplicationFilterChain.internalDoFilter(ApplicationFilterChain.java:164)
	at org.apache.catalina.core.ApplicationFilterChain.doFilter(ApplicationFilterChain.java:140)
	at org.springframework.web.filter.CharacterEncodingFilter.doFilterInternal(CharacterEncodingFilter.java:201)
	at org.springframework.web.filter.OncePerRequestFilter.doFilter(OncePerRequestFilter.java:116)
	at org.apache.catalina.core.ApplicationFilterChain.internalDoFilter(ApplicationFilterChain.java:164)
	at org.apache.catalina.core.ApplicationFilterChain.doFilter(ApplicationFilterChain.java:140)
	at org.apache.catalina.core.StandardWrapperValve.invoke(StandardWrapperValve.java:167)
	at org.apache.catalina.core.StandardContextValve.invoke(StandardContextValve.java:90)
	at org.apache.catalina.authenticator.AuthenticatorBase.invoke(AuthenticatorBase.java:483)
	at org.apache.catalina.core.StandardHostValve.invoke(StandardHostValve.java:116)
	at org.apache.catalina.valves.ErrorReportValve.invoke(ErrorReportValve.java:93)
	at org.apache.catalina.core.StandardEngineValve.invoke(StandardEngineValve.java:74)
	at org.apache.catalina.connector.CoyoteAdapter.service(CoyoteAdapter.java:344)
	at org.apache.coyote.http11.Http11Processor.service(Http11Processor.java:398)
	at org.apache.coyote.AbstractProcessorLight.process(AbstractProcessorLight.java:63)
	at org.apache.coyote.AbstractProtocol$ConnectionHandler.process(AbstractProtocol.java:903)
	at org.apache.tomcat.util.net.NioEndpoint$SocketProcessor.doRun(NioEndpoint.java:1769)
	at org.apache.tomcat.util.net.SocketProcessorBase.run(SocketProcessorBase.java:52)
	at org.apache.tomcat.util.threads.ThreadPoolExecutor.runWorker(ThreadPoolExecutor.java:1189)
	at org.apache.tomcat.util.threads.ThreadPoolExecutor$Worker.run(ThreadPoolExecutor.java:658)
	at org.apache.tomcat.util.threads.TaskThread$WrappingRunnable.run(TaskThread.java:63)
	at java.base/java.lang.Thread.run(Thread.java:840)
2026-03-22 08:32:28.508 [http-nio-0.0.0.0-8090-exec-5] ERROR [c68b48e3-97e6-43f1-8996-6d5588ee668d] [10408d73-7008-4b9b-bd25-5a1672e3de52] i.m.blog.client.AuthServiceClient - Error calling auth-service for userId: 231989d6-6752-4842-b00a-edab7da2f4ca: 401 Unauthorized: "{"success":false,"statusCode":401,"message":"Authentication token is required for this endpoint","data":{"errorCode":"TOKEN_MISSING","requestPath":"/api/v1/auth/api/v1/user/profile/231989d6-6752-4842-b00a-edab7da2f4ca","timestamp":1774148548391,"suggestion":"Please provide a valid authentication token in the Authorization header"},"errors":null}"
2026-03-22 08:32:28.951 [http-nio-0.0.0.0-8090-exec-5] ERROR [c68b48e3-97e6-43f1-8996-6d5588ee668d] [10408d73-7008-4b9b-bd25-5a1672e3de52] i.m.blog.client.AuthServiceClient - Error calling auth-service for userId: d54a5ab1-2037-4fcf-bab2-d40612f35e08: 401 Unauthorized: "{"success":false,"statusCode":401,"message":"Authentication token is required for this endpoint","data":{"errorCode":"TOKEN_MISSING","requestPath":"/api/v1/auth/api/v1/user/profile/d54a5ab1-2037-4fcf-bab2-d40612f35e08","timestamp":1774148548834,"suggestion":"Please provide a valid authentication token in the Authorization header"},"errors":null}"
2026-03-22 08:32:29.417 [http-nio-0.0.0.0-8090-exec-5] INFO  [c68b48e3-97e6-43f1-8996-6d5588ee668d] [10408d73-7008-4b9b-bd25-5a1672e3de52] c.zaxxer.hikari.pool.ProxyLeakTask - Previously reported leaked connection org.postgresql.jdbc.PgConnection@53f5a187 on thread http-nio-0.0.0.0-8090-exec-5 was returned to the pool (unleaked)
2026-03-22 08:32:39.131 [HikariPool-1 housekeeper] DEBUG [N/A] [N/A] com.zaxxer.hikari.pool.HikariPool - HikariPool-1 - Before cleanup stats (total=1, active=0, idle=1, waiting=0)
2026-03-22 08:32:39.131 [HikariPool-1 housekeeper] DEBUG [N/A] [N/A] com.zaxxer.hikari.pool.HikariPool - HikariPool-1 - After cleanup  stats (total=1, active=0, idle=1, waiting=0)
2026-03-22 08:32:39.131 [HikariPool-1 housekeeper] DEBUG [N/A] [N/A] com.zaxxer.hikari.pool.HikariPool - HikariPool-1 - Fill pool skipped, pool has sufficient level or currently being filled.
2026-03-22 08:32:44.710 [http-nio-0.0.0.0-8090-exec-6] INFO  [22970428-ff21-4f75-a80e-ba0dc4642629] [93d126da-9452-4ae9-82d8-7e6e5f860b12] i.m.b.s.impl.BlogPostServiceImpl - Fetching all blog posts with pagination: PaginationRequest(page=0, size=10, sortBy=createdAt, sortDirection=DESC)
2026-03-22 08:32:44.752 [http-nio-0.0.0.0-8090-exec-6] INFO  [22970428-ff21-4f75-a80e-ba0dc4642629] [93d126da-9452-4ae9-82d8-7e6e5f860b12] i.m.b.s.impl.BlogPostServiceImpl - Fetching all blog posts with pagination
2026-03-22 08:32:46.707 [HikariPool-1 housekeeper] WARN  [N/A] [N/A] c.zaxxer.hikari.pool.ProxyLeakTask - Connection leak detection triggered for org.postgresql.jdbc.PgConnection@53f5a187 on thread http-nio-0.0.0.0-8090-exec-6, stack trace follows
java.lang.Exception: Apparent connection leak detected
	at com.zaxxer.hikari.HikariDataSource.getConnection(HikariDataSource.java:127)
	at org.hibernate.engine.jdbc.connections.internal.DatasourceConnectionProviderImpl.getConnection(DatasourceConnectionProviderImpl.java:122)
	at org.hibernate.internal.NonContextualJdbcConnectionAccess.obtainConnection(NonContextualJdbcConnectionAccess.java:46)
	at org.hibernate.resource.jdbc.internal.LogicalConnectionManagedImpl.acquireConnectionIfNeeded(LogicalConnectionManagedImpl.java:126)
	at org.hibernate.resource.jdbc.internal.LogicalConnectionManagedImpl.getPhysicalConnection(LogicalConnectionManagedImpl.java:156)
	at org.springframework.orm.jpa.vendor.HibernateJpaDialect.beginTransaction(HibernateJpaDialect.java:164)
	at org.springframework.orm.jpa.JpaTransactionManager.doBegin(JpaTransactionManager.java:420)
	at org.springframework.transaction.support.AbstractPlatformTransactionManager.startTransaction(AbstractPlatformTransactionManager.java:532)
	at org.springframework.transaction.support.AbstractPlatformTransactionManager.getTransaction(AbstractPlatformTransactionManager.java:405)
	at org.springframework.transaction.interceptor.TransactionAspectSupport.createTransactionIfNecessary(TransactionAspectSupport.java:604)
	at org.springframework.transaction.interceptor.TransactionAspectSupport.invokeWithinTransaction(TransactionAspectSupport.java:373)
	at org.springframework.transaction.interceptor.TransactionInterceptor.invoke(TransactionInterceptor.java:119)
	at org.springframework.aop.framework.ReflectiveMethodInvocation.proceed(ReflectiveMethodInvocation.java:184)
	at org.springframework.aop.framework.CglibAopProxy$CglibMethodInvocation.proceed(CglibAopProxy.java:769)
	at org.springframework.aop.framework.CglibAopProxy$DynamicAdvisedInterceptor.intercept(CglibAopProxy.java:721)
	at in.mapmytour.blog.service.impl.BlogPostServiceImpl$$SpringCGLIB$$0.getAllBlogPosts(<generated>)
	at in.mapmytour.blog.controller.BlogPostController.getAllBlogPosts(BlogPostController.java:129)
	at java.base/jdk.internal.reflect.NativeMethodAccessorImpl.invoke0(Native Method)
	at java.base/jdk.internal.reflect.NativeMethodAccessorImpl.invoke(NativeMethodAccessorImpl.java:77)
	at java.base/jdk.internal.reflect.DelegatingMethodAccessorImpl.invoke(DelegatingMethodAccessorImpl.java:43)
	at java.base/java.lang.reflect.Method.invoke(Method.java:569)
	at org.springframework.web.method.support.InvocableHandlerMethod.doInvoke(InvocableHandlerMethod.java:255)
	at org.springframework.web.method.support.InvocableHandlerMethod.invokeForRequest(InvocableHandlerMethod.java:188)
	at org.springframework.web.servlet.mvc.method.annotation.ServletInvocableHandlerMethod.invokeAndHandle(ServletInvocableHandlerMethod.java:118)
	at org.springframework.web.servlet.mvc.method.annotation.RequestMappingHandlerAdapter.invokeHandlerMethod(RequestMappingHandlerAdapter.java:926)
	at org.springframework.web.servlet.mvc.method.annotation.RequestMappingHandlerAdapter.handleInternal(RequestMappingHandlerAdapter.java:831)
	at org.springframework.web.servlet.mvc.method.AbstractHandlerMethodAdapter.handle(AbstractHandlerMethodAdapter.java:87)
	at org.springframework.web.servlet.DispatcherServlet.doDispatch(DispatcherServlet.java:1089)
	at org.springframework.web.servlet.DispatcherServlet.doService(DispatcherServlet.java:979)
	at org.springframework.web.servlet.FrameworkServlet.processRequest(FrameworkServlet.java:1014)
	at org.springframework.web.servlet.FrameworkServlet.doGet(FrameworkServlet.java:903)
	at jakarta.servlet.http.HttpServlet.service(HttpServlet.java:564)
	at org.springframework.web.servlet.FrameworkServlet.service(FrameworkServlet.java:885)
	at jakarta.servlet.http.HttpServlet.service(HttpServlet.java:658)
	at org.apache.catalina.core.ApplicationFilterChain.internalDoFilter(ApplicationFilterChain.java:195)
	at org.apache.catalina.core.ApplicationFilterChain.doFilter(ApplicationFilterChain.java:140)
	at org.apache.tomcat.websocket.server.WsFilter.doFilter(WsFilter.java:51)
	at org.apache.catalina.core.ApplicationFilterChain.internalDoFilter(ApplicationFilterChain.java:164)
	at org.apache.catalina.core.ApplicationFilterChain.doFilter(ApplicationFilterChain.java:140)
	at in.mapmytour.blog.filter.CorrelationIdFilter.doFilterInternal(CorrelationIdFilter.java:51)
	at org.springframework.web.filter.OncePerRequestFilter.doFilter(OncePerRequestFilter.java:116)
	at org.apache.catalina.core.ApplicationFilterChain.internalDoFilter(ApplicationFilterChain.java:164)
	at org.apache.catalina.core.ApplicationFilterChain.doFilter(ApplicationFilterChain.java:140)
	at org.springframework.web.filter.OncePerRequestFilter.doFilter(OncePerRequestFilter.java:110)
	at org.apache.catalina.core.ApplicationFilterChain.internalDoFilter(ApplicationFilterChain.java:164)
	at org.apache.catalina.core.ApplicationFilterChain.doFilter(ApplicationFilterChain.java:140)
	at org.springframework.web.filter.CompositeFilter$VirtualFilterChain.doFilter(CompositeFilter.java:108)
	at org.springframework.security.web.FilterChainProxy.lambda$doFilterInternal$3(FilterChainProxy.java:231)
	at org.springframework.security.web.ObservationFilterChainDecorator$FilterObservation$SimpleFilterObservation.lambda$wrap$1(ObservationFilterChainDecorator.java:479)
	at org.springframework.security.web.ObservationFilterChainDecorator$AroundFilterObservation$SimpleAroundFilterObservation.lambda$wrap$1(ObservationFilterChainDecorator.java:340)
	at org.springframework.security.web.ObservationFilterChainDecorator.lambda$wrapSecured$0(ObservationFilterChainDecorator.java:82)
	at org.springframework.security.web.ObservationFilterChainDecorator$VirtualFilterChain.doFilter(ObservationFilterChainDecorator.java:128)
	at org.springframework.security.web.access.intercept.AuthorizationFilter.doFilter(AuthorizationFilter.java:100)
	at org.springframework.security.web.ObservationFilterChainDecorator$ObservationFilter.wrapFilter(ObservationFilterChainDecorator.java:240)
	at org.springframework.security.web.ObservationFilterChainDecorator$ObservationFilter.doFilter(ObservationFilterChainDecorator.java:227)
	at org.springframework.security.web.ObservationFilterChainDecorator$VirtualFilterChain.doFilter(ObservationFilterChainDecorator.java:137)
	at org.springframework.security.web.access.ExceptionTranslationFilter.doFilter(ExceptionTranslationFilter.java:126)
	at org.springframework.security.web.access.ExceptionTranslationFilter.doFilter(ExceptionTranslationFilter.java:120)
	at org.springframework.security.web.ObservationFilterChainDecorator$ObservationFilter.wrapFilter(ObservationFilterChainDecorator.java:240)
	at org.springframework.security.web.ObservationFilterChainDecorator$ObservationFilter.doFilter(ObservationFilterChainDecorator.java:227)
	at org.springframework.security.web.ObservationFilterChainDecorator$VirtualFilterChain.doFilter(ObservationFilterChainDecorator.java:137)
	at org.springframework.security.web.session.SessionManagementFilter.doFilter(SessionManagementFilter.java:131)
	at org.springframework.security.web.session.SessionManagementFilter.doFilter(SessionManagementFilter.java:85)
	at org.springframework.security.web.ObservationFilterChainDecorator$ObservationFilter.wrapFilter(ObservationFilterChainDecorator.java:240)
	at org.springframework.security.web.ObservationFilterChainDecorator$ObservationFilter.doFilter(ObservationFilterChainDecorator.java:227)
	at org.springframework.security.web.ObservationFilterChainDecorator$VirtualFilterChain.doFilter(ObservationFilterChainDecorator.java:137)
	at org.springframework.security.web.authentication.AnonymousAuthenticationFilter.doFilter(AnonymousAuthenticationFilter.java:100)
	at org.springframework.security.web.ObservationFilterChainDecorator$ObservationFilter.wrapFilter(ObservationFilterChainDecorator.java:240)
	at org.springframework.security.web.ObservationFilterChainDecorator$ObservationFilter.doFilter(ObservationFilterChainDecorator.java:227)
	at org.springframework.security.web.ObservationFilterChainDecorator$VirtualFilterChain.doFilter(ObservationFilterChainDecorator.java:137)
	at org.springframework.security.web.servletapi.SecurityContextHolderAwareRequestFilter.doFilter(SecurityContextHolderAwareRequestFilter.java:179)
	at org.springframework.security.web.ObservationFilterChainDecorator$ObservationFilter.wrapFilter(ObservationFilterChainDecorator.java:240)
	at org.springframework.security.web.ObservationFilterChainDecorator$ObservationFilter.doFilter(ObservationFilterChainDecorator.java:227)
	at org.springframework.security.web.ObservationFilterChainDecorator$VirtualFilterChain.doFilter(ObservationFilterChainDecorator.java:137)
	at org.springframework.security.web.savedrequest.RequestCacheAwareFilter.doFilter(RequestCacheAwareFilter.java:63)
	at org.springframework.security.web.ObservationFilterChainDecorator$ObservationFilter.wrapFilter(ObservationFilterChainDecorator.java:240)
	at org.springframework.security.web.ObservationFilterChainDecorator$ObservationFilter.doFilter(ObservationFilterChainDecorator.java:227)
	at org.springframework.security.web.ObservationFilterChainDecorator$VirtualFilterChain.doFilter(ObservationFilterChainDecorator.java:137)
	at in.mapmytour.blog.security.JwtAuthenticationFilter.doFilterInternal(JwtAuthenticationFilter.java:41)
	at org.springframework.web.filter.OncePerRequestFilter.doFilter(OncePerRequestFilter.java:116)
	at org.springframework.security.web.ObservationFilterChainDecorator$ObservationFilter.wrapFilter(ObservationFilterChainDecorator.java:240)
	at org.springframework.security.web.ObservationFilterChainDecorator$ObservationFilter.doFilter(ObservationFilterChainDecorator.java:227)
	at org.springframework.security.web.ObservationFilterChainDecorator$VirtualFilterChain.doFilter(ObservationFilterChainDecorator.java:137)
	at in.mapmytour.blog.config.GatewayOnlyAccessFilter.doFilterInternal(GatewayOnlyAccessFilter.java:97)
	at org.springframework.web.filter.OncePerRequestFilter.doFilter(OncePerRequestFilter.java:116)
	at org.springframework.security.web.ObservationFilterChainDecorator$ObservationFilter.wrapFilter(ObservationFilterChainDecorator.java:240)
	at org.springframework.security.web.ObservationFilterChainDecorator$ObservationFilter.doFilter(ObservationFilterChainDecorator.java:227)
	at org.springframework.security.web.ObservationFilterChainDecorator$VirtualFilterChain.doFilter(ObservationFilterChainDecorator.java:137)
	at org.springframework.security.web.authentication.logout.LogoutFilter.doFilter(LogoutFilter.java:107)
	at org.springframework.security.web.authentication.logout.LogoutFilter.doFilter(LogoutFilter.java:93)
	at org.springframework.security.web.ObservationFilterChainDecorator$ObservationFilter.wrapFilter(ObservationFilterChainDecorator.java:240)
	at org.springframework.security.web.ObservationFilterChainDecorator$ObservationFilter.doFilter(ObservationFilterChainDecorator.java:227)
	at org.springframework.security.web.ObservationFilterChainDecorator$VirtualFilterChain.doFilter(ObservationFilterChainDecorator.java:137)
	at org.springframework.web.filter.CorsFilter.doFilterInternal(CorsFilter.java:91)
	at org.springframework.web.filter.OncePerRequestFilter.doFilter(OncePerRequestFilter.java:116)
	at org.springframework.security.web.ObservationFilterChainDecorator$ObservationFilter.wrapFilter(ObservationFilterChainDecorator.java:240)
	at org.springframework.security.web.ObservationFilterChainDecorator$ObservationFilter.doFilter(ObservationFilterChainDecorator.java:227)
	at org.springframework.security.web.ObservationFilterChainDecorator$VirtualFilterChain.doFilter(ObservationFilterChainDecorator.java:137)
	at org.springframework.security.web.header.HeaderWriterFilter.doHeadersAfter(HeaderWriterFilter.java:90)
	at org.springframework.security.web.header.HeaderWriterFilter.doFilterInternal(HeaderWriterFilter.java:75)
	at org.springframework.web.filter.OncePerRequestFilter.doFilter(OncePerRequestFilter.java:116)
	at org.springframework.security.web.ObservationFilterChainDecorator$ObservationFilter.wrapFilter(ObservationFilterChainDecorator.java:240)
	at org.springframework.security.web.ObservationFilterChainDecorator$ObservationFilter.doFilter(ObservationFilterChainDecorator.java:227)
	at org.springframework.security.web.ObservationFilterChainDecorator$VirtualFilterChain.doFilter(ObservationFilterChainDecorator.java:137)
	at org.springframework.security.web.context.SecurityContextHolderFilter.doFilter(SecurityContextHolderFilter.java:82)
	at org.springframework.security.web.context.SecurityContextHolderFilter.doFilter(SecurityContextHolderFilter.java:69)
	at org.springframework.security.web.ObservationFilterChainDecorator$ObservationFilter.wrapFilter(ObservationFilterChainDecorator.java:240)
	at org.springframework.security.web.ObservationFilterChainDecorator$ObservationFilter.doFilter(ObservationFilterChainDecorator.java:227)
	at org.springframework.security.web.ObservationFilterChainDecorator$VirtualFilterChain.doFilter(ObservationFilterChainDecorator.java:137)
	at org.springframework.security.web.context.request.async.WebAsyncManagerIntegrationFilter.doFilterInternal(WebAsyncManagerIntegrationFilter.java:62)
	at org.springframework.web.filter.OncePerRequestFilter.doFilter(OncePerRequestFilter.java:116)
	at org.springframework.security.web.ObservationFilterChainDecorator$ObservationFilter.wrapFilter(ObservationFilterChainDecorator.java:240)
	at org.springframework.security.web.ObservationFilterChainDecorator$ObservationFilter.doFilter(ObservationFilterChainDecorator.java:227)
	at org.springframework.security.web.ObservationFilterChainDecorator$VirtualFilterChain.doFilter(ObservationFilterChainDecorator.java:137)
	at org.springframework.security.web.session.DisableEncodeUrlFilter.doFilterInternal(DisableEncodeUrlFilter.java:42)
	at org.springframework.web.filter.OncePerRequestFilter.doFilter(OncePerRequestFilter.java:116)
	at org.springframework.security.web.ObservationFilterChainDecorator$ObservationFilter.wrapFilter(ObservationFilterChainDecorator.java:240)
	at org.springframework.security.web.ObservationFilterChainDecorator$AroundFilterObservation$SimpleAroundFilterObservation.lambda$wrap$0(ObservationFilterChainDecorator.java:323)
	at org.springframework.security.web.ObservationFilterChainDecorator$ObservationFilter.doFilter(ObservationFilterChainDecorator.java:224)
	at org.springframework.security.web.ObservationFilterChainDecorator$VirtualFilterChain.doFilter(ObservationFilterChainDecorator.java:137)
	at org.springframework.security.web.FilterChainProxy.doFilterInternal(FilterChainProxy.java:233)
	at org.springframework.security.web.FilterChainProxy.doFilter(FilterChainProxy.java:191)
	at org.springframework.web.filter.CompositeFilter$VirtualFilterChain.doFilter(CompositeFilter.java:113)
	at org.springframework.web.servlet.handler.HandlerMappingIntrospector.lambda$createCacheFilter$3(HandlerMappingIntrospector.java:195)
	at org.springframework.web.filter.CompositeFilter$VirtualFilterChain.doFilter(CompositeFilter.java:113)
	at org.springframework.web.filter.CompositeFilter.doFilter(CompositeFilter.java:74)
	at org.springframework.security.config.annotation.web.configuration.WebMvcSecurityConfiguration$CompositeFilterChainProxy.doFilter(WebMvcSecurityConfiguration.java:230)
	at org.springframework.web.filter.DelegatingFilterProxy.invokeDelegate(DelegatingFilterProxy.java:362)
	at org.springframework.web.filter.DelegatingFilterProxy.doFilter(DelegatingFilterProxy.java:278)
	at org.apache.catalina.core.ApplicationFilterChain.internalDoFilter(ApplicationFilterChain.java:164)
	at org.apache.catalina.core.ApplicationFilterChain.doFilter(ApplicationFilterChain.java:140)
	at org.springframework.web.filter.RequestContextFilter.doFilterInternal(RequestContextFilter.java:100)
	at org.springframework.web.filter.OncePerRequestFilter.doFilter(OncePerRequestFilter.java:116)
	at org.apache.catalina.core.ApplicationFilterChain.internalDoFilter(ApplicationFilterChain.java:164)
	at org.apache.catalina.core.ApplicationFilterChain.doFilter(ApplicationFilterChain.java:140)
	at org.springframework.web.filter.FormContentFilter.doFilterInternal(FormContentFilter.java:93)
	at org.springframework.web.filter.OncePerRequestFilter.doFilter(OncePerRequestFilter.java:116)
	at org.apache.catalina.core.ApplicationFilterChain.internalDoFilter(ApplicationFilterChain.java:164)
	at org.apache.catalina.core.ApplicationFilterChain.doFilter(ApplicationFilterChain.java:140)
	at org.springframework.web.filter.ServerHttpObservationFilter.doFilterInternal(ServerHttpObservationFilter.java:113)
	at org.springframework.web.filter.OncePerRequestFilter.doFilter(OncePerRequestFilter.java:116)
	at org.apache.catalina.core.ApplicationFilterChain.internalDoFilter(ApplicationFilterChain.java:164)
	at org.apache.catalina.core.ApplicationFilterChain.doFilter(ApplicationFilterChain.java:140)
	at org.springframework.web.filter.CharacterEncodingFilter.doFilterInternal(CharacterEncodingFilter.java:201)
	at org.springframework.web.filter.OncePerRequestFilter.doFilter(OncePerRequestFilter.java:116)
	at org.apache.catalina.core.ApplicationFilterChain.internalDoFilter(ApplicationFilterChain.java:164)
	at org.apache.catalina.core.ApplicationFilterChain.doFilter(ApplicationFilterChain.java:140)
	at org.apache.catalina.core.StandardWrapperValve.invoke(StandardWrapperValve.java:167)
	at org.apache.catalina.core.StandardContextValve.invoke(StandardContextValve.java:90)
	at org.apache.catalina.authenticator.AuthenticatorBase.invoke(AuthenticatorBase.java:483)
	at org.apache.catalina.core.StandardHostValve.invoke(StandardHostValve.java:116)
	at org.apache.catalina.valves.ErrorReportValve.invoke(ErrorReportValve.java:93)
	at org.apache.catalina.core.StandardEngineValve.invoke(StandardEngineValve.java:74)
	at org.apache.catalina.connector.CoyoteAdapter.service(CoyoteAdapter.java:344)
	at org.apache.coyote.http11.Http11Processor.service(Http11Processor.java:398)
	at org.apache.coyote.AbstractProcessorLight.process(AbstractProcessorLight.java:63)
	at org.apache.coyote.AbstractProtocol$ConnectionHandler.process(AbstractProtocol.java:903)
	at org.apache.tomcat.util.net.NioEndpoint$SocketProcessor.doRun(NioEndpoint.java:1769)
	at org.apache.tomcat.util.net.SocketProcessorBase.run(SocketProcessorBase.java:52)
	at org.apache.tomcat.util.threads.ThreadPoolExecutor.runWorker(ThreadPoolExecutor.java:1189)
	at org.apache.tomcat.util.threads.ThreadPoolExecutor$Worker.run(ThreadPoolExecutor.java:658)
	at org.apache.tomcat.util.threads.TaskThread$WrappingRunnable.run(TaskThread.java:63)
	at java.base/java.lang.Thread.run(Thread.java:840)
2026-03-22 08:32:47.006 [http-nio-0.0.0.0-8090-exec-6] ERROR [22970428-ff21-4f75-a80e-ba0dc4642629] [93d126da-9452-4ae9-82d8-7e6e5f860b12] i.m.blog.client.AuthServiceClient - Error calling auth-service for userId: 231989d6-6752-4842-b00a-edab7da2f4ca: 401 Unauthorized: "{"success":false,"statusCode":401,"message":"Authentication token is required for this endpoint","data":{"errorCode":"TOKEN_MISSING","requestPath":"/api/v1/auth/api/v1/user/profile/231989d6-6752-4842-b00a-edab7da2f4ca","timestamp":1774148566811,"suggestion":"Please provide a valid authentication token in the Authorization header"},"errors":null}"
2026-03-22 08:32:47.298 [http-nio-0.0.0.0-8090-exec-6] ERROR [22970428-ff21-4f75-a80e-ba0dc4642629] [93d126da-9452-4ae9-82d8-7e6e5f860b12] i.m.blog.client.AuthServiceClient - Error calling auth-service for userId: d54a5ab1-2037-4fcf-bab2-d40612f35e08: 401 Unauthorized: "{"success":false,"statusCode":401,"message":"Authentication token is required for this endpoint","data":{"errorCode":"TOKEN_MISSING","requestPath":"/api/v1/auth/api/v1/user/profile/d54a5ab1-2037-4fcf-bab2-d40612f35e08","timestamp":1774148567139,"suggestion":"Please provide a valid authentication token in the Authorization header"},"errors":null}"
2026-03-22 08:32:48.195 [http-nio-0.0.0.0-8090-exec-6] INFO  [22970428-ff21-4f75-a80e-ba0dc4642629] [93d126da-9452-4ae9-82d8-7e6e5f860b12] c.zaxxer.hikari.pool.ProxyLeakTask - Previously reported leaked connection org.postgresql.jdbc.PgConnection@53f5a187 on thread http-nio-0.0.0.0-8090-exec-6 was returned to the pool (unleaked)
2026-03-22 08:33:09.132 [HikariPool-1 housekeeper] DEBUG [N/A] [N/A] com.zaxxer.hikari.pool.HikariPool - HikariPool-1 - Before cleanup stats (total=1, active=0, idle=1, waiting=0)
2026-03-22 08:33:09.133 [HikariPool-1 housekeeper] DEBUG [N/A] [N/A] com.zaxxer.hikari.pool.HikariPool - HikariPool-1 - After cleanup  stats (total=1, active=0, idle=1, waiting=0)
2026-03-22 08:33:09.133 [HikariPool-1 housekeeper] DEBUG [N/A] [N/A] com.zaxxer.hikari.pool.HikariPool - HikariPool-1 - Fill pool skipped, pool has sufficient level or currently being filled.
2026-03-22 08:33:39.136 [HikariPool-1 housekeeper] DEBUG [N/A] [N/A] com.zaxxer.hikari.pool.HikariPool - HikariPool-1 - Before cleanup stats (total=1, active=0, idle=1, waiting=0)
2026-03-22 08:33:39.137 [HikariPool-1 housekeeper] DEBUG [N/A] [N/A] com.zaxxer.hikari.pool.HikariPool - HikariPool-1 - After cleanup  stats (total=1, active=0, idle=1, waiting=0)
2026-03-22 08:33:39.137 [HikariPool-1 housekeeper] DEBUG [N/A] [N/A] com.zaxxer.hikari.pool.HikariPool - HikariPool-1 - Fill pool skipped, pool has sufficient level or currently being filled.
2026-03-22 08:33:42.997 [http-nio-0.0.0.0-8090-exec-2] INFO  [53aa080f-773e-4a11-8936-ce45b688237b] [b506302d-e60b-40b7-ae19-ff856439973c] i.m.b.s.impl.BlogPostServiceImpl - Fetching all blog posts with pagination: PaginationRequest(page=0, size=10, sortBy=createdAt, sortDirection=DESC)
2026-03-22 08:33:42.998 [http-nio-0.0.0.0-8090-exec-2] INFO  [53aa080f-773e-4a11-8936-ce45b688237b] [b506302d-e60b-40b7-ae19-ff856439973c] i.m.b.s.impl.BlogPostServiceImpl - Fetching all blog posts with pagination
2026-03-22 08:33:45.002 [HikariPool-1 housekeeper] WARN  [N/A] [N/A] c.zaxxer.hikari.pool.ProxyLeakTask - Connection leak detection triggered for org.postgresql.jdbc.PgConnection@53f5a187 on thread http-nio-0.0.0.0-8090-exec-2, stack trace follows
java.lang.Exception: Apparent connection leak detected
	at com.zaxxer.hikari.HikariDataSource.getConnection(HikariDataSource.java:127)
	at org.hibernate.engine.jdbc.connections.internal.DatasourceConnectionProviderImpl.getConnection(DatasourceConnectionProviderImpl.java:122)
	at org.hibernate.internal.NonContextualJdbcConnectionAccess.obtainConnection(NonContextualJdbcConnectionAccess.java:46)
	at org.hibernate.resource.jdbc.internal.LogicalConnectionManagedImpl.acquireConnectionIfNeeded(LogicalConnectionManagedImpl.java:126)
	at org.hibernate.resource.jdbc.internal.LogicalConnectionManagedImpl.getPhysicalConnection(LogicalConnectionManagedImpl.java:156)
	at org.springframework.orm.jpa.vendor.HibernateJpaDialect.beginTransaction(HibernateJpaDialect.java:164)
	at org.springframework.orm.jpa.JpaTransactionManager.doBegin(JpaTransactionManager.java:420)
	at org.springframework.transaction.support.AbstractPlatformTransactionManager.startTransaction(AbstractPlatformTransactionManager.java:532)
	at org.springframework.transaction.support.AbstractPlatformTransactionManager.getTransaction(AbstractPlatformTransactionManager.java:405)
	at org.springframework.transaction.interceptor.TransactionAspectSupport.createTransactionIfNecessary(TransactionAspectSupport.java:604)
	at org.springframework.transaction.interceptor.TransactionAspectSupport.invokeWithinTransaction(TransactionAspectSupport.java:373)
	at org.springframework.transaction.interceptor.TransactionInterceptor.invoke(TransactionInterceptor.java:119)
	at org.springframework.aop.framework.ReflectiveMethodInvocation.proceed(ReflectiveMethodInvocation.java:184)
	at org.springframework.aop.framework.CglibAopProxy$CglibMethodInvocation.proceed(CglibAopProxy.java:769)
	at org.springframework.aop.framework.CglibAopProxy$DynamicAdvisedInterceptor.intercept(CglibAopProxy.java:721)
	at in.mapmytour.blog.service.impl.BlogPostServiceImpl$$SpringCGLIB$$0.getAllBlogPosts(<generated>)
	at in.mapmytour.blog.controller.BlogPostController.getAllBlogPosts(BlogPostController.java:129)
	at java.base/jdk.internal.reflect.NativeMethodAccessorImpl.invoke0(Native Method)
	at java.base/jdk.internal.reflect.NativeMethodAccessorImpl.invoke(NativeMethodAccessorImpl.java:77)
	at java.base/jdk.internal.reflect.DelegatingMethodAccessorImpl.invoke(DelegatingMethodAccessorImpl.java:43)
	at java.base/java.lang.reflect.Method.invoke(Method.java:569)
	at org.springframework.web.method.support.InvocableHandlerMethod.doInvoke(InvocableHandlerMethod.java:255)
	at org.springframework.web.method.support.InvocableHandlerMethod.invokeForRequest(InvocableHandlerMethod.java:188)
	at org.springframework.web.servlet.mvc.method.annotation.ServletInvocableHandlerMethod.invokeAndHandle(ServletInvocableHandlerMethod.java:118)
	at org.springframework.web.servlet.mvc.method.annotation.RequestMappingHandlerAdapter.invokeHandlerMethod(RequestMappingHandlerAdapter.java:926)
	at org.springframework.web.servlet.mvc.method.annotation.RequestMappingHandlerAdapter.handleInternal(RequestMappingHandlerAdapter.java:831)
	at org.springframework.web.servlet.mvc.method.AbstractHandlerMethodAdapter.handle(AbstractHandlerMethodAdapter.java:87)
	at org.springframework.web.servlet.DispatcherServlet.doDispatch(DispatcherServlet.java:1089)
	at org.springframework.web.servlet.DispatcherServlet.doService(DispatcherServlet.java:979)
	at org.springframework.web.servlet.FrameworkServlet.processRequest(FrameworkServlet.java:1014)
	at org.springframework.web.servlet.FrameworkServlet.doGet(FrameworkServlet.java:903)
	at jakarta.servlet.http.HttpServlet.service(HttpServlet.java:564)
	at org.springframework.web.servlet.FrameworkServlet.service(FrameworkServlet.java:885)
	at jakarta.servlet.http.HttpServlet.service(HttpServlet.java:658)
	at org.apache.catalina.core.ApplicationFilterChain.internalDoFilter(ApplicationFilterChain.java:195)
	at org.apache.catalina.core.ApplicationFilterChain.doFilter(ApplicationFilterChain.java:140)
	at org.apache.tomcat.websocket.server.WsFilter.doFilter(WsFilter.java:51)
	at org.apache.catalina.core.ApplicationFilterChain.internalDoFilter(ApplicationFilterChain.java:164)
	at org.apache.catalina.core.ApplicationFilterChain.doFilter(ApplicationFilterChain.java:140)
	at in.mapmytour.blog.filter.CorrelationIdFilter.doFilterInternal(CorrelationIdFilter.java:51)
	at org.springframework.web.filter.OncePerRequestFilter.doFilter(OncePerRequestFilter.java:116)
	at org.apache.catalina.core.ApplicationFilterChain.internalDoFilter(ApplicationFilterChain.java:164)
	at org.apache.catalina.core.ApplicationFilterChain.doFilter(ApplicationFilterChain.java:140)
	at org.springframework.web.filter.OncePerRequestFilter.doFilter(OncePerRequestFilter.java:110)
	at org.apache.catalina.core.ApplicationFilterChain.internalDoFilter(ApplicationFilterChain.java:164)
	at org.apache.catalina.core.ApplicationFilterChain.doFilter(ApplicationFilterChain.java:140)
	at org.springframework.web.filter.CompositeFilter$VirtualFilterChain.doFilter(CompositeFilter.java:108)
	at org.springframework.security.web.FilterChainProxy.lambda$doFilterInternal$3(FilterChainProxy.java:231)
	at org.springframework.security.web.ObservationFilterChainDecorator$FilterObservation$SimpleFilterObservation.lambda$wrap$1(ObservationFilterChainDecorator.java:479)
	at org.springframework.security.web.ObservationFilterChainDecorator$AroundFilterObservation$SimpleAroundFilterObservation.lambda$wrap$1(ObservationFilterChainDecorator.java:340)
	at org.springframework.security.web.ObservationFilterChainDecorator.lambda$wrapSecured$0(ObservationFilterChainDecorator.java:82)
	at org.springframework.security.web.ObservationFilterChainDecorator$VirtualFilterChain.doFilter(ObservationFilterChainDecorator.java:128)
	at org.springframework.security.web.access.intercept.AuthorizationFilter.doFilter(AuthorizationFilter.java:100)
	at org.springframework.security.web.ObservationFilterChainDecorator$ObservationFilter.wrapFilter(ObservationFilterChainDecorator.java:240)
	at org.springframework.security.web.ObservationFilterChainDecorator$ObservationFilter.doFilter(ObservationFilterChainDecorator.java:227)
	at org.springframework.security.web.ObservationFilterChainDecorator$VirtualFilterChain.doFilter(ObservationFilterChainDecorator.java:137)
	at org.springframework.security.web.access.ExceptionTranslationFilter.doFilter(ExceptionTranslationFilter.java:126)
	at org.springframework.security.web.access.ExceptionTranslationFilter.doFilter(ExceptionTranslationFilter.java:120)
	at org.springframework.security.web.ObservationFilterChainDecorator$ObservationFilter.wrapFilter(ObservationFilterChainDecorator.java:240)
	at org.springframework.security.web.ObservationFilterChainDecorator$ObservationFilter.doFilter(ObservationFilterChainDecorator.java:227)
	at org.springframework.security.web.ObservationFilterChainDecorator$VirtualFilterChain.doFilter(ObservationFilterChainDecorator.java:137)
	at org.springframework.security.web.session.SessionManagementFilter.doFilter(SessionManagementFilter.java:131)
	at org.springframework.security.web.session.SessionManagementFilter.doFilter(SessionManagementFilter.java:85)
	at org.springframework.security.web.ObservationFilterChainDecorator$ObservationFilter.wrapFilter(ObservationFilterChainDecorator.java:240)
	at org.springframework.security.web.ObservationFilterChainDecorator$ObservationFilter.doFilter(ObservationFilterChainDecorator.java:227)
	at org.springframework.security.web.ObservationFilterChainDecorator$VirtualFilterChain.doFilter(ObservationFilterChainDecorator.java:137)
	at org.springframework.security.web.authentication.AnonymousAuthenticationFilter.doFilter(AnonymousAuthenticationFilter.java:100)
	at org.springframework.security.web.ObservationFilterChainDecorator$ObservationFilter.wrapFilter(ObservationFilterChainDecorator.java:240)
	at org.springframework.security.web.ObservationFilterChainDecorator$ObservationFilter.doFilter(ObservationFilterChainDecorator.java:227)
	at org.springframework.security.web.ObservationFilterChainDecorator$VirtualFilterChain.doFilter(ObservationFilterChainDecorator.java:137)
	at org.springframework.security.web.servletapi.SecurityContextHolderAwareRequestFilter.doFilter(SecurityContextHolderAwareRequestFilter.java:179)
	at org.springframework.security.web.ObservationFilterChainDecorator$ObservationFilter.wrapFilter(ObservationFilterChainDecorator.java:240)
	at org.springframework.security.web.ObservationFilterChainDecorator$ObservationFilter.doFilter(ObservationFilterChainDecorator.java:227)
	at org.springframework.security.web.ObservationFilterChainDecorator$VirtualFilterChain.doFilter(ObservationFilterChainDecorator.java:137)
	at org.springframework.security.web.savedrequest.RequestCacheAwareFilter.doFilter(RequestCacheAwareFilter.java:63)
	at org.springframework.security.web.ObservationFilterChainDecorator$ObservationFilter.wrapFilter(ObservationFilterChainDecorator.java:240)
	at org.springframework.security.web.ObservationFilterChainDecorator$ObservationFilter.doFilter(ObservationFilterChainDecorator.java:227)
	at org.springframework.security.web.ObservationFilterChainDecorator$VirtualFilterChain.doFilter(ObservationFilterChainDecorator.java:137)
	at in.mapmytour.blog.security.JwtAuthenticationFilter.doFilterInternal(JwtAuthenticationFilter.java:41)
	at org.springframework.web.filter.OncePerRequestFilter.doFilter(OncePerRequestFilter.java:116)
	at org.springframework.security.web.ObservationFilterChainDecorator$ObservationFilter.wrapFilter(ObservationFilterChainDecorator.java:240)
	at org.springframework.security.web.ObservationFilterChainDecorator$ObservationFilter.doFilter(ObservationFilterChainDecorator.java:227)
	at org.springframework.security.web.ObservationFilterChainDecorator$VirtualFilterChain.doFilter(ObservationFilterChainDecorator.java:137)
	at in.mapmytour.blog.config.GatewayOnlyAccessFilter.doFilterInternal(GatewayOnlyAccessFilter.java:97)
	at org.springframework.web.filter.OncePerRequestFilter.doFilter(OncePerRequestFilter.java:116)
	at org.springframework.security.web.ObservationFilterChainDecorator$ObservationFilter.wrapFilter(ObservationFilterChainDecorator.java:240)
	at org.springframework.security.web.ObservationFilterChainDecorator$ObservationFilter.doFilter(ObservationFilterChainDecorator.java:227)
	at org.springframework.security.web.ObservationFilterChainDecorator$VirtualFilterChain.doFilter(ObservationFilterChainDecorator.java:137)
	at org.springframework.security.web.authentication.logout.LogoutFilter.doFilter(LogoutFilter.java:107)
	at org.springframework.security.web.authentication.logout.LogoutFilter.doFilter(LogoutFilter.java:93)
	at org.springframework.security.web.ObservationFilterChainDecorator$ObservationFilter.wrapFilter(ObservationFilterChainDecorator.java:240)
	at org.springframework.security.web.ObservationFilterChainDecorator$ObservationFilter.doFilter(ObservationFilterChainDecorator.java:227)
	at org.springframework.security.web.ObservationFilterChainDecorator$VirtualFilterChain.doFilter(ObservationFilterChainDecorator.java:137)
	at org.springframework.web.filter.CorsFilter.doFilterInternal(CorsFilter.java:91)
	at org.springframework.web.filter.OncePerRequestFilter.doFilter(OncePerRequestFilter.java:116)
	at org.springframework.security.web.ObservationFilterChainDecorator$ObservationFilter.wrapFilter(ObservationFilterChainDecorator.java:240)
	at org.springframework.security.web.ObservationFilterChainDecorator$ObservationFilter.doFilter(ObservationFilterChainDecorator.java:227)
	at org.springframework.security.web.ObservationFilterChainDecorator$VirtualFilterChain.doFilter(ObservationFilterChainDecorator.java:137)
	at org.springframework.security.web.header.HeaderWriterFilter.doHeadersAfter(HeaderWriterFilter.java:90)
	at org.springframework.security.web.header.HeaderWriterFilter.doFilterInternal(HeaderWriterFilter.java:75)
	at org.springframework.web.filter.OncePerRequestFilter.doFilter(OncePerRequestFilter.java:116)
	at org.springframework.security.web.ObservationFilterChainDecorator$ObservationFilter.wrapFilter(ObservationFilterChainDecorator.java:240)
	at org.springframework.security.web.ObservationFilterChainDecorator$ObservationFilter.doFilter(ObservationFilterChainDecorator.java:227)
	at org.springframework.security.web.ObservationFilterChainDecorator$VirtualFilterChain.doFilter(ObservationFilterChainDecorator.java:137)
	at org.springframework.security.web.context.SecurityContextHolderFilter.doFilter(SecurityContextHolderFilter.java:82)
	at org.springframework.security.web.context.SecurityContextHolderFilter.doFilter(SecurityContextHolderFilter.java:69)
	at org.springframework.security.web.ObservationFilterChainDecorator$ObservationFilter.wrapFilter(ObservationFilterChainDecorator.java:240)
	at org.springframework.security.web.ObservationFilterChainDecorator$ObservationFilter.doFilter(ObservationFilterChainDecorator.java:227)
	at org.springframework.security.web.ObservationFilterChainDecorator$VirtualFilterChain.doFilter(ObservationFilterChainDecorator.java:137)
	at org.springframework.security.web.context.request.async.WebAsyncManagerIntegrationFilter.doFilterInternal(WebAsyncManagerIntegrationFilter.java:62)
	at org.springframework.web.filter.OncePerRequestFilter.doFilter(OncePerRequestFilter.java:116)
	at org.springframework.security.web.ObservationFilterChainDecorator$ObservationFilter.wrapFilter(ObservationFilterChainDecorator.java:240)
	at org.springframework.security.web.ObservationFilterChainDecorator$ObservationFilter.doFilter(ObservationFilterChainDecorator.java:227)
	at org.springframework.security.web.ObservationFilterChainDecorator$VirtualFilterChain.doFilter(ObservationFilterChainDecorator.java:137)
	at org.springframework.security.web.session.DisableEncodeUrlFilter.doFilterInternal(DisableEncodeUrlFilter.java:42)
	at org.springframework.web.filter.OncePerRequestFilter.doFilter(OncePerRequestFilter.java:116)
	at org.springframework.security.web.ObservationFilterChainDecorator$ObservationFilter.wrapFilter(ObservationFilterChainDecorator.java:240)
	at org.springframework.security.web.ObservationFilterChainDecorator$AroundFilterObservation$SimpleAroundFilterObservation.lambda$wrap$0(ObservationFilterChainDecorator.java:323)
	at org.springframework.security.web.ObservationFilterChainDecorator$ObservationFilter.doFilter(ObservationFilterChainDecorator.java:224)
	at org.springframework.security.web.ObservationFilterChainDecorator$VirtualFilterChain.doFilter(ObservationFilterChainDecorator.java:137)
	at org.springframework.security.web.FilterChainProxy.doFilterInternal(FilterChainProxy.java:233)
	at org.springframework.security.web.FilterChainProxy.doFilter(FilterChainProxy.java:191)
	at org.springframework.web.filter.CompositeFilter$VirtualFilterChain.doFilter(CompositeFilter.java:113)
	at org.springframework.web.servlet.handler.HandlerMappingIntrospector.lambda$createCacheFilter$3(HandlerMappingIntrospector.java:195)
	at org.springframework.web.filter.CompositeFilter$VirtualFilterChain.doFilter(CompositeFilter.java:113)
	at org.springframework.web.filter.CompositeFilter.doFilter(CompositeFilter.java:74)
	at org.springframework.security.config.annotation.web.configuration.WebMvcSecurityConfiguration$CompositeFilterChainProxy.doFilter(WebMvcSecurityConfiguration.java:230)
	at org.springframework.web.filter.DelegatingFilterProxy.invokeDelegate(DelegatingFilterProxy.java:362)
	at org.springframework.web.filter.DelegatingFilterProxy.doFilter(DelegatingFilterProxy.java:278)
	at org.apache.catalina.core.ApplicationFilterChain.internalDoFilter(ApplicationFilterChain.java:164)
	at org.apache.catalina.core.ApplicationFilterChain.doFilter(ApplicationFilterChain.java:140)
	at org.springframework.web.filter.RequestContextFilter.doFilterInternal(RequestContextFilter.java:100)
	at org.springframework.web.filter.OncePerRequestFilter.doFilter(OncePerRequestFilter.java:116)
	at org.apache.catalina.core.ApplicationFilterChain.internalDoFilter(ApplicationFilterChain.java:164)
	at org.apache.catalina.core.ApplicationFilterChain.doFilter(ApplicationFilterChain.java:140)
	at org.springframework.web.filter.FormContentFilter.doFilterInternal(FormContentFilter.java:93)
	at org.springframework.web.filter.OncePerRequestFilter.doFilter(OncePerRequestFilter.java:116)
	at org.apache.catalina.core.ApplicationFilterChain.internalDoFilter(ApplicationFilterChain.java:164)
	at org.apache.catalina.core.ApplicationFilterChain.doFilter(ApplicationFilterChain.java:140)
	at org.springframework.web.filter.ServerHttpObservationFilter.doFilterInternal(ServerHttpObservationFilter.java:113)
	at org.springframework.web.filter.OncePerRequestFilter.doFilter(OncePerRequestFilter.java:116)
	at org.apache.catalina.core.ApplicationFilterChain.internalDoFilter(ApplicationFilterChain.java:164)
	at org.apache.catalina.core.ApplicationFilterChain.doFilter(ApplicationFilterChain.java:140)
	at org.springframework.web.filter.CharacterEncodingFilter.doFilterInternal(CharacterEncodingFilter.java:201)
	at org.springframework.web.filter.OncePerRequestFilter.doFilter(OncePerRequestFilter.java:116)
	at org.apache.catalina.core.ApplicationFilterChain.internalDoFilter(ApplicationFilterChain.java:164)
	at org.apache.catalina.core.ApplicationFilterChain.doFilter(ApplicationFilterChain.java:140)
	at org.apache.catalina.core.StandardWrapperValve.invoke(StandardWrapperValve.java:167)
	at org.apache.catalina.core.StandardContextValve.invoke(StandardContextValve.java:90)
	at org.apache.catalina.authenticator.AuthenticatorBase.invoke(AuthenticatorBase.java:483)
	at org.apache.catalina.core.StandardHostValve.invoke(StandardHostValve.java:116)
	at org.apache.catalina.valves.ErrorReportValve.invoke(ErrorReportValve.java:93)
	at org.apache.catalina.core.StandardEngineValve.invoke(StandardEngineValve.java:74)
	at org.apache.catalina.connector.CoyoteAdapter.service(CoyoteAdapter.java:344)
	at org.apache.coyote.http11.Http11Processor.service(Http11Processor.java:398)
	at org.apache.coyote.AbstractProcessorLight.process(AbstractProcessorLight.java:63)
	at org.apache.coyote.AbstractProtocol$ConnectionHandler.process(AbstractProtocol.java:903)
	at org.apache.tomcat.util.net.NioEndpoint$SocketProcessor.doRun(NioEndpoint.java:1769)
	at org.apache.tomcat.util.net.SocketProcessorBase.run(SocketProcessorBase.java:52)
	at org.apache.tomcat.util.threads.ThreadPoolExecutor.runWorker(ThreadPoolExecutor.java:1189)
	at org.apache.tomcat.util.threads.ThreadPoolExecutor$Worker.run(ThreadPoolExecutor.java:658)
	at org.apache.tomcat.util.threads.TaskThread$WrappingRunnable.run(TaskThread.java:63)
	at java.base/java.lang.Thread.run(Thread.java:840)
2026-03-22 08:33:45.268 [http-nio-0.0.0.0-8090-exec-2] ERROR [53aa080f-773e-4a11-8936-ce45b688237b] [b506302d-e60b-40b7-ae19-ff856439973c] i.m.blog.client.AuthServiceClient - Error calling auth-service for userId: 231989d6-6752-4842-b00a-edab7da2f4ca: 401 Unauthorized: "{"success":false,"statusCode":401,"message":"Authentication token is required for this endpoint","data":{"errorCode":"TOKEN_MISSING","requestPath":"/api/v1/auth/api/v1/user/profile/231989d6-6752-4842-b00a-edab7da2f4ca","timestamp":1774148625158,"suggestion":"Please provide a valid authentication token in the Authorization header"},"errors":null}"
2026-03-22 08:33:45.734 [http-nio-0.0.0.0-8090-exec-2] ERROR [53aa080f-773e-4a11-8936-ce45b688237b] [b506302d-e60b-40b7-ae19-ff856439973c] i.m.blog.client.AuthServiceClient - Error calling auth-service for userId: d54a5ab1-2037-4fcf-bab2-d40612f35e08: 401 Unauthorized: "{"success":false,"statusCode":401,"message":"Authentication token is required for this endpoint","data":{"errorCode":"TOKEN_MISSING","requestPath":"/api/v1/auth/api/v1/user/profile/d54a5ab1-2037-4fcf-bab2-d40612f35e08","timestamp":1774148625595,"suggestion":"Please provide a valid authentication token in the Authorization header"},"errors":null}"
2026-03-22 08:33:46.032 [http-nio-0.0.0.0-8090-exec-2] INFO  [53aa080f-773e-4a11-8936-ce45b688237b] [b506302d-e60b-40b7-ae19-ff856439973c] c.zaxxer.hikari.pool.ProxyLeakTask - Previously reported leaked connection org.postgresql.jdbc.PgConnection@53f5a187 on thread http-nio-0.0.0.0-8090-exec-2 was returned to the pool (unleaked)
2026-03-22 08:34:09.141 [HikariPool-1 housekeeper] DEBUG [N/A] [N/A] com.zaxxer.hikari.pool.HikariPool - HikariPool-1 - Before cleanup stats (total=1, active=0, idle=1, waiting=0)
2026-03-22 08:34:09.142 [HikariPool-1 housekeeper] DEBUG [N/A] [N/A] com.zaxxer.hikari.pool.HikariPool - HikariPool-1 - After cleanup  stats (total=1, active=0, idle=1, waiting=0)
2026-03-22 08:34:09.142 [HikariPool-1 housekeeper] DEBUG [N/A] [N/A] com.zaxxer.hikari.pool.HikariPool - HikariPool-1 - Fill pool skipped, pool has sufficient level or currently being filled.
2026-03-22 08:34:39.144 [HikariPool-1 housekeeper] DEBUG [N/A] [N/A] com.zaxxer.hikari.pool.HikariPool - HikariPool-1 - Before cleanup stats (total=1, active=0, idle=1, waiting=0)
2026-03-22 08:34:39.144 [HikariPool-1 housekeeper] DEBUG [N/A] [N/A] com.zaxxer.hikari.pool.HikariPool - HikariPool-1 - After cleanup  stats (total=1, active=0, idle=1, waiting=0)
2026-03-22 08:34:39.144 [HikariPool-1 housekeeper] DEBUG [N/A] [N/A] com.zaxxer.hikari.pool.HikariPool - HikariPool-1 - Fill pool skipped, pool has sufficient level or currently being filled.
2026-03-22 08:35:09.149 [HikariPool-1 housekeeper] DEBUG [N/A] [N/A] com.zaxxer.hikari.pool.HikariPool - HikariPool-1 - Before cleanup stats (total=1, active=0, idle=1, waiting=0)
2026-03-22 08:35:09.150 [HikariPool-1 housekeeper] DEBUG [N/A] [N/A] com.zaxxer.hikari.pool.HikariPool - HikariPool-1 - After cleanup  stats (total=1, active=0, idle=1, waiting=0)
2026-03-22 08:35:09.150 [HikariPool-1 housekeeper] DEBUG [N/A] [N/A] com.zaxxer.hikari.pool.HikariPool - HikariPool-1 - Fill pool skipped, pool has sufficient level or currently being filled.
2026-03-22 08:35:39.147 [HikariPool-1 housekeeper] DEBUG [N/A] [N/A] com.zaxxer.hikari.pool.HikariPool - HikariPool-1 - Before cleanup stats (total=1, active=0, idle=1, waiting=0)
2026-03-22 08:35:39.148 [HikariPool-1 housekeeper] DEBUG [N/A] [N/A] com.zaxxer.hikari.pool.HikariPool - HikariPool-1 - After cleanup  stats (total=1, active=0, idle=1, waiting=0)
2026-03-22 08:35:39.148 [HikariPool-1 housekeeper] DEBUG [N/A] [N/A] com.zaxxer.hikari.pool.HikariPool - HikariPool-1 - Fill pool skipped, pool has sufficient level or currently being filled.
2026-03-22 08:36:09.148 [HikariPool-1 housekeeper] DEBUG [N/A] [N/A] com.zaxxer.hikari.pool.HikariPool - HikariPool-1 - Before cleanup stats (total=1, active=0, idle=1, waiting=0)
2026-03-22 08:36:09.148 [HikariPool-1 housekeeper] DEBUG [N/A] [N/A] com.zaxxer.hikari.pool.HikariPool - HikariPool-1 - After cleanup  stats (total=1, active=0, idle=1, waiting=0)
2026-03-22 08:36:09.148 [HikariPool-1 housekeeper] DEBUG [N/A] [N/A] com.zaxxer.hikari.pool.HikariPool - HikariPool-1 - Fill pool skipped, pool has sufficient level or currently being filled.
2026-03-22 08:36:39.152 [HikariPool-1 housekeeper] DEBUG [N/A] [N/A] com.zaxxer.hikari.pool.HikariPool - HikariPool-1 - Before cleanup stats (total=1, active=0, idle=1, waiting=0)
2026-03-22 08:36:39.152 [HikariPool-1 housekeeper] DEBUG [N/A] [N/A] com.zaxxer.hikari.pool.HikariPool - HikariPool-1 - After cleanup  stats (total=1, active=0, idle=1, waiting=0)
2026-03-22 08:36:39.152 [HikariPool-1 housekeeper] DEBUG [N/A] [N/A] com.zaxxer.hikari.pool.HikariPool - HikariPool-1 - Fill pool skipped, pool has sufficient level or currently being filled.
2026-03-22 08:37:09.153 [HikariPool-1 housekeeper] DEBUG [N/A] [N/A] com.zaxxer.hikari.pool.HikariPool - HikariPool-1 - Before cleanup stats (total=1, active=0, idle=1, waiting=0)
2026-03-22 08:37:09.154 [HikariPool-1 housekeeper] DEBUG [N/A] [N/A] com.zaxxer.hikari.pool.HikariPool - HikariPool-1 - After cleanup  stats (total=1, active=0, idle=1, waiting=0)
2026-03-22 08:37:09.154 [HikariPool-1 housekeeper] DEBUG [N/A] [N/A] com.zaxxer.hikari.pool.HikariPool - HikariPool-1 - Fill pool skipped, pool has sufficient level or currently being filled.
2026-03-22 08:37:39.155 [HikariPool-1 housekeeper] DEBUG [N/A] [N/A] com.zaxxer.hikari.pool.HikariPool - HikariPool-1 - Before cleanup stats (total=1, active=0, idle=1, waiting=0)
2026-03-22 08:37:39.156 [HikariPool-1 housekeeper] DEBUG [N/A] [N/A] com.zaxxer.hikari.pool.HikariPool - HikariPool-1 - After cleanup  stats (total=1, active=0, idle=1, waiting=0)
2026-03-22 08:37:39.156 [HikariPool-1 housekeeper] DEBUG [N/A] [N/A] com.zaxxer.hikari.pool.HikariPool - HikariPool-1 - Fill pool skipped, pool has sufficient level or currently being filled.
2026-03-22 08:38:09.156 [HikariPool-1 housekeeper] DEBUG [N/A] [N/A] com.zaxxer.hikari.pool.HikariPool - HikariPool-1 - Before cleanup stats (total=1, active=0, idle=1, waiting=0)
2026-03-22 08:38:09.156 [HikariPool-1 housekeeper] DEBUG [N/A] [N/A] com.zaxxer.hikari.pool.HikariPool - HikariPool-1 - After cleanup  stats (total=1, active=0, idle=1, waiting=0)
2026-03-22 08:38:09.156 [HikariPool-1 housekeeper] DEBUG [N/A] [N/A] com.zaxxer.hikari.pool.HikariPool - HikariPool-1 - Fill pool skipped, pool has sufficient level or currently being filled.
2026-03-22 08:38:39.160 [HikariPool-1 housekeeper] DEBUG [N/A] [N/A] com.zaxxer.hikari.pool.HikariPool - HikariPool-1 - Before cleanup stats (total=1, active=0, idle=1, waiting=0)
2026-03-22 08:38:39.160 [HikariPool-1 housekeeper] DEBUG [N/A] [N/A] com.zaxxer.hikari.pool.HikariPool - HikariPool-1 - After cleanup  stats (total=1, active=0, idle=1, waiting=0)
2026-03-22 08:38:39.160 [HikariPool-1 housekeeper] DEBUG [N/A] [N/A] com.zaxxer.hikari.pool.HikariPool - HikariPool-1 - Fill pool skipped, pool has sufficient level or currently being filled.
2026-03-22 08:39:09.165 [HikariPool-1 housekeeper] DEBUG [N/A] [N/A] com.zaxxer.hikari.pool.HikariPool - HikariPool-1 - Before cleanup stats (total=1, active=0, idle=1, waiting=0)
2026-03-22 08:39:09.167 [HikariPool-1 housekeeper] DEBUG [N/A] [N/A] com.zaxxer.hikari.pool.HikariPool - HikariPool-1 - After cleanup  stats (total=1, active=0, idle=1, waiting=0)
2026-03-22 08:39:09.167 [HikariPool-1 housekeeper] DEBUG [N/A] [N/A] com.zaxxer.hikari.pool.HikariPool - HikariPool-1 - Fill pool skipped, pool has sufficient level or currently being filled.
2026-03-22 08:39:39.175 [HikariPool-1 housekeeper] DEBUG [N/A] [N/A] com.zaxxer.hikari.pool.HikariPool - HikariPool-1 - Before cleanup stats (total=1, active=0, idle=1, waiting=0)
2026-03-22 08:39:39.176 [HikariPool-1 housekeeper] DEBUG [N/A] [N/A] com.zaxxer.hikari.pool.HikariPool - HikariPool-1 - After cleanup  stats (total=1, active=0, idle=1, waiting=0)
2026-03-22 08:39:39.176 [HikariPool-1 housekeeper] DEBUG [N/A] [N/A] com.zaxxer.hikari.pool.HikariPool - HikariPool-1 - Fill pool skipped, pool has sufficient level or currently being filled.
2026-03-22 08:40:09.178 [HikariPool-1 housekeeper] DEBUG [N/A] [N/A] com.zaxxer.hikari.pool.HikariPool - HikariPool-1 - Before cleanup stats (total=1, active=0, idle=1, waiting=0)
2026-03-22 08:40:09.178 [HikariPool-1 housekeeper] DEBUG [N/A] [N/A] com.zaxxer.hikari.pool.HikariPool - HikariPool-1 - After cleanup  stats (total=1, active=0, idle=1, waiting=0)
2026-03-22 08:40:09.178 [HikariPool-1 housekeeper] DEBUG [N/A] [N/A] com.zaxxer.hikari.pool.HikariPool - HikariPool-1 - Fill pool skipped, pool has sufficient level or currently being filled.
2026-03-22 08:40:39.179 [HikariPool-1 housekeeper] DEBUG [N/A] [N/A] com.zaxxer.hikari.pool.HikariPool - HikariPool-1 - Before cleanup stats (total=1, active=0, idle=1, waiting=0)
2026-03-22 08:40:39.181 [HikariPool-1 housekeeper] DEBUG [N/A] [N/A] com.zaxxer.hikari.pool.HikariPool - HikariPool-1 - After cleanup  stats (total=1, active=0, idle=1, waiting=0)
2026-03-22 08:40:39.181 [HikariPool-1 housekeeper] DEBUG [N/A] [N/A] com.zaxxer.hikari.pool.HikariPool - HikariPool-1 - Fill pool skipped, pool has sufficient level or currently being filled.
2026-03-22 08:41:09.186 [HikariPool-1 housekeeper] DEBUG [N/A] [N/A] com.zaxxer.hikari.pool.HikariPool - HikariPool-1 - Before cleanup stats (total=1, active=0, idle=1, waiting=0)
2026-03-22 08:41:09.187 [HikariPool-1 housekeeper] DEBUG [N/A] [N/A] com.zaxxer.hikari.pool.HikariPool - HikariPool-1 - After cleanup  stats (total=1, active=0, idle=1, waiting=0)
2026-03-22 08:41:09.187 [HikariPool-1 housekeeper] DEBUG [N/A] [N/A] com.zaxxer.hikari.pool.HikariPool - HikariPool-1 - Fill pool skipped, pool has sufficient level or currently being filled.
2026-03-22 08:41:39.191 [HikariPool-1 housekeeper] DEBUG [N/A] [N/A] com.zaxxer.hikari.pool.HikariPool - HikariPool-1 - Before cleanup stats (total=1, active=0, idle=1, waiting=0)
2026-03-22 08:41:39.204 [HikariPool-1 housekeeper] DEBUG [N/A] [N/A] com.zaxxer.hikari.pool.HikariPool - HikariPool-1 - After cleanup  stats (total=1, active=0, idle=1, waiting=0)
2026-03-22 08:41:39.205 [HikariPool-1 housekeeper] DEBUG [N/A] [N/A] com.zaxxer.hikari.pool.HikariPool - HikariPool-1 - Fill pool skipped, pool has sufficient level or currently being filled.
2026-03-22 08:42:09.205 [HikariPool-1 housekeeper] DEBUG [N/A] [N/A] com.zaxxer.hikari.pool.HikariPool - HikariPool-1 - Before cleanup stats (total=1, active=0, idle=1, waiting=0)
2026-03-22 08:42:09.207 [HikariPool-1 housekeeper] DEBUG [N/A] [N/A] com.zaxxer.hikari.pool.HikariPool - HikariPool-1 - After cleanup  stats (total=1, active=0, idle=1, waiting=0)
2026-03-22 08:42:09.207 [HikariPool-1 housekeeper] DEBUG [N/A] [N/A] com.zaxxer.hikari.pool.HikariPool - HikariPool-1 - Fill pool skipped, pool has sufficient level or currently being filled.
2026-03-22 08:42:39.212 [HikariPool-1 housekeeper] DEBUG [N/A] [N/A] com.zaxxer.hikari.pool.HikariPool - HikariPool-1 - Before cleanup stats (total=1, active=0, idle=1, waiting=0)
2026-03-22 08:42:39.213 [HikariPool-1 housekeeper] DEBUG [N/A] [N/A] com.zaxxer.hikari.pool.HikariPool - HikariPool-1 - After cleanup  stats (total=1, active=0, idle=1, waiting=0)
2026-03-22 08:42:39.213 [HikariPool-1 housekeeper] DEBUG [N/A] [N/A] com.zaxxer.hikari.pool.HikariPool - HikariPool-1 - Fill pool skipped, pool has sufficient level or currently being filled.
2026-03-22 08:43:09.216 [HikariPool-1 housekeeper] DEBUG [N/A] [N/A] com.zaxxer.hikari.pool.HikariPool - HikariPool-1 - Before cleanup stats (total=1, active=0, idle=1, waiting=0)
2026-03-22 08:43:09.218 [HikariPool-1 housekeeper] DEBUG [N/A] [N/A] com.zaxxer.hikari.pool.HikariPool - HikariPool-1 - After cleanup  stats (total=1, active=0, idle=1, waiting=0)
2026-03-22 08:43:09.218 [HikariPool-1 housekeeper] DEBUG [N/A] [N/A] com.zaxxer.hikari.pool.HikariPool - HikariPool-1 - Fill pool skipped, pool has sufficient level or currently being filled.
2026-03-22 08:43:39.219 [HikariPool-1 housekeeper] DEBUG [N/A] [N/A] com.zaxxer.hikari.pool.HikariPool - HikariPool-1 - Before cleanup stats (total=1, active=0, idle=1, waiting=0)
2026-03-22 08:43:39.220 [HikariPool-1 housekeeper] DEBUG [N/A] [N/A] com.zaxxer.hikari.pool.HikariPool - HikariPool-1 - After cleanup  stats (total=1, active=0, idle=1, waiting=0)
2026-03-22 08:43:39.220 [HikariPool-1 housekeeper] DEBUG [N/A] [N/A] com.zaxxer.hikari.pool.HikariPool - HikariPool-1 - Fill pool skipped, pool has sufficient level or currently being filled.
2026-03-22 08:44:09.225 [HikariPool-1 housekeeper] DEBUG [N/A] [N/A] com.zaxxer.hikari.pool.HikariPool - HikariPool-1 - Before cleanup stats (total=1, active=0, idle=1, waiting=0)
2026-03-22 08:44:09.275 [HikariPool-1 housekeeper] DEBUG [N/A] [N/A] com.zaxxer.hikari.pool.HikariPool - HikariPool-1 - After cleanup  stats (total=0, active=0, idle=0, waiting=0)
2026-03-22 08:44:09.275 [HikariPool-1 housekeeper] DEBUG [N/A] [N/A] com.zaxxer.hikari.pool.HikariPool - HikariPool-1 - Fill pool skipped, pool has sufficient level or currently being filled.
2026-03-22 08:44:09.279 [HikariPool-1 connection closer] DEBUG [N/A] [N/A] com.zaxxer.hikari.pool.PoolBase - HikariPool-1 - Closing connection org.postgresql.jdbc.PgConnection@53f5a187: (connection has passed idleTimeout)
2026-03-22 08:44:39.279 [HikariPool-1 housekeeper] DEBUG [N/A] [N/A] com.zaxxer.hikari.pool.HikariPool - HikariPool-1 - Before cleanup stats (total=0, active=0, idle=0, waiting=0)
2026-03-22 08:44:39.280 [HikariPool-1 housekeeper] DEBUG [N/A] [N/A] com.zaxxer.hikari.pool.HikariPool - HikariPool-1 - After cleanup  stats (total=0, active=0, idle=0, waiting=0)
2026-03-22 08:44:39.280 [HikariPool-1 housekeeper] DEBUG [N/A] [N/A] com.zaxxer.hikari.pool.HikariPool - HikariPool-1 - Fill pool skipped, pool has sufficient level or currently being filled.
2026-03-22 08:45:09.281 [HikariPool-1 housekeeper] DEBUG [N/A] [N/A] com.zaxxer.hikari.pool.HikariPool - HikariPool-1 - Before cleanup stats (total=0, active=0, idle=0, waiting=0)
2026-03-22 08:45:09.283 [HikariPool-1 housekeeper] DEBUG [N/A] [N/A] com.zaxxer.hikari.pool.HikariPool - HikariPool-1 - After cleanup  stats (total=0, active=0, idle=0, waiting=0)
2026-03-22 08:45:09.283 [HikariPool-1 housekeeper] DEBUG [N/A] [N/A] com.zaxxer.hikari.pool.HikariPool - HikariPool-1 - Fill pool skipped, pool has sufficient level or currently being filled.
2026-03-22 08:45:39.286 [HikariPool-1 housekeeper] DEBUG [N/A] [N/A] com.zaxxer.hikari.pool.HikariPool - HikariPool-1 - Before cleanup stats (total=0, active=0, idle=0, waiting=0)
2026-03-22 08:45:39.287 [HikariPool-1 housekeeper] DEBUG [N/A] [N/A] com.zaxxer.hikari.pool.HikariPool - HikariPool-1 - After cleanup  stats (total=0, active=0, idle=0, waiting=0)
2026-03-22 08:45:39.287 [HikariPool-1 housekeeper] DEBUG [N/A] [N/A] com.zaxxer.hikari.pool.HikariPool - HikariPool-1 - Fill pool skipped, pool has sufficient level or currently being filled.
2026-03-22 08:46:09.290 [HikariPool-1 housekeeper] DEBUG [N/A] [N/A] com.zaxxer.hikari.pool.HikariPool - HikariPool-1 - Before cleanup stats (total=0, active=0, idle=0, waiting=0)
2026-03-22 08:46:09.290 [HikariPool-1 housekeeper] DEBUG [N/A] [N/A] com.zaxxer.hikari.pool.HikariPool - HikariPool-1 - After cleanup  stats (total=0, active=0, idle=0, waiting=0)
2026-03-22 08:46:09.290 [HikariPool-1 housekeeper] DEBUG [N/A] [N/A] com.zaxxer.hikari.pool.HikariPool - HikariPool-1 - Fill pool skipped, pool has sufficient level or currently being filled.
2026-03-22 08:46:39.292 [HikariPool-1 housekeeper] DEBUG [N/A] [N/A] com.zaxxer.hikari.pool.HikariPool - HikariPool-1 - Before cleanup stats (total=0, active=0, idle=0, waiting=0)
2026-03-22 08:46:39.292 [HikariPool-1 housekeeper] DEBUG [N/A] [N/A] com.zaxxer.hikari.pool.HikariPool - HikariPool-1 - After cleanup  stats (total=0, active=0, idle=0, waiting=0)
2026-03-22 08:46:39.292 [HikariPool-1 housekeeper] DEBUG [N/A] [N/A] com.zaxxer.hikari.pool.HikariPool - HikariPool-1 - Fill pool skipped, pool has sufficient level or currently being filled.
2026-03-22 08:47:09.297 [HikariPool-1 housekeeper] DEBUG [N/A] [N/A] com.zaxxer.hikari.pool.HikariPool - HikariPool-1 - Before cleanup stats (total=0, active=0, idle=0, waiting=0)
2026-03-22 08:47:09.297 [HikariPool-1 housekeeper] DEBUG [N/A] [N/A] com.zaxxer.hikari.pool.HikariPool - HikariPool-1 - After cleanup  stats (total=0, active=0, idle=0, waiting=0)
2026-03-22 08:47:09.297 [HikariPool-1 housekeeper] DEBUG [N/A] [N/A] com.zaxxer.hikari.pool.HikariPool - HikariPool-1 - Fill pool skipped, pool has sufficient level or currently being filled.
2026-03-22 08:47:39.301 [HikariPool-1 housekeeper] DEBUG [N/A] [N/A] com.zaxxer.hikari.pool.HikariPool - HikariPool-1 - Before cleanup stats (total=0, active=0, idle=0, waiting=0)
2026-03-22 08:47:39.303 [HikariPool-1 housekeeper] DEBUG [N/A] [N/A] com.zaxxer.hikari.pool.HikariPool - HikariPool-1 - After cleanup  stats (total=0, active=0, idle=0, waiting=0)
2026-03-22 08:47:39.303 [HikariPool-1 housekeeper] DEBUG [N/A] [N/A] com.zaxxer.hikari.pool.HikariPool - HikariPool-1 - Fill pool skipped, pool has sufficient level or currently being filled.
2026-03-22 08:48:09.307 [HikariPool-1 housekeeper] DEBUG [N/A] [N/A] com.zaxxer.hikari.pool.HikariPool - HikariPool-1 - Before cleanup stats (total=0, active=0, idle=0, waiting=0)
2026-03-22 08:48:09.322 [HikariPool-1 housekeeper] DEBUG [N/A] [N/A] com.zaxxer.hikari.pool.HikariPool - HikariPool-1 - After cleanup  stats (total=0, active=0, idle=0, waiting=0)
2026-03-22 08:48:09.341 [HikariPool-1 housekeeper] DEBUG [N/A] [N/A] com.zaxxer.hikari.pool.HikariPool - HikariPool-1 - Fill pool skipped, pool has sufficient level or currently being filled.
2026-03-22 08:48:39.342 [HikariPool-1 housekeeper] DEBUG [N/A] [N/A] com.zaxxer.hikari.pool.HikariPool - HikariPool-1 - Before cleanup stats (total=0, active=0, idle=0, waiting=0)
2026-03-22 08:48:39.343 [HikariPool-1 housekeeper] DEBUG [N/A] [N/A] com.zaxxer.hikari.pool.HikariPool - HikariPool-1 - After cleanup  stats (total=0, active=0, idle=0, waiting=0)
2026-03-22 08:48:39.344 [HikariPool-1 housekeeper] DEBUG [N/A] [N/A] com.zaxxer.hikari.pool.HikariPool - HikariPool-1 - Fill pool skipped, pool has sufficient level or currently being filled.
2026-03-22 08:49:09.344 [HikariPool-1 housekeeper] DEBUG [N/A] [N/A] com.zaxxer.hikari.pool.HikariPool - HikariPool-1 - Before cleanup stats (total=0, active=0, idle=0, waiting=0)
2026-03-22 08:49:09.345 [HikariPool-1 housekeeper] DEBUG [N/A] [N/A] com.zaxxer.hikari.pool.HikariPool - HikariPool-1 - After cleanup  stats (total=0, active=0, idle=0, waiting=0)
2026-03-22 08:49:09.345 [HikariPool-1 housekeeper] DEBUG [N/A] [N/A] com.zaxxer.hikari.pool.HikariPool - HikariPool-1 - Fill pool skipped, pool has sufficient level or currently being filled.
2026-03-22 08:49:39.346 [HikariPool-1 housekeeper] DEBUG [N/A] [N/A] com.zaxxer.hikari.pool.HikariPool - HikariPool-1 - Before cleanup stats (total=0, active=0, idle=0, waiting=0)
2026-03-22 08:49:39.347 [HikariPool-1 housekeeper] DEBUG [N/A] [N/A] com.zaxxer.hikari.pool.HikariPool - HikariPool-1 - After cleanup  stats (total=0, active=0, idle=0, waiting=0)
2026-03-22 08:49:39.347 [HikariPool-1 housekeeper] DEBUG [N/A] [N/A] com.zaxxer.hikari.pool.HikariPool - HikariPool-1 - Fill pool skipped, pool has sufficient level or currently being filled.
2026-03-22 08:50:09.352 [HikariPool-1 housekeeper] DEBUG [N/A] [N/A] com.zaxxer.hikari.pool.HikariPool - HikariPool-1 - Before cleanup stats (total=0, active=0, idle=0, waiting=0)
2026-03-22 08:50:09.354 [HikariPool-1 housekeeper] DEBUG [N/A] [N/A] com.zaxxer.hikari.pool.HikariPool - HikariPool-1 - After cleanup  stats (total=0, active=0, idle=0, waiting=0)
2026-03-22 08:50:09.355 [HikariPool-1 housekeeper] DEBUG [N/A] [N/A] com.zaxxer.hikari.pool.HikariPool - HikariPool-1 - Fill pool skipped, pool has sufficient level or currently being filled.
2026-03-22 08:50:39.360 [HikariPool-1 housekeeper] DEBUG [N/A] [N/A] com.zaxxer.hikari.pool.HikariPool - HikariPool-1 - Before cleanup stats (total=0, active=0, idle=0, waiting=0)
2026-03-22 08:50:39.360 [HikariPool-1 housekeeper] DEBUG [N/A] [N/A] com.zaxxer.hikari.pool.HikariPool - HikariPool-1 - After cleanup  stats (total=0, active=0, idle=0, waiting=0)
2026-03-22 08:50:39.360 [HikariPool-1 housekeeper] DEBUG [N/A] [N/A] com.zaxxer.hikari.pool.HikariPool - HikariPool-1 - Fill pool skipped, pool has sufficient level or currently being filled.
2026-03-22 08:51:09.362 [HikariPool-1 housekeeper] DEBUG [N/A] [N/A] com.zaxxer.hikari.pool.HikariPool - HikariPool-1 - Before cleanup stats (total=0, active=0, idle=0, waiting=0)
2026-03-22 08:51:09.363 [HikariPool-1 housekeeper] DEBUG [N/A] [N/A] com.zaxxer.hikari.pool.HikariPool - HikariPool-1 - After cleanup  stats (total=0, active=0, idle=0, waiting=0)
2026-03-22 08:51:09.363 [HikariPool-1 housekeeper] DEBUG [N/A] [N/A] com.zaxxer.hikari.pool.HikariPool - HikariPool-1 - Fill pool skipped, pool has sufficient level or currently being filled.
2026-03-22 08:51:39.367 [HikariPool-1 housekeeper] DEBUG [N/A] [N/A] com.zaxxer.hikari.pool.HikariPool - HikariPool-1 - Before cleanup stats (total=0, active=0, idle=0, waiting=0)
2026-03-22 08:51:39.368 [HikariPool-1 housekeeper] DEBUG [N/A] [N/A] com.zaxxer.hikari.pool.HikariPool - HikariPool-1 - After cleanup  stats (total=0, active=0, idle=0, waiting=0)
2026-03-22 08:51:39.368 [HikariPool-1 housekeeper] DEBUG [N/A] [N/A] com.zaxxer.hikari.pool.HikariPool - HikariPool-1 - Fill pool skipped, pool has sufficient level or currently being filled.
2026-03-22 08:52:09.368 [HikariPool-1 housekeeper] DEBUG [N/A] [N/A] com.zaxxer.hikari.pool.HikariPool - HikariPool-1 - Before cleanup stats (total=0, active=0, idle=0, waiting=0)
2026-03-22 08:52:09.368 [HikariPool-1 housekeeper] DEBUG [N/A] [N/A] com.zaxxer.hikari.pool.HikariPool - HikariPool-1 - After cleanup  stats (total=0, active=0, idle=0, waiting=0)
2026-03-22 08:52:09.368 [HikariPool-1 housekeeper] DEBUG [N/A] [N/A] com.zaxxer.hikari.pool.HikariPool - HikariPool-1 - Fill pool skipped, pool has sufficient level or currently being filled.
2026-03-22 08:52:39.369 [HikariPool-1 housekeeper] DEBUG [N/A] [N/A] com.zaxxer.hikari.pool.HikariPool - HikariPool-1 - Before cleanup stats (total=0, active=0, idle=0, waiting=0)
2026-03-22 08:52:39.370 [HikariPool-1 housekeeper] DEBUG [N/A] [N/A] com.zaxxer.hikari.pool.HikariPool - HikariPool-1 - After cleanup  stats (total=0, active=0, idle=0, waiting=0)
2026-03-22 08:52:39.370 [HikariPool-1 housekeeper] DEBUG [N/A] [N/A] com.zaxxer.hikari.pool.HikariPool - HikariPool-1 - Fill pool skipped, pool has sufficient level or currently being filled.
2026-03-22 08:53:09.370 [HikariPool-1 housekeeper] DEBUG [N/A] [N/A] com.zaxxer.hikari.pool.HikariPool - HikariPool-1 - Before cleanup stats (total=0, active=0, idle=0, waiting=0)
2026-03-22 08:53:09.370 [HikariPool-1 housekeeper] DEBUG [N/A] [N/A] com.zaxxer.hikari.pool.HikariPool - HikariPool-1 - After cleanup  stats (total=0, active=0, idle=0, waiting=0)
2026-03-22 08:53:09.370 [HikariPool-1 housekeeper] DEBUG [N/A] [N/A] com.zaxxer.hikari.pool.HikariPool - HikariPool-1 - Fill pool skipped, pool has sufficient level or currently being filled.
2026-03-22 08:53:39.370 [HikariPool-1 housekeeper] DEBUG [N/A] [N/A] com.zaxxer.hikari.pool.HikariPool - HikariPool-1 - Before cleanup stats (total=0, active=0, idle=0, waiting=0)
2026-03-22 08:53:39.371 [HikariPool-1 housekeeper] DEBUG [N/A] [N/A] com.zaxxer.hikari.pool.HikariPool - HikariPool-1 - After cleanup  stats (total=0, active=0, idle=0, waiting=0)
2026-03-22 08:53:39.371 [HikariPool-1 housekeeper] DEBUG [N/A] [N/A] com.zaxxer.hikari.pool.HikariPool - HikariPool-1 - Fill pool skipped, pool has sufficient level or currently being filled.
2026-03-22 08:54:09.373 [HikariPool-1 housekeeper] DEBUG [N/A] [N/A] com.zaxxer.hikari.pool.HikariPool - HikariPool-1 - Before cleanup stats (total=0, active=0, idle=0, waiting=0)
2026-03-22 08:54:09.373 [HikariPool-1 housekeeper] DEBUG [N/A] [N/A] com.zaxxer.hikari.pool.HikariPool - HikariPool-1 - After cleanup  stats (total=0, active=0, idle=0, waiting=0)
2026-03-22 08:54:09.374 [HikariPool-1 housekeeper] DEBUG [N/A] [N/A] com.zaxxer.hikari.pool.HikariPool - HikariPool-1 - Fill pool skipped, pool has sufficient level or currently being filled.
2026-03-22 08:54:39.376 [HikariPool-1 housekeeper] DEBUG [N/A] [N/A] com.zaxxer.hikari.pool.HikariPool - HikariPool-1 - Before cleanup stats (total=0, active=0, idle=0, waiting=0)
2026-03-22 08:54:39.377 [HikariPool-1 housekeeper] DEBUG [N/A] [N/A] com.zaxxer.hikari.pool.HikariPool - HikariPool-1 - After cleanup  stats (total=0, active=0, idle=0, waiting=0)
2026-03-22 08:54:39.378 [HikariPool-1 housekeeper] DEBUG [N/A] [N/A] com.zaxxer.hikari.pool.HikariPool - HikariPool-1 - Fill pool skipped, pool has sufficient level or currently being filled.
2026-03-22 08:55:09.383 [HikariPool-1 housekeeper] DEBUG [N/A] [N/A] com.zaxxer.hikari.pool.HikariPool - HikariPool-1 - Before cleanup stats (total=0, active=0, idle=0, waiting=0)
2026-03-22 08:55:09.385 [HikariPool-1 housekeeper] DEBUG [N/A] [N/A] com.zaxxer.hikari.pool.HikariPool - HikariPool-1 - After cleanup  stats (total=0, active=0, idle=0, waiting=0)
2026-03-22 08:55:09.385 [HikariPool-1 housekeeper] DEBUG [N/A] [N/A] com.zaxxer.hikari.pool.HikariPool - HikariPool-1 - Fill pool skipped, pool has sufficient level or currently being filled.
2026-03-22 08:55:39.389 [HikariPool-1 housekeeper] DEBUG [N/A] [N/A] com.zaxxer.hikari.pool.HikariPool - HikariPool-1 - Before cleanup stats (total=0, active=0, idle=0, waiting=0)
2026-03-22 08:55:39.390 [HikariPool-1 housekeeper] DEBUG [N/A] [N/A] com.zaxxer.hikari.pool.HikariPool - HikariPool-1 - After cleanup  stats (total=0, active=0, idle=0, waiting=0)
2026-03-22 08:55:39.390 [HikariPool-1 housekeeper] DEBUG [N/A] [N/A] com.zaxxer.hikari.pool.HikariPool - HikariPool-1 - Fill pool skipped, pool has sufficient level or currently being filled.
2026-03-22 08:56:09.395 [HikariPool-1 housekeeper] DEBUG [N/A] [N/A] com.zaxxer.hikari.pool.HikariPool - HikariPool-1 - Before cleanup stats (total=0, active=0, idle=0, waiting=0)
2026-03-22 08:56:09.396 [HikariPool-1 housekeeper] DEBUG [N/A] [N/A] com.zaxxer.hikari.pool.HikariPool - HikariPool-1 - After cleanup  stats (total=0, active=0, idle=0, waiting=0)
2026-03-22 08:56:09.396 [HikariPool-1 housekeeper] DEBUG [N/A] [N/A] com.zaxxer.hikari.pool.HikariPool - HikariPool-1 - Fill pool skipped, pool has sufficient level or currently being filled.
2026-03-22 08:56:39.403 [HikariPool-1 housekeeper] DEBUG [N/A] [N/A] com.zaxxer.hikari.pool.HikariPool - HikariPool-1 - Before cleanup stats (total=0, active=0, idle=0, waiting=0)
2026-03-22 08:56:39.405 [HikariPool-1 housekeeper] DEBUG [N/A] [N/A] com.zaxxer.hikari.pool.HikariPool - HikariPool-1 - After cleanup  stats (total=0, active=0, idle=0, waiting=0)
2026-03-22 08:56:39.406 [HikariPool-1 housekeeper] DEBUG [N/A] [N/A] com.zaxxer.hikari.pool.HikariPool - HikariPool-1 - Fill pool skipped, pool has sufficient level or currently being filled.
2026-03-22 08:57:09.415 [HikariPool-1 housekeeper] DEBUG [N/A] [N/A] com.zaxxer.hikari.pool.HikariPool - HikariPool-1 - Before cleanup stats (total=0, active=0, idle=0, waiting=0)
2026-03-22 08:57:09.415 [HikariPool-1 housekeeper] DEBUG [N/A] [N/A] com.zaxxer.hikari.pool.HikariPool - HikariPool-1 - After cleanup  stats (total=0, active=0, idle=0, waiting=0)
2026-03-22 08:57:09.415 [HikariPool-1 housekeeper] DEBUG [N/A] [N/A] com.zaxxer.hikari.pool.HikariPool - HikariPool-1 - Fill pool skipped, pool has sufficient level or currently being filled.
2026-03-22 08:57:39.422 [HikariPool-1 housekeeper] DEBUG [N/A] [N/A] com.zaxxer.hikari.pool.HikariPool - HikariPool-1 - Before cleanup stats (total=0, active=0, idle=0, waiting=0)
2026-03-22 08:57:39.423 [HikariPool-1 housekeeper] DEBUG [N/A] [N/A] com.zaxxer.hikari.pool.HikariPool - HikariPool-1 - After cleanup  stats (total=0, active=0, idle=0, waiting=0)
2026-03-22 08:57:39.423 [HikariPool-1 housekeeper] DEBUG [N/A] [N/A] com.zaxxer.hikari.pool.HikariPool - HikariPool-1 - Fill pool skipped, pool has sufficient level or currently being filled.
2026-03-22 08:58:09.425 [HikariPool-1 housekeeper] DEBUG [N/A] [N/A] com.zaxxer.hikari.pool.HikariPool - HikariPool-1 - Before cleanup stats (total=0, active=0, idle=0, waiting=0)
2026-03-22 08:58:09.425 [HikariPool-1 housekeeper] DEBUG [N/A] [N/A] com.zaxxer.hikari.pool.HikariPool - HikariPool-1 - After cleanup  stats (total=0, active=0, idle=0, waiting=0)
2026-03-22 08:58:09.425 [HikariPool-1 housekeeper] DEBUG [N/A] [N/A] com.zaxxer.hikari.pool.HikariPool - HikariPool-1 - Fill pool skipped, pool has sufficient level or currently being filled.
2026-03-22 08:58:39.426 [HikariPool-1 housekeeper] DEBUG [N/A] [N/A] com.zaxxer.hikari.pool.HikariPool - HikariPool-1 - Before cleanup stats (total=0, active=0, idle=0, waiting=0)
2026-03-22 08:58:39.426 [HikariPool-1 housekeeper] DEBUG [N/A] [N/A] com.zaxxer.hikari.pool.HikariPool - HikariPool-1 - After cleanup  stats (total=0, active=0, idle=0, waiting=0)
2026-03-22 08:58:39.427 [HikariPool-1 housekeeper] DEBUG [N/A] [N/A] com.zaxxer.hikari.pool.HikariPool - HikariPool-1 - Fill pool skipped, pool has sufficient level or currently being filled.
2026-03-22 08:59:09.431 [HikariPool-1 housekeeper] DEBUG [N/A] [N/A] com.zaxxer.hikari.pool.HikariPool - HikariPool-1 - Before cleanup stats (total=0, active=0, idle=0, waiting=0)
2026-03-22 08:59:09.431 [HikariPool-1 housekeeper] DEBUG [N/A] [N/A] com.zaxxer.hikari.pool.HikariPool - HikariPool-1 - After cleanup  stats (total=0, active=0, idle=0, waiting=0)
2026-03-22 08:59:09.431 [HikariPool-1 housekeeper] DEBUG [N/A] [N/A] com.zaxxer.hikari.pool.HikariPool - HikariPool-1 - Fill pool skipped, pool has sufficient level or currently being filled.
2026-03-22 08:59:39.435 [HikariPool-1 housekeeper] DEBUG [N/A] [N/A] com.zaxxer.hikari.pool.HikariPool - HikariPool-1 - Before cleanup stats (total=0, active=0, idle=0, waiting=0)
2026-03-22 08:59:39.437 [HikariPool-1 housekeeper] DEBUG [N/A] [N/A] com.zaxxer.hikari.pool.HikariPool - HikariPool-1 - After cleanup  stats (total=0, active=0, idle=0, waiting=0)
2026-03-22 08:59:39.438 [HikariPool-1 housekeeper] DEBUG [N/A] [N/A] com.zaxxer.hikari.pool.HikariPool - HikariPool-1 - Fill pool skipped, pool has sufficient level or currently being filled.
2026-03-22 09:00:09.439 [HikariPool-1 housekeeper] DEBUG [N/A] [N/A] com.zaxxer.hikari.pool.HikariPool - HikariPool-1 - Before cleanup stats (total=0, active=0, idle=0, waiting=0)
2026-03-22 09:00:09.439 [HikariPool-1 housekeeper] DEBUG [N/A] [N/A] com.zaxxer.hikari.pool.HikariPool - HikariPool-1 - After cleanup  stats (total=0, active=0, idle=0, waiting=0)
2026-03-22 09:00:09.441 [HikariPool-1 housekeeper] DEBUG [N/A] [N/A] com.zaxxer.hikari.pool.HikariPool - HikariPool-1 - Fill pool skipped, pool has sufficient level or currently being filled.
2026-03-22 09:00:39.443 [HikariPool-1 housekeeper] DEBUG [N/A] [N/A] com.zaxxer.hikari.pool.HikariPool - HikariPool-1 - Before cleanup stats (total=0, active=0, idle=0, waiting=0)
2026-03-22 09:00:39.444 [HikariPool-1 housekeeper] DEBUG [N/A] [N/A] com.zaxxer.hikari.pool.HikariPool - HikariPool-1 - After cleanup  stats (total=0, active=0, idle=0, waiting=0)
2026-03-22 09:00:39.445 [HikariPool-1 housekeeper] DEBUG [N/A] [N/A] com.zaxxer.hikari.pool.HikariPool - HikariPool-1 - Fill pool skipped, pool has sufficient level or currently being filled.
2026-03-22 09:01:09.447 [HikariPool-1 housekeeper] DEBUG [N/A] [N/A] com.zaxxer.hikari.pool.HikariPool - HikariPool-1 - Before cleanup stats (total=0, active=0, idle=0, waiting=0)
2026-03-22 09:01:09.448 [HikariPool-1 housekeeper] DEBUG [N/A] [N/A] com.zaxxer.hikari.pool.HikariPool - HikariPool-1 - After cleanup  stats (total=0, active=0, idle=0, waiting=0)
2026-03-22 09:01:09.448 [HikariPool-1 housekeeper] DEBUG [N/A] [N/A] com.zaxxer.hikari.pool.HikariPool - HikariPool-1 - Fill pool skipped, pool has sufficient level or currently being filled.
2026-03-22 09:01:39.451 [HikariPool-1 housekeeper] DEBUG [N/A] [N/A] com.zaxxer.hikari.pool.HikariPool - HikariPool-1 - Before cleanup stats (total=0, active=0, idle=0, waiting=0)
2026-03-22 09:01:39.452 [HikariPool-1 housekeeper] DEBUG [N/A] [N/A] com.zaxxer.hikari.pool.HikariPool - HikariPool-1 - After cleanup  stats (total=0, active=0, idle=0, waiting=0)
2026-03-22 09:01:39.452 [HikariPool-1 housekeeper] DEBUG [N/A] [N/A] com.zaxxer.hikari.pool.HikariPool - HikariPool-1 - Fill pool skipped, pool has sufficient level or currently being filled.
2026-03-22 09:02:09.457 [HikariPool-1 housekeeper] DEBUG [N/A] [N/A] com.zaxxer.hikari.pool.HikariPool - HikariPool-1 - Before cleanup stats (total=0, active=0, idle=0, waiting=0)
2026-03-22 09:02:09.458 [HikariPool-1 housekeeper] DEBUG [N/A] [N/A] com.zaxxer.hikari.pool.HikariPool - HikariPool-1 - After cleanup  stats (total=0, active=0, idle=0, waiting=0)
2026-03-22 09:02:09.458 [HikariPool-1 housekeeper] DEBUG [N/A] [N/A] com.zaxxer.hikari.pool.HikariPool - HikariPool-1 - Fill pool skipped, pool has sufficient level or currently being filled.
2026-03-22 09:02:39.463 [HikariPool-1 housekeeper] DEBUG [N/A] [N/A] com.zaxxer.hikari.pool.HikariPool - HikariPool-1 - Before cleanup stats (total=0, active=0, idle=0, waiting=0)
2026-03-22 09:02:39.464 [HikariPool-1 housekeeper] DEBUG [N/A] [N/A] com.zaxxer.hikari.pool.HikariPool - HikariPool-1 - After cleanup  stats (total=0, active=0, idle=0, waiting=0)
2026-03-22 09:02:39.464 [HikariPool-1 housekeeper] DEBUG [N/A] [N/A] com.zaxxer.hikari.pool.HikariPool - HikariPool-1 - Fill pool skipped, pool has sufficient level or currently being filled.
2026-03-22 09:03:09.467 [HikariPool-1 housekeeper] DEBUG [N/A] [N/A] com.zaxxer.hikari.pool.HikariPool - HikariPool-1 - Before cleanup stats (total=0, active=0, idle=0, waiting=0)
2026-03-22 09:03:09.470 [HikariPool-1 housekeeper] DEBUG [N/A] [N/A] com.zaxxer.hikari.pool.HikariPool - HikariPool-1 - After cleanup  stats (total=0, active=0, idle=0, waiting=0)
2026-03-22 09:03:09.470 [HikariPool-1 housekeeper] DEBUG [N/A] [N/A] com.zaxxer.hikari.pool.HikariPool - HikariPool-1 - Fill pool skipped, pool has sufficient level or currently being filled.
2026-03-22 09:03:39.474 [HikariPool-1 housekeeper] DEBUG [N/A] [N/A] com.zaxxer.hikari.pool.HikariPool - HikariPool-1 - Before cleanup stats (total=0, active=0, idle=0, waiting=0)
2026-03-22 09:03:39.475 [HikariPool-1 housekeeper] DEBUG [N/A] [N/A] com.zaxxer.hikari.pool.HikariPool - HikariPool-1 - After cleanup  stats (total=0, active=0, idle=0, waiting=0)
2026-03-22 09:03:39.475 [HikariPool-1 housekeeper] DEBUG [N/A] [N/A] com.zaxxer.hikari.pool.HikariPool - HikariPool-1 - Fill pool skipped, pool has sufficient level or currently being filled.
2026-03-22 09:04:09.476 [HikariPool-1 housekeeper] DEBUG [N/A] [N/A] com.zaxxer.hikari.pool.HikariPool - HikariPool-1 - Before cleanup stats (total=0, active=0, idle=0, waiting=0)
2026-03-22 09:04:09.478 [HikariPool-1 housekeeper] DEBUG [N/A] [N/A] com.zaxxer.hikari.pool.HikariPool - HikariPool-1 - After cleanup  stats (total=0, active=0, idle=0, waiting=0)
2026-03-22 09:04:09.478 [HikariPool-1 housekeeper] DEBUG [N/A] [N/A] com.zaxxer.hikari.pool.HikariPool - HikariPool-1 - Fill pool skipped, pool has sufficient level or currently being filled.
2026-03-22 09:04:39.479 [HikariPool-1 housekeeper] DEBUG [N/A] [N/A] com.zaxxer.hikari.pool.HikariPool - HikariPool-1 - Before cleanup stats (total=0, active=0, idle=0, waiting=0)
2026-03-22 09:04:39.481 [HikariPool-1 housekeeper] DEBUG [N/A] [N/A] com.zaxxer.hikari.pool.HikariPool - HikariPool-1 - After cleanup  stats (total=0, active=0, idle=0, waiting=0)
2026-03-22 09:04:39.481 [HikariPool-1 housekeeper] DEBUG [N/A] [N/A] com.zaxxer.hikari.pool.HikariPool - HikariPool-1 - Fill pool skipped, pool has sufficient level or currently being filled.
2026-03-22 09:05:09.484 [HikariPool-1 housekeeper] DEBUG [N/A] [N/A] com.zaxxer.hikari.pool.HikariPool - HikariPool-1 - Before cleanup stats (total=0, active=0, idle=0, waiting=0)
2026-03-22 09:05:09.484 [HikariPool-1 housekeeper] DEBUG [N/A] [N/A] com.zaxxer.hikari.pool.HikariPool - HikariPool-1 - After cleanup  stats (total=0, active=0, idle=0, waiting=0)
2026-03-22 09:05:09.485 [HikariPool-1 housekeeper] DEBUG [N/A] [N/A] com.zaxxer.hikari.pool.HikariPool - HikariPool-1 - Fill pool skipped, pool has sufficient level or currently being filled.
2026-03-22 09:05:39.479 [HikariPool-1 housekeeper] DEBUG [N/A] [N/A] com.zaxxer.hikari.pool.HikariPool - HikariPool-1 - Before cleanup stats (total=0, active=0, idle=0, waiting=0)
2026-03-22 09:05:39.480 [HikariPool-1 housekeeper] DEBUG [N/A] [N/A] com.zaxxer.hikari.pool.HikariPool - HikariPool-1 - After cleanup  stats (total=0, active=0, idle=0, waiting=0)
2026-03-22 09:05:39.480 [HikariPool-1 housekeeper] DEBUG [N/A] [N/A] com.zaxxer.hikari.pool.HikariPool - HikariPool-1 - Fill pool skipped, pool has sufficient level or currently being filled.
2026-03-22 09:06:09.476 [HikariPool-1 housekeeper] DEBUG [N/A] [N/A] com.zaxxer.hikari.pool.HikariPool - HikariPool-1 - Before cleanup stats (total=0, active=0, idle=0, waiting=0)
2026-03-22 09:06:09.477 [HikariPool-1 housekeeper] DEBUG [N/A] [N/A] com.zaxxer.hikari.pool.HikariPool - HikariPool-1 - After cleanup  stats (total=0, active=0, idle=0, waiting=0)
2026-03-22 09:06:09.477 [HikariPool-1 housekeeper] DEBUG [N/A] [N/A] com.zaxxer.hikari.pool.HikariPool - HikariPool-1 - Fill pool skipped, pool has sufficient level or currently being filled.
2026-03-22 09:06:39.478 [HikariPool-1 housekeeper] DEBUG [N/A] [N/A] com.zaxxer.hikari.pool.HikariPool - HikariPool-1 - Before cleanup stats (total=0, active=0, idle=0, waiting=0)
2026-03-22 09:06:39.479 [HikariPool-1 housekeeper] DEBUG [N/A] [N/A] com.zaxxer.hikari.pool.HikariPool - HikariPool-1 - After cleanup  stats (total=0, active=0, idle=0, waiting=0)
2026-03-22 09:06:39.479 [HikariPool-1 housekeeper] DEBUG [N/A] [N/A] com.zaxxer.hikari.pool.HikariPool - HikariPool-1 - Fill pool skipped, pool has sufficient level or currently being filled.
2026-03-22 09:07:09.481 [HikariPool-1 housekeeper] DEBUG [N/A] [N/A] com.zaxxer.hikari.pool.HikariPool - HikariPool-1 - Before cleanup stats (total=0, active=0, idle=0, waiting=0)
2026-03-22 09:07:09.481 [HikariPool-1 housekeeper] DEBUG [N/A] [N/A] com.zaxxer.hikari.pool.HikariPool - HikariPool-1 - After cleanup  stats (total=0, active=0, idle=0, waiting=0)
2026-03-22 09:07:09.481 [HikariPool-1 housekeeper] DEBUG [N/A] [N/A] com.zaxxer.hikari.pool.HikariPool - HikariPool-1 - Fill pool skipped, pool has sufficient level or currently being filled.
2026-03-22 09:07:39.484 [HikariPool-1 housekeeper] DEBUG [N/A] [N/A] com.zaxxer.hikari.pool.HikariPool - HikariPool-1 - Before cleanup stats (total=0, active=0, idle=0, waiting=0)
2026-03-22 09:07:39.486 [HikariPool-1 housekeeper] DEBUG [N/A] [N/A] com.zaxxer.hikari.pool.HikariPool - HikariPool-1 - After cleanup  stats (total=0, active=0, idle=0, waiting=0)
2026-03-22 09:07:39.486 [HikariPool-1 housekeeper] DEBUG [N/A] [N/A] com.zaxxer.hikari.pool.HikariPool - HikariPool-1 - Fill pool skipped, pool has sufficient level or currently being filled.
2026-03-22 09:08:09.486 [HikariPool-1 housekeeper] DEBUG [N/A] [N/A] com.zaxxer.hikari.pool.HikariPool - HikariPool-1 - Before cleanup stats (total=0, active=0, idle=0, waiting=0)
2026-03-22 09:08:09.489 [HikariPool-1 housekeeper] DEBUG [N/A] [N/A] com.zaxxer.hikari.pool.HikariPool - HikariPool-1 - After cleanup  stats (total=0, active=0, idle=0, waiting=0)
2026-03-22 09:08:09.489 [HikariPool-1 housekeeper] DEBUG [N/A] [N/A] com.zaxxer.hikari.pool.HikariPool - HikariPool-1 - Fill pool skipped, pool has sufficient level or currently being filled.
2026-03-22 09:08:39.494 [HikariPool-1 housekeeper] DEBUG [N/A] [N/A] com.zaxxer.hikari.pool.HikariPool - HikariPool-1 - Before cleanup stats (total=0, active=0, idle=0, waiting=0)
2026-03-22 09:08:39.495 [HikariPool-1 housekeeper] DEBUG [N/A] [N/A] com.zaxxer.hikari.pool.HikariPool - HikariPool-1 - After cleanup  stats (total=0, active=0, idle=0, waiting=0)
2026-03-22 09:08:39.495 [HikariPool-1 housekeeper] DEBUG [N/A] [N/A] com.zaxxer.hikari.pool.HikariPool - HikariPool-1 - Fill pool skipped, pool has sufficient level or currently being filled.
2026-03-22 09:09:09.500 [HikariPool-1 housekeeper] DEBUG [N/A] [N/A] com.zaxxer.hikari.pool.HikariPool - HikariPool-1 - Before cleanup stats (total=0, active=0, idle=0, waiting=0)
2026-03-22 09:09:09.501 [HikariPool-1 housekeeper] DEBUG [N/A] [N/A] com.zaxxer.hikari.pool.HikariPool - HikariPool-1 - After cleanup  stats (total=0, active=0, idle=0, waiting=0)
2026-03-22 09:09:09.501 [HikariPool-1 housekeeper] DEBUG [N/A] [N/A] com.zaxxer.hikari.pool.HikariPool - HikariPool-1 - Fill pool skipped, pool has sufficient level or currently being filled.
2026-03-22 09:09:39.505 [HikariPool-1 housekeeper] DEBUG [N/A] [N/A] com.zaxxer.hikari.pool.HikariPool - HikariPool-1 - Before cleanup stats (total=0, active=0, idle=0, waiting=0)
2026-03-22 09:09:39.506 [HikariPool-1 housekeeper] DEBUG [N/A] [N/A] com.zaxxer.hikari.pool.HikariPool - HikariPool-1 - After cleanup  stats (total=0, active=0, idle=0, waiting=0)
2026-03-22 09:09:39.506 [HikariPool-1 housekeeper] DEBUG [N/A] [N/A] com.zaxxer.hikari.pool.HikariPool - HikariPool-1 - Fill pool skipped, pool has sufficient level or currently being filled.
2026-03-22 09:10:09.509 [HikariPool-1 housekeeper] DEBUG [N/A] [N/A] com.zaxxer.hikari.pool.HikariPool - HikariPool-1 - Before cleanup stats (total=0, active=0, idle=0, waiting=0)
2026-03-22 09:10:09.511 [HikariPool-1 housekeeper] DEBUG [N/A] [N/A] com.zaxxer.hikari.pool.HikariPool - HikariPool-1 - After cleanup  stats (total=0, active=0, idle=0, waiting=0)
2026-03-22 09:10:09.511 [HikariPool-1 housekeeper] DEBUG [N/A] [N/A] com.zaxxer.hikari.pool.HikariPool - HikariPool-1 - Fill pool skipped, pool has sufficient level or currently being filled.
2026-03-22 09:10:39.514 [HikariPool-1 housekeeper] DEBUG [N/A] [N/A] com.zaxxer.hikari.pool.HikariPool - HikariPool-1 - Before cleanup stats (total=0, active=0, idle=0, waiting=0)
2026-03-22 09:10:39.514 [HikariPool-1 housekeeper] DEBUG [N/A] [N/A] com.zaxxer.hikari.pool.HikariPool - HikariPool-1 - After cleanup  stats (total=0, active=0, idle=0, waiting=0)
2026-03-22 09:10:39.514 [HikariPool-1 housekeeper] DEBUG [N/A] [N/A] com.zaxxer.hikari.pool.HikariPool - HikariPool-1 - Fill pool skipped, pool has sufficient level or currently being filled.
2026-03-22 09:11:09.517 [HikariPool-1 housekeeper] DEBUG [N/A] [N/A] com.zaxxer.hikari.pool.HikariPool - HikariPool-1 - Before cleanup stats (total=0, active=0, idle=0, waiting=0)
2026-03-22 09:11:09.519 [HikariPool-1 housekeeper] DEBUG [N/A] [N/A] com.zaxxer.hikari.pool.HikariPool - HikariPool-1 - After cleanup  stats (total=0, active=0, idle=0, waiting=0)
2026-03-22 09:11:09.519 [HikariPool-1 housekeeper] DEBUG [N/A] [N/A] com.zaxxer.hikari.pool.HikariPool - HikariPool-1 - Fill pool skipped, pool has sufficient level or currently being filled.
2026-03-22 09:11:39.524 [HikariPool-1 housekeeper] DEBUG [N/A] [N/A] com.zaxxer.hikari.pool.HikariPool - HikariPool-1 - Before cleanup stats (total=0, active=0, idle=0, waiting=0)
2026-03-22 09:11:39.525 [HikariPool-1 housekeeper] DEBUG [N/A] [N/A] com.zaxxer.hikari.pool.HikariPool - HikariPool-1 - After cleanup  stats (total=0, active=0, idle=0, waiting=0)
2026-03-22 09:11:39.525 [HikariPool-1 housekeeper] DEBUG [N/A] [N/A] com.zaxxer.hikari.pool.HikariPool - HikariPool-1 - Fill pool skipped, pool has sufficient level or currently being filled.
2026-03-22 09:12:09.528 [HikariPool-1 housekeeper] DEBUG [N/A] [N/A] com.zaxxer.hikari.pool.HikariPool - HikariPool-1 - Before cleanup stats (total=0, active=0, idle=0, waiting=0)
2026-03-22 09:12:09.529 [HikariPool-1 housekeeper] DEBUG [N/A] [N/A] com.zaxxer.hikari.pool.HikariPool - HikariPool-1 - After cleanup  stats (total=0, active=0, idle=0, waiting=0)
2026-03-22 09:12:09.529 [HikariPool-1 housekeeper] DEBUG [N/A] [N/A] com.zaxxer.hikari.pool.HikariPool - HikariPool-1 - Fill pool skipped, pool has sufficient level or currently being filled.
2026-03-22 09:12:39.529 [HikariPool-1 housekeeper] DEBUG [N/A] [N/A] com.zaxxer.hikari.pool.HikariPool - HikariPool-1 - Before cleanup stats (total=0, active=0, idle=0, waiting=0)
2026-03-22 09:12:39.531 [HikariPool-1 housekeeper] DEBUG [N/A] [N/A] com.zaxxer.hikari.pool.HikariPool - HikariPool-1 - After cleanup  stats (total=0, active=0, idle=0, waiting=0)
2026-03-22 09:12:39.531 [HikariPool-1 housekeeper] DEBUG [N/A] [N/A] com.zaxxer.hikari.pool.HikariPool - HikariPool-1 - Fill pool skipped, pool has sufficient level or currently being filled.
2026-03-22 09:13:09.535 [HikariPool-1 housekeeper] DEBUG [N/A] [N/A] com.zaxxer.hikari.pool.HikariPool - HikariPool-1 - Before cleanup stats (total=0, active=0, idle=0, waiting=0)
2026-03-22 09:13:09.535 [HikariPool-1 housekeeper] DEBUG [N/A] [N/A] com.zaxxer.hikari.pool.HikariPool - HikariPool-1 - After cleanup  stats (total=0, active=0, idle=0, waiting=0)
2026-03-22 09:13:09.535 [HikariPool-1 housekeeper] DEBUG [N/A] [N/A] com.zaxxer.hikari.pool.HikariPool - HikariPool-1 - Fill pool skipped, pool has sufficient level or currently being filled.
2026-03-22 09:13:39.573 [HikariPool-1 housekeeper] DEBUG [N/A] [N/A] com.zaxxer.hikari.pool.HikariPool - HikariPool-1 - Before cleanup stats (total=0, active=0, idle=0, waiting=0)
2026-03-22 09:13:39.575 [HikariPool-1 housekeeper] DEBUG [N/A] [N/A] com.zaxxer.hikari.pool.HikariPool - HikariPool-1 - After cleanup  stats (total=0, active=0, idle=0, waiting=0)
2026-03-22 09:13:39.575 [HikariPool-1 housekeeper] DEBUG [N/A] [N/A] com.zaxxer.hikari.pool.HikariPool - HikariPool-1 - Fill pool skipped, pool has sufficient level or currently being filled.
2026-03-22 09:14:09.590 [HikariPool-1 housekeeper] DEBUG [N/A] [N/A] com.zaxxer.hikari.pool.HikariPool - HikariPool-1 - Before cleanup stats (total=0, active=0, idle=0, waiting=0)
2026-03-22 09:14:09.590 [HikariPool-1 housekeeper] DEBUG [N/A] [N/A] com.zaxxer.hikari.pool.HikariPool - HikariPool-1 - After cleanup  stats (total=0, active=0, idle=0, waiting=0)
2026-03-22 09:14:09.590 [HikariPool-1 housekeeper] DEBUG [N/A] [N/A] com.zaxxer.hikari.pool.HikariPool - HikariPool-1 - Fill pool skipped, pool has sufficient level or currently being filled.
2026-03-22 09:14:39.595 [HikariPool-1 housekeeper] DEBUG [N/A] [N/A] com.zaxxer.hikari.pool.HikariPool - HikariPool-1 - Before cleanup stats (total=0, active=0, idle=0, waiting=0)
2026-03-22 09:14:39.595 [HikariPool-1 housekeeper] DEBUG [N/A] [N/A] com.zaxxer.hikari.pool.HikariPool - HikariPool-1 - After cleanup  stats (total=0, active=0, idle=0, waiting=0)
2026-03-22 09:14:39.596 [HikariPool-1 housekeeper] DEBUG [N/A] [N/A] com.zaxxer.hikari.pool.HikariPool - HikariPool-1 - Fill pool skipped, pool has sufficient level or currently being filled.
2026-03-22 09:15:09.600 [HikariPool-1 housekeeper] DEBUG [N/A] [N/A] com.zaxxer.hikari.pool.HikariPool - HikariPool-1 - Before cleanup stats (total=0, active=0, idle=0, waiting=0)
2026-03-22 09:15:09.602 [HikariPool-1 housekeeper] DEBUG [N/A] [N/A] com.zaxxer.hikari.pool.HikariPool - HikariPool-1 - After cleanup  stats (total=0, active=0, idle=0, waiting=0)
2026-03-22 09:15:09.603 [HikariPool-1 housekeeper] DEBUG [N/A] [N/A] com.zaxxer.hikari.pool.HikariPool - HikariPool-1 - Fill pool skipped, pool has sufficient level or currently being filled.
2026-03-22 09:15:39.605 [HikariPool-1 housekeeper] DEBUG [N/A] [N/A] com.zaxxer.hikari.pool.HikariPool - HikariPool-1 - Before cleanup stats (total=0, active=0, idle=0, waiting=0)
2026-03-22 09:15:39.607 [HikariPool-1 housekeeper] DEBUG [N/A] [N/A] com.zaxxer.hikari.pool.HikariPool - HikariPool-1 - After cleanup  stats (total=0, active=0, idle=0, waiting=0)
2026-03-22 09:15:39.607 [HikariPool-1 housekeeper] DEBUG [N/A] [N/A] com.zaxxer.hikari.pool.HikariPool - HikariPool-1 - Fill pool skipped, pool has sufficient level or currently being filled.
2026-03-22 11:32:11.054 [HikariPool-1 housekeeper] WARN  [N/A] [N/A] com.zaxxer.hikari.pool.HikariPool - HikariPool-1 - Thread starvation or clock leap detected (housekeeper delta=2h16m31s422ms).
2026-03-22 11:32:11.071 [HikariPool-1 housekeeper] DEBUG [N/A] [N/A] com.zaxxer.hikari.pool.HikariPool - HikariPool-1 - Before cleanup stats (total=0, active=0, idle=0, waiting=0)
2026-03-22 11:32:11.146 [HikariPool-1 housekeeper] DEBUG [N/A] [N/A] com.zaxxer.hikari.pool.HikariPool - HikariPool-1 - After cleanup  stats (total=0, active=0, idle=0, waiting=0)
2026-03-22 11:32:11.149 [HikariPool-1 housekeeper] DEBUG [N/A] [N/A] com.zaxxer.hikari.pool.HikariPool - HikariPool-1 - Fill pool skipped, pool has sufficient level or currently being filled.
2026-03-22 11:32:41.111 [HikariPool-1 housekeeper] DEBUG [N/A] [N/A] com.zaxxer.hikari.pool.HikariPool - HikariPool-1 - Before cleanup stats (total=0, active=0, idle=0, waiting=0)
2026-03-22 11:32:41.113 [HikariPool-1 housekeeper] DEBUG [N/A] [N/A] com.zaxxer.hikari.pool.HikariPool - HikariPool-1 - After cleanup  stats (total=0, active=0, idle=0, waiting=0)
2026-03-22 11:32:41.114 [HikariPool-1 housekeeper] DEBUG [N/A] [N/A] com.zaxxer.hikari.pool.HikariPool - HikariPool-1 - Fill pool skipped, pool has sufficient level or currently being filled.
2026-03-22 11:33:11.129 [HikariPool-1 housekeeper] DEBUG [N/A] [N/A] com.zaxxer.hikari.pool.HikariPool - HikariPool-1 - Before cleanup stats (total=0, active=0, idle=0, waiting=0)
2026-03-22 11:33:11.138 [HikariPool-1 housekeeper] DEBUG [N/A] [N/A] com.zaxxer.hikari.pool.HikariPool - HikariPool-1 - After cleanup  stats (total=0, active=0, idle=0, waiting=0)
2026-03-22 11:33:11.144 [HikariPool-1 housekeeper] DEBUG [N/A] [N/A] com.zaxxer.hikari.pool.HikariPool - HikariPool-1 - Fill pool skipped, pool has sufficient level or currently being filled.
2026-03-22 11:33:41.144 [HikariPool-1 housekeeper] DEBUG [N/A] [N/A] com.zaxxer.hikari.pool.HikariPool - HikariPool-1 - Before cleanup stats (total=0, active=0, idle=0, waiting=0)
2026-03-22 11:33:41.146 [HikariPool-1 housekeeper] DEBUG [N/A] [N/A] com.zaxxer.hikari.pool.HikariPool - HikariPool-1 - After cleanup  stats (total=0, active=0, idle=0, waiting=0)
2026-03-22 11:33:41.147 [HikariPool-1 housekeeper] DEBUG [N/A] [N/A] com.zaxxer.hikari.pool.HikariPool - HikariPool-1 - Fill pool skipped, pool has sufficient level or currently being filled.
2026-03-22 11:34:11.151 [HikariPool-1 housekeeper] DEBUG [N/A] [N/A] com.zaxxer.hikari.pool.HikariPool - HikariPool-1 - Before cleanup stats (total=0, active=0, idle=0, waiting=0)
2026-03-22 11:34:11.152 [HikariPool-1 housekeeper] DEBUG [N/A] [N/A] com.zaxxer.hikari.pool.HikariPool - HikariPool-1 - After cleanup  stats (total=0, active=0, idle=0, waiting=0)
2026-03-22 11:34:11.152 [HikariPool-1 housekeeper] DEBUG [N/A] [N/A] com.zaxxer.hikari.pool.HikariPool - HikariPool-1 - Fill pool skipped, pool has sufficient level or currently being filled.
2026-03-22 11:34:41.153 [HikariPool-1 housekeeper] DEBUG [N/A] [N/A] com.zaxxer.hikari.pool.HikariPool - HikariPool-1 - Before cleanup stats (total=0, active=0, idle=0, waiting=0)
2026-03-22 11:34:41.154 [HikariPool-1 housekeeper] DEBUG [N/A] [N/A] com.zaxxer.hikari.pool.HikariPool - HikariPool-1 - After cleanup  stats (total=0, active=0, idle=0, waiting=0)
2026-03-22 11:34:41.155 [HikariPool-1 housekeeper] DEBUG [N/A] [N/A] com.zaxxer.hikari.pool.HikariPool - HikariPool-1 - Fill pool skipped, pool has sufficient level or currently being filled.
2026-03-22 11:35:11.160 [HikariPool-1 housekeeper] DEBUG [N/A] [N/A] com.zaxxer.hikari.pool.HikariPool - HikariPool-1 - Before cleanup stats (total=0, active=0, idle=0, waiting=0)
2026-03-22 11:35:11.164 [HikariPool-1 housekeeper] DEBUG [N/A] [N/A] com.zaxxer.hikari.pool.HikariPool - HikariPool-1 - After cleanup  stats (total=0, active=0, idle=0, waiting=0)
2026-03-22 11:35:11.164 [HikariPool-1 housekeeper] DEBUG [N/A] [N/A] com.zaxxer.hikari.pool.HikariPool - HikariPool-1 - Fill pool skipped, pool has sufficient level or currently being filled.
2026-03-22 11:35:41.167 [HikariPool-1 housekeeper] DEBUG [N/A] [N/A] com.zaxxer.hikari.pool.HikariPool - HikariPool-1 - Before cleanup stats (total=0, active=0, idle=0, waiting=0)
2026-03-22 11:35:41.167 [HikariPool-1 housekeeper] DEBUG [N/A] [N/A] com.zaxxer.hikari.pool.HikariPool - HikariPool-1 - After cleanup  stats (total=0, active=0, idle=0, waiting=0)
2026-03-22 11:35:41.168 [HikariPool-1 housekeeper] DEBUG [N/A] [N/A] com.zaxxer.hikari.pool.HikariPool - HikariPool-1 - Fill pool skipped, pool has sufficient level or currently being filled.
2026-03-22 11:36:11.168 [HikariPool-1 housekeeper] DEBUG [N/A] [N/A] com.zaxxer.hikari.pool.HikariPool - HikariPool-1 - Before cleanup stats (total=0, active=0, idle=0, waiting=0)
2026-03-22 11:36:11.169 [HikariPool-1 housekeeper] DEBUG [N/A] [N/A] com.zaxxer.hikari.pool.HikariPool - HikariPool-1 - After cleanup  stats (total=0, active=0, idle=0, waiting=0)
2026-03-22 11:36:11.169 [HikariPool-1 housekeeper] DEBUG [N/A] [N/A] com.zaxxer.hikari.pool.HikariPool - HikariPool-1 - Fill pool skipped, pool has sufficient level or currently being filled.
2026-03-22 11:36:41.170 [HikariPool-1 housekeeper] DEBUG [N/A] [N/A] com.zaxxer.hikari.pool.HikariPool - HikariPool-1 - Before cleanup stats (total=0, active=0, idle=0, waiting=0)
2026-03-22 11:36:41.171 [HikariPool-1 housekeeper] DEBUG [N/A] [N/A] com.zaxxer.hikari.pool.HikariPool - HikariPool-1 - After cleanup  stats (total=0, active=0, idle=0, waiting=0)
2026-03-22 11:36:41.171 [HikariPool-1 housekeeper] DEBUG [N/A] [N/A] com.zaxxer.hikari.pool.HikariPool - HikariPool-1 - Fill pool skipped, pool has sufficient level or currently being filled.
2026-03-22 11:37:11.176 [HikariPool-1 housekeeper] DEBUG [N/A] [N/A] com.zaxxer.hikari.pool.HikariPool - HikariPool-1 - Before cleanup stats (total=0, active=0, idle=0, waiting=0)
2026-03-22 11:37:11.177 [HikariPool-1 housekeeper] DEBUG [N/A] [N/A] com.zaxxer.hikari.pool.HikariPool - HikariPool-1 - After cleanup  stats (total=0, active=0, idle=0, waiting=0)
2026-03-22 11:37:11.178 [HikariPool-1 housekeeper] DEBUG [N/A] [N/A] com.zaxxer.hikari.pool.HikariPool - HikariPool-1 - Fill pool skipped, pool has sufficient level or currently being filled.
2026-03-22 11:37:41.180 [HikariPool-1 housekeeper] DEBUG [N/A] [N/A] com.zaxxer.hikari.pool.HikariPool - HikariPool-1 - Before cleanup stats (total=0, active=0, idle=0, waiting=0)
2026-03-22 11:37:41.181 [HikariPool-1 housekeeper] DEBUG [N/A] [N/A] com.zaxxer.hikari.pool.HikariPool - HikariPool-1 - After cleanup  stats (total=0, active=0, idle=0, waiting=0)
2026-03-22 11:37:41.181 [HikariPool-1 housekeeper] DEBUG [N/A] [N/A] com.zaxxer.hikari.pool.HikariPool - HikariPool-1 - Fill pool skipped, pool has sufficient level or currently being filled.
2026-03-22 11:38:11.185 [HikariPool-1 housekeeper] DEBUG [N/A] [N/A] com.zaxxer.hikari.pool.HikariPool - HikariPool-1 - Before cleanup stats (total=0, active=0, idle=0, waiting=0)
2026-03-22 11:38:11.185 [HikariPool-1 housekeeper] DEBUG [N/A] [N/A] com.zaxxer.hikari.pool.HikariPool - HikariPool-1 - After cleanup  stats (total=0, active=0, idle=0, waiting=0)
2026-03-22 11:38:11.185 [HikariPool-1 housekeeper] DEBUG [N/A] [N/A] com.zaxxer.hikari.pool.HikariPool - HikariPool-1 - Fill pool skipped, pool has sufficient level or currently being filled.
2026-03-22 11:38:41.191 [HikariPool-1 housekeeper] DEBUG [N/A] [N/A] com.zaxxer.hikari.pool.HikariPool - HikariPool-1 - Before cleanup stats (total=0, active=0, idle=0, waiting=0)
2026-03-22 11:38:41.193 [HikariPool-1 housekeeper] DEBUG [N/A] [N/A] com.zaxxer.hikari.pool.HikariPool - HikariPool-1 - After cleanup  stats (total=0, active=0, idle=0, waiting=0)
2026-03-22 11:38:41.193 [HikariPool-1 housekeeper] DEBUG [N/A] [N/A] com.zaxxer.hikari.pool.HikariPool - HikariPool-1 - Fill pool skipped, pool has sufficient level or currently being filled.
2026-03-22 11:39:11.195 [HikariPool-1 housekeeper] DEBUG [N/A] [N/A] com.zaxxer.hikari.pool.HikariPool - HikariPool-1 - Before cleanup stats (total=0, active=0, idle=0, waiting=0)
2026-03-22 11:39:11.195 [HikariPool-1 housekeeper] DEBUG [N/A] [N/A] com.zaxxer.hikari.pool.HikariPool - HikariPool-1 - After cleanup  stats (total=0, active=0, idle=0, waiting=0)
2026-03-22 11:39:11.195 [HikariPool-1 housekeeper] DEBUG [N/A] [N/A] com.zaxxer.hikari.pool.HikariPool - HikariPool-1 - Fill pool skipped, pool has sufficient level or currently being filled.
2026-03-22 11:39:41.199 [HikariPool-1 housekeeper] DEBUG [N/A] [N/A] com.zaxxer.hikari.pool.HikariPool - HikariPool-1 - Before cleanup stats (total=0, active=0, idle=0, waiting=0)
2026-03-22 11:39:41.199 [HikariPool-1 housekeeper] DEBUG [N/A] [N/A] com.zaxxer.hikari.pool.HikariPool - HikariPool-1 - After cleanup  stats (total=0, active=0, idle=0, waiting=0)
2026-03-22 11:39:41.199 [HikariPool-1 housekeeper] DEBUG [N/A] [N/A] com.zaxxer.hikari.pool.HikariPool - HikariPool-1 - Fill pool skipped, pool has sufficient level or currently being filled.
2026-03-22 11:40:11.200 [HikariPool-1 housekeeper] DEBUG [N/A] [N/A] com.zaxxer.hikari.pool.HikariPool - HikariPool-1 - Before cleanup stats (total=0, active=0, idle=0, waiting=0)
2026-03-22 11:40:11.200 [HikariPool-1 housekeeper] DEBUG [N/A] [N/A] com.zaxxer.hikari.pool.HikariPool - HikariPool-1 - After cleanup  stats (total=0, active=0, idle=0, waiting=0)
2026-03-22 11:40:11.200 [HikariPool-1 housekeeper] DEBUG [N/A] [N/A] com.zaxxer.hikari.pool.HikariPool - HikariPool-1 - Fill pool skipped, pool has sufficient level or currently being filled.
2026-03-22 11:40:41.201 [HikariPool-1 housekeeper] DEBUG [N/A] [N/A] com.zaxxer.hikari.pool.HikariPool - HikariPool-1 - Before cleanup stats (total=0, active=0, idle=0, waiting=0)
2026-03-22 11:40:41.201 [HikariPool-1 housekeeper] DEBUG [N/A] [N/A] com.zaxxer.hikari.pool.HikariPool - HikariPool-1 - After cleanup  stats (total=0, active=0, idle=0, waiting=0)
2026-03-22 11:40:41.201 [HikariPool-1 housekeeper] DEBUG [N/A] [N/A] com.zaxxer.hikari.pool.HikariPool - HikariPool-1 - Fill pool skipped, pool has sufficient level or currently being filled.
2026-03-22 11:41:11.205 [HikariPool-1 housekeeper] DEBUG [N/A] [N/A] com.zaxxer.hikari.pool.HikariPool - HikariPool-1 - Before cleanup stats (total=0, active=0, idle=0, waiting=0)
2026-03-22 11:41:11.205 [HikariPool-1 housekeeper] DEBUG [N/A] [N/A] com.zaxxer.hikari.pool.HikariPool - HikariPool-1 - After cleanup  stats (total=0, active=0, idle=0, waiting=0)
2026-03-22 11:41:11.206 [HikariPool-1 housekeeper] DEBUG [N/A] [N/A] com.zaxxer.hikari.pool.HikariPool - HikariPool-1 - Fill pool skipped, pool has sufficient level or currently being filled.
2026-03-22 11:41:41.210 [HikariPool-1 housekeeper] DEBUG [N/A] [N/A] com.zaxxer.hikari.pool.HikariPool - HikariPool-1 - Before cleanup stats (total=0, active=0, idle=0, waiting=0)
2026-03-22 11:41:41.212 [HikariPool-1 housekeeper] DEBUG [N/A] [N/A] com.zaxxer.hikari.pool.HikariPool - HikariPool-1 - After cleanup  stats (total=0, active=0, idle=0, waiting=0)
2026-03-22 11:41:41.214 [HikariPool-1 housekeeper] DEBUG [N/A] [N/A] com.zaxxer.hikari.pool.HikariPool - HikariPool-1 - Fill pool skipped, pool has sufficient level or currently being filled.
2026-03-22 11:42:11.218 [HikariPool-1 housekeeper] DEBUG [N/A] [N/A] com.zaxxer.hikari.pool.HikariPool - HikariPool-1 - Before cleanup stats (total=0, active=0, idle=0, waiting=0)
2026-03-22 11:42:11.219 [HikariPool-1 housekeeper] DEBUG [N/A] [N/A] com.zaxxer.hikari.pool.HikariPool - HikariPool-1 - After cleanup  stats (total=0, active=0, idle=0, waiting=0)
2026-03-22 11:42:11.219 [HikariPool-1 housekeeper] DEBUG [N/A] [N/A] com.zaxxer.hikari.pool.HikariPool - HikariPool-1 - Fill pool skipped, pool has sufficient level or currently being filled.
2026-03-22 11:42:41.219 [HikariPool-1 housekeeper] DEBUG [N/A] [N/A] com.zaxxer.hikari.pool.HikariPool - HikariPool-1 - Before cleanup stats (total=0, active=0, idle=0, waiting=0)
2026-03-22 11:42:41.220 [HikariPool-1 housekeeper] DEBUG [N/A] [N/A] com.zaxxer.hikari.pool.HikariPool - HikariPool-1 - After cleanup  stats (total=0, active=0, idle=0, waiting=0)
2026-03-22 11:42:41.220 [HikariPool-1 housekeeper] DEBUG [N/A] [N/A] com.zaxxer.hikari.pool.HikariPool - HikariPool-1 - Fill pool skipped, pool has sufficient level or currently being filled.
2026-03-22 11:43:11.224 [HikariPool-1 housekeeper] DEBUG [N/A] [N/A] com.zaxxer.hikari.pool.HikariPool - HikariPool-1 - Before cleanup stats (total=0, active=0, idle=0, waiting=0)
2026-03-22 11:43:11.224 [HikariPool-1 housekeeper] DEBUG [N/A] [N/A] com.zaxxer.hikari.pool.HikariPool - HikariPool-1 - After cleanup  stats (total=0, active=0, idle=0, waiting=0)
2026-03-22 11:43:11.225 [HikariPool-1 housekeeper] DEBUG [N/A] [N/A] com.zaxxer.hikari.pool.HikariPool - HikariPool-1 - Fill pool skipped, pool has sufficient level or currently being filled.
2026-03-22 11:43:41.227 [HikariPool-1 housekeeper] DEBUG [N/A] [N/A] com.zaxxer.hikari.pool.HikariPool - HikariPool-1 - Before cleanup stats (total=0, active=0, idle=0, waiting=0)
2026-03-22 11:43:41.229 [HikariPool-1 housekeeper] DEBUG [N/A] [N/A] com.zaxxer.hikari.pool.HikariPool - HikariPool-1 - After cleanup  stats (total=0, active=0, idle=0, waiting=0)
2026-03-22 11:43:41.229 [HikariPool-1 housekeeper] DEBUG [N/A] [N/A] com.zaxxer.hikari.pool.HikariPool - HikariPool-1 - Fill pool skipped, pool has sufficient level or currently being filled.
2026-03-22 11:44:11.230 [HikariPool-1 housekeeper] DEBUG [N/A] [N/A] com.zaxxer.hikari.pool.HikariPool - HikariPool-1 - Before cleanup stats (total=0, active=0, idle=0, waiting=0)
2026-03-22 11:44:11.230 [HikariPool-1 housekeeper] DEBUG [N/A] [N/A] com.zaxxer.hikari.pool.HikariPool - HikariPool-1 - After cleanup  stats (total=0, active=0, idle=0, waiting=0)
2026-03-22 11:44:11.230 [HikariPool-1 housekeeper] DEBUG [N/A] [N/A] com.zaxxer.hikari.pool.HikariPool - HikariPool-1 - Fill pool skipped, pool has sufficient level or currently being filled.
2026-03-22 11:44:41.234 [HikariPool-1 housekeeper] DEBUG [N/A] [N/A] com.zaxxer.hikari.pool.HikariPool - HikariPool-1 - Before cleanup stats (total=0, active=0, idle=0, waiting=0)
2026-03-22 11:44:41.236 [HikariPool-1 housekeeper] DEBUG [N/A] [N/A] com.zaxxer.hikari.pool.HikariPool - HikariPool-1 - After cleanup  stats (total=0, active=0, idle=0, waiting=0)
2026-03-22 11:44:41.236 [HikariPool-1 housekeeper] DEBUG [N/A] [N/A] com.zaxxer.hikari.pool.HikariPool - HikariPool-1 - Fill pool skipped, pool has sufficient level or currently being filled.
2026-03-22 11:45:11.245 [HikariPool-1 housekeeper] DEBUG [N/A] [N/A] com.zaxxer.hikari.pool.HikariPool - HikariPool-1 - Before cleanup stats (total=0, active=0, idle=0, waiting=0)
2026-03-22 11:45:11.246 [HikariPool-1 housekeeper] DEBUG [N/A] [N/A] com.zaxxer.hikari.pool.HikariPool - HikariPool-1 - After cleanup  stats (total=0, active=0, idle=0, waiting=0)
2026-03-22 11:45:11.246 [HikariPool-1 housekeeper] DEBUG [N/A] [N/A] com.zaxxer.hikari.pool.HikariPool - HikariPool-1 - Fill pool skipped, pool has sufficient level or currently being filled.
2026-03-22 11:45:41.248 [HikariPool-1 housekeeper] DEBUG [N/A] [N/A] com.zaxxer.hikari.pool.HikariPool - HikariPool-1 - Before cleanup stats (total=0, active=0, idle=0, waiting=0)
2026-03-22 11:45:41.252 [HikariPool-1 housekeeper] DEBUG [N/A] [N/A] com.zaxxer.hikari.pool.HikariPool - HikariPool-1 - After cleanup  stats (total=0, active=0, idle=0, waiting=0)
2026-03-22 11:45:41.252 [HikariPool-1 housekeeper] DEBUG [N/A] [N/A] com.zaxxer.hikari.pool.HikariPool - HikariPool-1 - Fill pool skipped, pool has sufficient level or currently being filled.
2026-03-22 11:46:11.259 [HikariPool-1 housekeeper] DEBUG [N/A] [N/A] com.zaxxer.hikari.pool.HikariPool - HikariPool-1 - Before cleanup stats (total=0, active=0, idle=0, waiting=0)
2026-03-22 11:46:11.259 [HikariPool-1 housekeeper] DEBUG [N/A] [N/A] com.zaxxer.hikari.pool.HikariPool - HikariPool-1 - After cleanup  stats (total=0, active=0, idle=0, waiting=0)
2026-03-22 11:46:11.259 [HikariPool-1 housekeeper] DEBUG [N/A] [N/A] com.zaxxer.hikari.pool.HikariPool - HikariPool-1 - Fill pool skipped, pool has sufficient level or currently being filled.
2026-03-22 11:46:41.259 [HikariPool-1 housekeeper] DEBUG [N/A] [N/A] com.zaxxer.hikari.pool.HikariPool - HikariPool-1 - Before cleanup stats (total=0, active=0, idle=0, waiting=0)
2026-03-22 11:46:41.261 [HikariPool-1 housekeeper] DEBUG [N/A] [N/A] com.zaxxer.hikari.pool.HikariPool - HikariPool-1 - After cleanup  stats (total=0, active=0, idle=0, waiting=0)
2026-03-22 11:46:41.262 [HikariPool-1 housekeeper] DEBUG [N/A] [N/A] com.zaxxer.hikari.pool.HikariPool - HikariPool-1 - Fill pool skipped, pool has sufficient level or currently being filled.
2026-03-22 11:47:11.266 [HikariPool-1 housekeeper] DEBUG [N/A] [N/A] com.zaxxer.hikari.pool.HikariPool - HikariPool-1 - Before cleanup stats (total=0, active=0, idle=0, waiting=0)
2026-03-22 11:47:11.267 [HikariPool-1 housekeeper] DEBUG [N/A] [N/A] com.zaxxer.hikari.pool.HikariPool - HikariPool-1 - After cleanup  stats (total=0, active=0, idle=0, waiting=0)
2026-03-22 11:47:11.268 [HikariPool-1 housekeeper] DEBUG [N/A] [N/A] com.zaxxer.hikari.pool.HikariPool - HikariPool-1 - Fill pool skipped, pool has sufficient level or currently being filled.
2026-03-22 11:47:41.292 [HikariPool-1 housekeeper] DEBUG [N/A] [N/A] com.zaxxer.hikari.pool.HikariPool - HikariPool-1 - Before cleanup stats (total=0, active=0, idle=0, waiting=0)
2026-03-22 11:47:41.292 [HikariPool-1 housekeeper] DEBUG [N/A] [N/A] com.zaxxer.hikari.pool.HikariPool - HikariPool-1 - After cleanup  stats (total=0, active=0, idle=0, waiting=0)
2026-03-22 11:47:41.292 [HikariPool-1 housekeeper] DEBUG [N/A] [N/A] com.zaxxer.hikari.pool.HikariPool - HikariPool-1 - Fill pool skipped, pool has sufficient level or currently being filled.
2026-03-22 11:48:11.302 [HikariPool-1 housekeeper] DEBUG [N/A] [N/A] com.zaxxer.hikari.pool.HikariPool - HikariPool-1 - Before cleanup stats (total=0, active=0, idle=0, waiting=0)
2026-03-22 11:48:11.303 [HikariPool-1 housekeeper] DEBUG [N/A] [N/A] com.zaxxer.hikari.pool.HikariPool - HikariPool-1 - After cleanup  stats (total=0, active=0, idle=0, waiting=0)
2026-03-22 11:48:11.304 [HikariPool-1 housekeeper] DEBUG [N/A] [N/A] com.zaxxer.hikari.pool.HikariPool - HikariPool-1 - Fill pool skipped, pool has sufficient level or currently being filled.
2026-03-22 11:48:41.307 [HikariPool-1 housekeeper] DEBUG [N/A] [N/A] com.zaxxer.hikari.pool.HikariPool - HikariPool-1 - Before cleanup stats (total=0, active=0, idle=0, waiting=0)
2026-03-22 11:48:41.308 [HikariPool-1 housekeeper] DEBUG [N/A] [N/A] com.zaxxer.hikari.pool.HikariPool - HikariPool-1 - After cleanup  stats (total=0, active=0, idle=0, waiting=0)
2026-03-22 11:48:41.308 [HikariPool-1 housekeeper] DEBUG [N/A] [N/A] com.zaxxer.hikari.pool.HikariPool - HikariPool-1 - Fill pool skipped, pool has sufficient level or currently being filled.
2026-03-22 11:49:11.318 [HikariPool-1 housekeeper] DEBUG [N/A] [N/A] com.zaxxer.hikari.pool.HikariPool - HikariPool-1 - Before cleanup stats (total=0, active=0, idle=0, waiting=0)
2026-03-22 11:49:11.321 [HikariPool-1 housekeeper] DEBUG [N/A] [N/A] com.zaxxer.hikari.pool.HikariPool - HikariPool-1 - After cleanup  stats (total=0, active=0, idle=0, waiting=0)
2026-03-22 11:49:11.321 [HikariPool-1 housekeeper] DEBUG [N/A] [N/A] com.zaxxer.hikari.pool.HikariPool - HikariPool-1 - Fill pool skipped, pool has sufficient level or currently being filled.
2026-03-22 11:49:41.328 [HikariPool-1 housekeeper] DEBUG [N/A] [N/A] com.zaxxer.hikari.pool.HikariPool - HikariPool-1 - Before cleanup stats (total=0, active=0, idle=0, waiting=0)
2026-03-22 11:49:41.330 [HikariPool-1 housekeeper] DEBUG [N/A] [N/A] com.zaxxer.hikari.pool.HikariPool - HikariPool-1 - After cleanup  stats (total=0, active=0, idle=0, waiting=0)
2026-03-22 11:49:41.330 [HikariPool-1 housekeeper] DEBUG [N/A] [N/A] com.zaxxer.hikari.pool.HikariPool - HikariPool-1 - Fill pool skipped, pool has sufficient level or currently being filled.
2026-03-22 11:50:11.341 [HikariPool-1 housekeeper] DEBUG [N/A] [N/A] com.zaxxer.hikari.pool.HikariPool - HikariPool-1 - Before cleanup stats (total=0, active=0, idle=0, waiting=0)
2026-03-22 11:50:11.341 [HikariPool-1 housekeeper] DEBUG [N/A] [N/A] com.zaxxer.hikari.pool.HikariPool - HikariPool-1 - After cleanup  stats (total=0, active=0, idle=0, waiting=0)
2026-03-22 11:50:11.342 [HikariPool-1 housekeeper] DEBUG [N/A] [N/A] com.zaxxer.hikari.pool.HikariPool - HikariPool-1 - Fill pool skipped, pool has sufficient level or currently being filled.
2026-03-22 11:50:41.348 [HikariPool-1 housekeeper] DEBUG [N/A] [N/A] com.zaxxer.hikari.pool.HikariPool - HikariPool-1 - Before cleanup stats (total=0, active=0, idle=0, waiting=0)
2026-03-22 11:50:41.349 [HikariPool-1 housekeeper] DEBUG [N/A] [N/A] com.zaxxer.hikari.pool.HikariPool - HikariPool-1 - After cleanup  stats (total=0, active=0, idle=0, waiting=0)
2026-03-22 11:50:41.349 [HikariPool-1 housekeeper] DEBUG [N/A] [N/A] com.zaxxer.hikari.pool.HikariPool - HikariPool-1 - Fill pool skipped, pool has sufficient level or currently being filled.
2026-03-22 11:51:11.357 [HikariPool-1 housekeeper] DEBUG [N/A] [N/A] com.zaxxer.hikari.pool.HikariPool - HikariPool-1 - Before cleanup stats (total=0, active=0, idle=0, waiting=0)
2026-03-22 11:51:11.357 [HikariPool-1 housekeeper] DEBUG [N/A] [N/A] com.zaxxer.hikari.pool.HikariPool - HikariPool-1 - After cleanup  stats (total=0, active=0, idle=0, waiting=0)
2026-03-22 11:51:11.357 [HikariPool-1 housekeeper] DEBUG [N/A] [N/A] com.zaxxer.hikari.pool.HikariPool - HikariPool-1 - Fill pool skipped, pool has sufficient level or currently being filled.
2026-03-22 11:51:41.364 [HikariPool-1 housekeeper] DEBUG [N/A] [N/A] com.zaxxer.hikari.pool.HikariPool - HikariPool-1 - Before cleanup stats (total=0, active=0, idle=0, waiting=0)
2026-03-22 11:51:41.365 [HikariPool-1 housekeeper] DEBUG [N/A] [N/A] com.zaxxer.hikari.pool.HikariPool - HikariPool-1 - After cleanup  stats (total=0, active=0, idle=0, waiting=0)
2026-03-22 11:51:41.366 [HikariPool-1 housekeeper] DEBUG [N/A] [N/A] com.zaxxer.hikari.pool.HikariPool - HikariPool-1 - Fill pool skipped, pool has sufficient level or currently being filled.
2026-03-22 11:52:11.370 [HikariPool-1 housekeeper] DEBUG [N/A] [N/A] com.zaxxer.hikari.pool.HikariPool - HikariPool-1 - Before cleanup stats (total=0, active=0, idle=0, waiting=0)
2026-03-22 11:52:11.371 [HikariPool-1 housekeeper] DEBUG [N/A] [N/A] com.zaxxer.hikari.pool.HikariPool - HikariPool-1 - After cleanup  stats (total=0, active=0, idle=0, waiting=0)
2026-03-22 11:52:11.371 [HikariPool-1 housekeeper] DEBUG [N/A] [N/A] com.zaxxer.hikari.pool.HikariPool - HikariPool-1 - Fill pool skipped, pool has sufficient level or currently being filled.
2026-03-22 11:52:41.376 [HikariPool-1 housekeeper] DEBUG [N/A] [N/A] com.zaxxer.hikari.pool.HikariPool - HikariPool-1 - Before cleanup stats (total=0, active=0, idle=0, waiting=0)
2026-03-22 11:52:41.376 [HikariPool-1 housekeeper] DEBUG [N/A] [N/A] com.zaxxer.hikari.pool.HikariPool - HikariPool-1 - After cleanup  stats (total=0, active=0, idle=0, waiting=0)
2026-03-22 11:52:41.377 [HikariPool-1 housekeeper] DEBUG [N/A] [N/A] com.zaxxer.hikari.pool.HikariPool - HikariPool-1 - Fill pool skipped, pool has sufficient level or currently being filled.
2026-03-22 11:53:11.377 [HikariPool-1 housekeeper] DEBUG [N/A] [N/A] com.zaxxer.hikari.pool.HikariPool - HikariPool-1 - Before cleanup stats (total=0, active=0, idle=0, waiting=0)
2026-03-22 11:53:11.379 [HikariPool-1 housekeeper] DEBUG [N/A] [N/A] com.zaxxer.hikari.pool.HikariPool - HikariPool-1 - After cleanup  stats (total=0, active=0, idle=0, waiting=0)
2026-03-22 11:53:11.379 [HikariPool-1 housekeeper] DEBUG [N/A] [N/A] com.zaxxer.hikari.pool.HikariPool - HikariPool-1 - Fill pool skipped, pool has sufficient level or currently being filled.
2026-03-22 11:53:41.379 [HikariPool-1 housekeeper] DEBUG [N/A] [N/A] com.zaxxer.hikari.pool.HikariPool - HikariPool-1 - Before cleanup stats (total=0, active=0, idle=0, waiting=0)
2026-03-22 11:53:41.379 [HikariPool-1 housekeeper] DEBUG [N/A] [N/A] com.zaxxer.hikari.pool.HikariPool - HikariPool-1 - After cleanup  stats (total=0, active=0, idle=0, waiting=0)
2026-03-22 11:53:41.379 [HikariPool-1 housekeeper] DEBUG [N/A] [N/A] com.zaxxer.hikari.pool.HikariPool - HikariPool-1 - Fill pool skipped, pool has sufficient level or currently being filled.
2026-03-22 11:54:11.384 [HikariPool-1 housekeeper] DEBUG [N/A] [N/A] com.zaxxer.hikari.pool.HikariPool - HikariPool-1 - Before cleanup stats (total=0, active=0, idle=0, waiting=0)
2026-03-22 11:54:11.384 [HikariPool-1 housekeeper] DEBUG [N/A] [N/A] com.zaxxer.hikari.pool.HikariPool - HikariPool-1 - After cleanup  stats (total=0, active=0, idle=0, waiting=0)
2026-03-22 11:54:11.384 [HikariPool-1 housekeeper] DEBUG [N/A] [N/A] com.zaxxer.hikari.pool.HikariPool - HikariPool-1 - Fill pool skipped, pool has sufficient level or currently being filled.
2026-03-22 11:54:41.385 [HikariPool-1 housekeeper] DEBUG [N/A] [N/A] com.zaxxer.hikari.pool.HikariPool - HikariPool-1 - Before cleanup stats (total=0, active=0, idle=0, waiting=0)
2026-03-22 11:54:41.387 [HikariPool-1 housekeeper] DEBUG [N/A] [N/A] com.zaxxer.hikari.pool.HikariPool - HikariPool-1 - After cleanup  stats (total=0, active=0, idle=0, waiting=0)
2026-03-22 11:54:41.387 [HikariPool-1 housekeeper] DEBUG [N/A] [N/A] com.zaxxer.hikari.pool.HikariPool - HikariPool-1 - Fill pool skipped, pool has sufficient level or currently being filled.
2026-03-22 11:55:11.390 [HikariPool-1 housekeeper] DEBUG [N/A] [N/A] com.zaxxer.hikari.pool.HikariPool - HikariPool-1 - Before cleanup stats (total=0, active=0, idle=0, waiting=0)
2026-03-22 11:55:11.390 [HikariPool-1 housekeeper] DEBUG [N/A] [N/A] com.zaxxer.hikari.pool.HikariPool - HikariPool-1 - After cleanup  stats (total=0, active=0, idle=0, waiting=0)
2026-03-22 11:55:11.390 [HikariPool-1 housekeeper] DEBUG [N/A] [N/A] com.zaxxer.hikari.pool.HikariPool - HikariPool-1 - Fill pool skipped, pool has sufficient level or currently being filled.
2026-03-22 11:55:41.395 [HikariPool-1 housekeeper] DEBUG [N/A] [N/A] com.zaxxer.hikari.pool.HikariPool - HikariPool-1 - Before cleanup stats (total=0, active=0, idle=0, waiting=0)
2026-03-22 11:55:41.396 [HikariPool-1 housekeeper] DEBUG [N/A] [N/A] com.zaxxer.hikari.pool.HikariPool - HikariPool-1 - After cleanup  stats (total=0, active=0, idle=0, waiting=0)
2026-03-22 11:55:41.397 [HikariPool-1 housekeeper] DEBUG [N/A] [N/A] com.zaxxer.hikari.pool.HikariPool - HikariPool-1 - Fill pool skipped, pool has sufficient level or currently being filled.
2026-03-22 11:56:11.402 [HikariPool-1 housekeeper] DEBUG [N/A] [N/A] com.zaxxer.hikari.pool.HikariPool - HikariPool-1 - Before cleanup stats (total=0, active=0, idle=0, waiting=0)
2026-03-22 11:56:11.405 [HikariPool-1 housekeeper] DEBUG [N/A] [N/A] com.zaxxer.hikari.pool.HikariPool - HikariPool-1 - After cleanup  stats (total=0, active=0, idle=0, waiting=0)
2026-03-22 11:56:11.405 [HikariPool-1 housekeeper] DEBUG [N/A] [N/A] com.zaxxer.hikari.pool.HikariPool - HikariPool-1 - Fill pool skipped, pool has sufficient level or currently being filled.
2026-03-22 11:56:41.418 [HikariPool-1 housekeeper] DEBUG [N/A] [N/A] com.zaxxer.hikari.pool.HikariPool - HikariPool-1 - Before cleanup stats (total=0, active=0, idle=0, waiting=0)
2026-03-22 11:56:41.419 [HikariPool-1 housekeeper] DEBUG [N/A] [N/A] com.zaxxer.hikari.pool.HikariPool - HikariPool-1 - After cleanup  stats (total=0, active=0, idle=0, waiting=0)
2026-03-22 11:56:41.419 [HikariPool-1 housekeeper] DEBUG [N/A] [N/A] com.zaxxer.hikari.pool.HikariPool - HikariPool-1 - Fill pool skipped, pool has sufficient level or currently being filled.
2026-03-22 11:57:11.420 [HikariPool-1 housekeeper] DEBUG [N/A] [N/A] com.zaxxer.hikari.pool.HikariPool - HikariPool-1 - Before cleanup stats (total=0, active=0, idle=0, waiting=0)
2026-03-22 11:57:11.420 [HikariPool-1 housekeeper] DEBUG [N/A] [N/A] com.zaxxer.hikari.pool.HikariPool - HikariPool-1 - After cleanup  stats (total=0, active=0, idle=0, waiting=0)
2026-03-22 11:57:11.420 [HikariPool-1 housekeeper] DEBUG [N/A] [N/A] com.zaxxer.hikari.pool.HikariPool - HikariPool-1 - Fill pool skipped, pool has sufficient level or currently being filled.
2026-03-22 11:57:41.425 [HikariPool-1 housekeeper] DEBUG [N/A] [N/A] com.zaxxer.hikari.pool.HikariPool - HikariPool-1 - Before cleanup stats (total=0, active=0, idle=0, waiting=0)
2026-03-22 11:57:41.425 [HikariPool-1 housekeeper] DEBUG [N/A] [N/A] com.zaxxer.hikari.pool.HikariPool - HikariPool-1 - After cleanup  stats (total=0, active=0, idle=0, waiting=0)
2026-03-22 11:57:41.425 [HikariPool-1 housekeeper] DEBUG [N/A] [N/A] com.zaxxer.hikari.pool.HikariPool - HikariPool-1 - Fill pool skipped, pool has sufficient level or currently being filled.
2026-03-22 11:58:11.428 [HikariPool-1 housekeeper] DEBUG [N/A] [N/A] com.zaxxer.hikari.pool.HikariPool - HikariPool-1 - Before cleanup stats (total=0, active=0, idle=0, waiting=0)
2026-03-22 11:58:11.430 [HikariPool-1 housekeeper] DEBUG [N/A] [N/A] com.zaxxer.hikari.pool.HikariPool - HikariPool-1 - After cleanup  stats (total=0, active=0, idle=0, waiting=0)
2026-03-22 11:58:11.430 [HikariPool-1 housekeeper] DEBUG [N/A] [N/A] com.zaxxer.hikari.pool.HikariPool - HikariPool-1 - Fill pool skipped, pool has sufficient level or currently being filled.
2026-03-22 12:01:05.842 [HikariPool-1 housekeeper] WARN  [N/A] [N/A] com.zaxxer.hikari.pool.HikariPool - HikariPool-1 - Thread starvation or clock leap detected (housekeeper delta=2m54s413ms).
2026-03-22 12:01:05.843 [HikariPool-1 housekeeper] DEBUG [N/A] [N/A] com.zaxxer.hikari.pool.HikariPool - HikariPool-1 - Before cleanup stats (total=0, active=0, idle=0, waiting=0)
2026-03-22 12:01:05.844 [HikariPool-1 housekeeper] DEBUG [N/A] [N/A] com.zaxxer.hikari.pool.HikariPool - HikariPool-1 - After cleanup  stats (total=0, active=0, idle=0, waiting=0)
2026-03-22 12:01:05.844 [HikariPool-1 housekeeper] DEBUG [N/A] [N/A] com.zaxxer.hikari.pool.HikariPool - HikariPool-1 - Fill pool skipped, pool has sufficient level or currently being filled.
2026-03-22 12:01:35.867 [HikariPool-1 housekeeper] DEBUG [N/A] [N/A] com.zaxxer.hikari.pool.HikariPool - HikariPool-1 - Before cleanup stats (total=0, active=0, idle=0, waiting=0)
2026-03-22 12:01:35.868 [HikariPool-1 housekeeper] DEBUG [N/A] [N/A] com.zaxxer.hikari.pool.HikariPool - HikariPool-1 - After cleanup  stats (total=0, active=0, idle=0, waiting=0)
2026-03-22 12:01:35.868 [HikariPool-1 housekeeper] DEBUG [N/A] [N/A] com.zaxxer.hikari.pool.HikariPool - HikariPool-1 - Fill pool skipped, pool has sufficient level or currently being filled.
2026-03-22 12:02:05.878 [HikariPool-1 housekeeper] DEBUG [N/A] [N/A] com.zaxxer.hikari.pool.HikariPool - HikariPool-1 - Before cleanup stats (total=0, active=0, idle=0, waiting=0)
2026-03-22 12:02:05.880 [HikariPool-1 housekeeper] DEBUG [N/A] [N/A] com.zaxxer.hikari.pool.HikariPool - HikariPool-1 - After cleanup  stats (total=0, active=0, idle=0, waiting=0)
2026-03-22 12:02:05.880 [HikariPool-1 housekeeper] DEBUG [N/A] [N/A] com.zaxxer.hikari.pool.HikariPool - HikariPool-1 - Fill pool skipped, pool has sufficient level or currently being filled.
2026-03-22 12:02:35.884 [HikariPool-1 housekeeper] DEBUG [N/A] [N/A] com.zaxxer.hikari.pool.HikariPool - HikariPool-1 - Before cleanup stats (total=0, active=0, idle=0, waiting=0)
2026-03-22 12:02:35.886 [HikariPool-1 housekeeper] DEBUG [N/A] [N/A] com.zaxxer.hikari.pool.HikariPool - HikariPool-1 - After cleanup  stats (total=0, active=0, idle=0, waiting=0)
2026-03-22 12:02:35.886 [HikariPool-1 housekeeper] DEBUG [N/A] [N/A] com.zaxxer.hikari.pool.HikariPool - HikariPool-1 - Fill pool skipped, pool has sufficient level or currently being filled.
2026-03-22 12:03:05.887 [HikariPool-1 housekeeper] DEBUG [N/A] [N/A] com.zaxxer.hikari.pool.HikariPool - HikariPool-1 - Before cleanup stats (total=0, active=0, idle=0, waiting=0)
2026-03-22 12:03:05.887 [HikariPool-1 housekeeper] DEBUG [N/A] [N/A] com.zaxxer.hikari.pool.HikariPool - HikariPool-1 - After cleanup  stats (total=0, active=0, idle=0, waiting=0)
2026-03-22 12:03:05.887 [HikariPool-1 housekeeper] DEBUG [N/A] [N/A] com.zaxxer.hikari.pool.HikariPool - HikariPool-1 - Fill pool skipped, pool has sufficient level or currently being filled.
2026-03-22 12:03:35.886 [HikariPool-1 housekeeper] DEBUG [N/A] [N/A] com.zaxxer.hikari.pool.HikariPool - HikariPool-1 - Before cleanup stats (total=0, active=0, idle=0, waiting=0)
2026-03-22 12:03:35.888 [HikariPool-1 housekeeper] DEBUG [N/A] [N/A] com.zaxxer.hikari.pool.HikariPool - HikariPool-1 - After cleanup  stats (total=0, active=0, idle=0, waiting=0)
2026-03-22 12:03:35.889 [HikariPool-1 housekeeper] DEBUG [N/A] [N/A] com.zaxxer.hikari.pool.HikariPool - HikariPool-1 - Fill pool skipped, pool has sufficient level or currently being filled.
2026-03-22 12:04:05.893 [HikariPool-1 housekeeper] DEBUG [N/A] [N/A] com.zaxxer.hikari.pool.HikariPool - HikariPool-1 - Before cleanup stats (total=0, active=0, idle=0, waiting=0)
2026-03-22 12:04:05.895 [HikariPool-1 housekeeper] DEBUG [N/A] [N/A] com.zaxxer.hikari.pool.HikariPool - HikariPool-1 - After cleanup  stats (total=0, active=0, idle=0, waiting=0)
2026-03-22 12:04:05.895 [HikariPool-1 housekeeper] DEBUG [N/A] [N/A] com.zaxxer.hikari.pool.HikariPool - HikariPool-1 - Fill pool skipped, pool has sufficient level or currently being filled.
2026-03-22 12:04:35.898 [HikariPool-1 housekeeper] DEBUG [N/A] [N/A] com.zaxxer.hikari.pool.HikariPool - HikariPool-1 - Before cleanup stats (total=0, active=0, idle=0, waiting=0)
2026-03-22 12:04:35.899 [HikariPool-1 housekeeper] DEBUG [N/A] [N/A] com.zaxxer.hikari.pool.HikariPool - HikariPool-1 - After cleanup  stats (total=0, active=0, idle=0, waiting=0)
2026-03-22 12:04:35.899 [HikariPool-1 housekeeper] DEBUG [N/A] [N/A] com.zaxxer.hikari.pool.HikariPool - HikariPool-1 - Fill pool skipped, pool has sufficient level or currently being filled.
2026-03-22 12:05:05.902 [HikariPool-1 housekeeper] DEBUG [N/A] [N/A] com.zaxxer.hikari.pool.HikariPool - HikariPool-1 - Before cleanup stats (total=0, active=0, idle=0, waiting=0)
2026-03-22 12:05:05.905 [HikariPool-1 housekeeper] DEBUG [N/A] [N/A] com.zaxxer.hikari.pool.HikariPool - HikariPool-1 - After cleanup  stats (total=0, active=0, idle=0, waiting=0)
2026-03-22 12:05:05.905 [HikariPool-1 housekeeper] DEBUG [N/A] [N/A] com.zaxxer.hikari.pool.HikariPool - HikariPool-1 - Fill pool skipped, pool has sufficient level or currently being filled.
2026-03-22 12:05:35.908 [HikariPool-1 housekeeper] DEBUG [N/A] [N/A] com.zaxxer.hikari.pool.HikariPool - HikariPool-1 - Before cleanup stats (total=0, active=0, idle=0, waiting=0)
2026-03-22 12:05:35.908 [HikariPool-1 housekeeper] DEBUG [N/A] [N/A] com.zaxxer.hikari.pool.HikariPool - HikariPool-1 - After cleanup  stats (total=0, active=0, idle=0, waiting=0)
2026-03-22 12:05:35.908 [HikariPool-1 housekeeper] DEBUG [N/A] [N/A] com.zaxxer.hikari.pool.HikariPool - HikariPool-1 - Fill pool skipped, pool has sufficient level or currently being filled.
2026-03-22 12:06:05.911 [HikariPool-1 housekeeper] DEBUG [N/A] [N/A] com.zaxxer.hikari.pool.HikariPool - HikariPool-1 - Before cleanup stats (total=0, active=0, idle=0, waiting=0)
2026-03-22 12:06:05.912 [HikariPool-1 housekeeper] DEBUG [N/A] [N/A] com.zaxxer.hikari.pool.HikariPool - HikariPool-1 - After cleanup  stats (total=0, active=0, idle=0, waiting=0)
2026-03-22 12:06:05.912 [HikariPool-1 housekeeper] DEBUG [N/A] [N/A] com.zaxxer.hikari.pool.HikariPool - HikariPool-1 - Fill pool skipped, pool has sufficient level or currently being filled.
2026-03-22 12:06:35.916 [HikariPool-1 housekeeper] DEBUG [N/A] [N/A] com.zaxxer.hikari.pool.HikariPool - HikariPool-1 - Before cleanup stats (total=0, active=0, idle=0, waiting=0)
2026-03-22 12:06:35.917 [HikariPool-1 housekeeper] DEBUG [N/A] [N/A] com.zaxxer.hikari.pool.HikariPool - HikariPool-1 - After cleanup  stats (total=0, active=0, idle=0, waiting=0)
2026-03-22 12:06:35.918 [HikariPool-1 housekeeper] DEBUG [N/A] [N/A] com.zaxxer.hikari.pool.HikariPool - HikariPool-1 - Fill pool skipped, pool has sufficient level or currently being filled.
2026-03-22 12:07:05.920 [HikariPool-1 housekeeper] DEBUG [N/A] [N/A] com.zaxxer.hikari.pool.HikariPool - HikariPool-1 - Before cleanup stats (total=0, active=0, idle=0, waiting=0)
2026-03-22 12:07:05.925 [HikariPool-1 housekeeper] DEBUG [N/A] [N/A] com.zaxxer.hikari.pool.HikariPool - HikariPool-1 - After cleanup  stats (total=0, active=0, idle=0, waiting=0)
2026-03-22 12:07:05.925 [HikariPool-1 housekeeper] DEBUG [N/A] [N/A] com.zaxxer.hikari.pool.HikariPool - HikariPool-1 - Fill pool skipped, pool has sufficient level or currently being filled.
2026-03-22 12:07:35.925 [HikariPool-1 housekeeper] DEBUG [N/A] [N/A] com.zaxxer.hikari.pool.HikariPool - HikariPool-1 - Before cleanup stats (total=0, active=0, idle=0, waiting=0)
2026-03-22 12:07:35.926 [HikariPool-1 housekeeper] DEBUG [N/A] [N/A] com.zaxxer.hikari.pool.HikariPool - HikariPool-1 - After cleanup  stats (total=0, active=0, idle=0, waiting=0)
2026-03-22 12:07:35.926 [HikariPool-1 housekeeper] DEBUG [N/A] [N/A] com.zaxxer.hikari.pool.HikariPool - HikariPool-1 - Fill pool skipped, pool has sufficient level or currently being filled.
2026-03-22 12:08:05.931 [HikariPool-1 housekeeper] DEBUG [N/A] [N/A] com.zaxxer.hikari.pool.HikariPool - HikariPool-1 - Before cleanup stats (total=0, active=0, idle=0, waiting=0)
2026-03-22 12:08:05.931 [HikariPool-1 housekeeper] DEBUG [N/A] [N/A] com.zaxxer.hikari.pool.HikariPool - HikariPool-1 - After cleanup  stats (total=0, active=0, idle=0, waiting=0)
2026-03-22 12:08:05.931 [HikariPool-1 housekeeper] DEBUG [N/A] [N/A] com.zaxxer.hikari.pool.HikariPool - HikariPool-1 - Fill pool skipped, pool has sufficient level or currently being filled.
2026-03-22 12:08:35.935 [HikariPool-1 housekeeper] DEBUG [N/A] [N/A] com.zaxxer.hikari.pool.HikariPool - HikariPool-1 - Before cleanup stats (total=0, active=0, idle=0, waiting=0)
2026-03-22 12:08:35.935 [HikariPool-1 housekeeper] DEBUG [N/A] [N/A] com.zaxxer.hikari.pool.HikariPool - HikariPool-1 - After cleanup  stats (total=0, active=0, idle=0, waiting=0)
2026-03-22 12:08:35.935 [HikariPool-1 housekeeper] DEBUG [N/A] [N/A] com.zaxxer.hikari.pool.HikariPool - HikariPool-1 - Fill pool skipped, pool has sufficient level or currently being filled.
2026-03-22 12:09:05.936 [HikariPool-1 housekeeper] DEBUG [N/A] [N/A] com.zaxxer.hikari.pool.HikariPool - HikariPool-1 - Before cleanup stats (total=0, active=0, idle=0, waiting=0)
2026-03-22 12:09:05.937 [HikariPool-1 housekeeper] DEBUG [N/A] [N/A] com.zaxxer.hikari.pool.HikariPool - HikariPool-1 - After cleanup  stats (total=0, active=0, idle=0, waiting=0)
2026-03-22 12:09:05.937 [HikariPool-1 housekeeper] DEBUG [N/A] [N/A] com.zaxxer.hikari.pool.HikariPool - HikariPool-1 - Fill pool skipped, pool has sufficient level or currently being filled.
2026-03-22 12:09:35.937 [HikariPool-1 housekeeper] DEBUG [N/A] [N/A] com.zaxxer.hikari.pool.HikariPool - HikariPool-1 - Before cleanup stats (total=0, active=0, idle=0, waiting=0)
2026-03-22 12:09:35.938 [HikariPool-1 housekeeper] DEBUG [N/A] [N/A] com.zaxxer.hikari.pool.HikariPool - HikariPool-1 - After cleanup  stats (total=0, active=0, idle=0, waiting=0)
2026-03-22 12:09:35.938 [HikariPool-1 housekeeper] DEBUG [N/A] [N/A] com.zaxxer.hikari.pool.HikariPool - HikariPool-1 - Fill pool skipped, pool has sufficient level or currently being filled.
2026-03-22 12:10:05.944 [HikariPool-1 housekeeper] DEBUG [N/A] [N/A] com.zaxxer.hikari.pool.HikariPool - HikariPool-1 - Before cleanup stats (total=0, active=0, idle=0, waiting=0)
2026-03-22 12:10:05.944 [HikariPool-1 housekeeper] DEBUG [N/A] [N/A] com.zaxxer.hikari.pool.HikariPool - HikariPool-1 - After cleanup  stats (total=0, active=0, idle=0, waiting=0)
2026-03-22 12:10:05.944 [HikariPool-1 housekeeper] DEBUG [N/A] [N/A] com.zaxxer.hikari.pool.HikariPool - HikariPool-1 - Fill pool skipped, pool has sufficient level or currently being filled.
2026-03-22 12:10:35.948 [HikariPool-1 housekeeper] DEBUG [N/A] [N/A] com.zaxxer.hikari.pool.HikariPool - HikariPool-1 - Before cleanup stats (total=0, active=0, idle=0, waiting=0)
2026-03-22 12:10:35.948 [HikariPool-1 housekeeper] DEBUG [N/A] [N/A] com.zaxxer.hikari.pool.HikariPool - HikariPool-1 - After cleanup  stats (total=0, active=0, idle=0, waiting=0)
2026-03-22 12:10:35.948 [HikariPool-1 housekeeper] DEBUG [N/A] [N/A] com.zaxxer.hikari.pool.HikariPool - HikariPool-1 - Fill pool skipped, pool has sufficient level or currently being filled.
2026-03-22 12:11:05.950 [HikariPool-1 housekeeper] DEBUG [N/A] [N/A] com.zaxxer.hikari.pool.HikariPool - HikariPool-1 - Before cleanup stats (total=0, active=0, idle=0, waiting=0)
2026-03-22 12:11:05.951 [HikariPool-1 housekeeper] DEBUG [N/A] [N/A] com.zaxxer.hikari.pool.HikariPool - HikariPool-1 - After cleanup  stats (total=0, active=0, idle=0, waiting=0)
2026-03-22 12:11:05.951 [HikariPool-1 housekeeper] DEBUG [N/A] [N/A] com.zaxxer.hikari.pool.HikariPool - HikariPool-1 - Fill pool skipped, pool has sufficient level or currently being filled.
2026-03-22 12:11:35.954 [HikariPool-1 housekeeper] DEBUG [N/A] [N/A] com.zaxxer.hikari.pool.HikariPool - HikariPool-1 - Before cleanup stats (total=0, active=0, idle=0, waiting=0)
2026-03-22 12:11:35.955 [HikariPool-1 housekeeper] DEBUG [N/A] [N/A] com.zaxxer.hikari.pool.HikariPool - HikariPool-1 - After cleanup  stats (total=0, active=0, idle=0, waiting=0)
2026-03-22 12:11:35.956 [HikariPool-1 housekeeper] DEBUG [N/A] [N/A] com.zaxxer.hikari.pool.HikariPool - HikariPool-1 - Fill pool skipped, pool has sufficient level or currently being filled.
2026-03-22 12:12:05.961 [HikariPool-1 housekeeper] DEBUG [N/A] [N/A] com.zaxxer.hikari.pool.HikariPool - HikariPool-1 - Before cleanup stats (total=0, active=0, idle=0, waiting=0)
2026-03-22 12:12:05.962 [HikariPool-1 housekeeper] DEBUG [N/A] [N/A] com.zaxxer.hikari.pool.HikariPool - HikariPool-1 - After cleanup  stats (total=0, active=0, idle=0, waiting=0)
2026-03-22 12:12:05.962 [HikariPool-1 housekeeper] DEBUG [N/A] [N/A] com.zaxxer.hikari.pool.HikariPool - HikariPool-1 - Fill pool skipped, pool has sufficient level or currently being filled.
2026-03-22 12:12:35.964 [HikariPool-1 housekeeper] DEBUG [N/A] [N/A] com.zaxxer.hikari.pool.HikariPool - HikariPool-1 - Before cleanup stats (total=0, active=0, idle=0, waiting=0)
2026-03-22 12:12:35.965 [HikariPool-1 housekeeper] DEBUG [N/A] [N/A] com.zaxxer.hikari.pool.HikariPool - HikariPool-1 - After cleanup  stats (total=0, active=0, idle=0, waiting=0)
2026-03-22 12:12:35.967 [HikariPool-1 housekeeper] DEBUG [N/A] [N/A] com.zaxxer.hikari.pool.HikariPool - HikariPool-1 - Fill pool skipped, pool has sufficient level or currently being filled.
2026-03-22 12:13:05.973 [HikariPool-1 housekeeper] DEBUG [N/A] [N/A] com.zaxxer.hikari.pool.HikariPool - HikariPool-1 - Before cleanup stats (total=0, active=0, idle=0, waiting=0)
2026-03-22 12:13:05.975 [HikariPool-1 housekeeper] DEBUG [N/A] [N/A] com.zaxxer.hikari.pool.HikariPool - HikariPool-1 - After cleanup  stats (total=0, active=0, idle=0, waiting=0)
2026-03-22 12:13:05.975 [HikariPool-1 housekeeper] DEBUG [N/A] [N/A] com.zaxxer.hikari.pool.HikariPool - HikariPool-1 - Fill pool skipped, pool has sufficient level or currently being filled.
2026-03-22 12:13:35.976 [HikariPool-1 housekeeper] DEBUG [N/A] [N/A] com.zaxxer.hikari.pool.HikariPool - HikariPool-1 - Before cleanup stats (total=0, active=0, idle=0, waiting=0)
2026-03-22 12:13:35.978 [HikariPool-1 housekeeper] DEBUG [N/A] [N/A] com.zaxxer.hikari.pool.HikariPool - HikariPool-1 - After cleanup  stats (total=0, active=0, idle=0, waiting=0)
2026-03-22 12:13:35.978 [HikariPool-1 housekeeper] DEBUG [N/A] [N/A] com.zaxxer.hikari.pool.HikariPool - HikariPool-1 - Fill pool skipped, pool has sufficient level or currently being filled.
2026-03-22 12:14:05.982 [HikariPool-1 housekeeper] DEBUG [N/A] [N/A] com.zaxxer.hikari.pool.HikariPool - HikariPool-1 - Before cleanup stats (total=0, active=0, idle=0, waiting=0)
2026-03-22 12:14:05.983 [HikariPool-1 housekeeper] DEBUG [N/A] [N/A] com.zaxxer.hikari.pool.HikariPool - HikariPool-1 - After cleanup  stats (total=0, active=0, idle=0, waiting=0)
2026-03-22 12:14:05.983 [HikariPool-1 housekeeper] DEBUG [N/A] [N/A] com.zaxxer.hikari.pool.HikariPool - HikariPool-1 - Fill pool skipped, pool has sufficient level or currently being filled.
2026-03-22 12:14:35.985 [HikariPool-1 housekeeper] DEBUG [N/A] [N/A] com.zaxxer.hikari.pool.HikariPool - HikariPool-1 - Before cleanup stats (total=0, active=0, idle=0, waiting=0)
2026-03-22 12:14:35.985 [HikariPool-1 housekeeper] DEBUG [N/A] [N/A] com.zaxxer.hikari.pool.HikariPool - HikariPool-1 - After cleanup  stats (total=0, active=0, idle=0, waiting=0)
2026-03-22 12:14:35.985 [HikariPool-1 housekeeper] DEBUG [N/A] [N/A] com.zaxxer.hikari.pool.HikariPool - HikariPool-1 - Fill pool skipped, pool has sufficient level or currently being filled.
2026-03-22 12:15:05.988 [HikariPool-1 housekeeper] DEBUG [N/A] [N/A] com.zaxxer.hikari.pool.HikariPool - HikariPool-1 - Before cleanup stats (total=0, active=0, idle=0, waiting=0)
2026-03-22 12:15:05.989 [HikariPool-1 housekeeper] DEBUG [N/A] [N/A] com.zaxxer.hikari.pool.HikariPool - HikariPool-1 - After cleanup  stats (total=0, active=0, idle=0, waiting=0)
2026-03-22 12:15:05.989 [HikariPool-1 housekeeper] DEBUG [N/A] [N/A] com.zaxxer.hikari.pool.HikariPool - HikariPool-1 - Fill pool skipped, pool has sufficient level or currently being filled.
2026-03-22 12:15:35.994 [HikariPool-1 housekeeper] DEBUG [N/A] [N/A] com.zaxxer.hikari.pool.HikariPool - HikariPool-1 - Before cleanup stats (total=0, active=0, idle=0, waiting=0)
2026-03-22 12:15:35.995 [HikariPool-1 housekeeper] DEBUG [N/A] [N/A] com.zaxxer.hikari.pool.HikariPool - HikariPool-1 - After cleanup  stats (total=0, active=0, idle=0, waiting=0)
2026-03-22 12:15:35.995 [HikariPool-1 housekeeper] DEBUG [N/A] [N/A] com.zaxxer.hikari.pool.HikariPool - HikariPool-1 - Fill pool skipped, pool has sufficient level or currently being filled.
2026-03-22 12:16:06.000 [HikariPool-1 housekeeper] DEBUG [N/A] [N/A] com.zaxxer.hikari.pool.HikariPool - HikariPool-1 - Before cleanup stats (total=0, active=0, idle=0, waiting=0)
2026-03-22 12:16:06.005 [HikariPool-1 housekeeper] DEBUG [N/A] [N/A] com.zaxxer.hikari.pool.HikariPool - HikariPool-1 - After cleanup  stats (total=0, active=0, idle=0, waiting=0)
2026-03-22 12:16:06.007 [HikariPool-1 housekeeper] DEBUG [N/A] [N/A] com.zaxxer.hikari.pool.HikariPool - HikariPool-1 - Fill pool skipped, pool has sufficient level or currently being filled.
2026-03-22 12:16:35.996 [HikariPool-1 housekeeper] DEBUG [N/A] [N/A] com.zaxxer.hikari.pool.HikariPool - HikariPool-1 - Before cleanup stats (total=0, active=0, idle=0, waiting=0)
2026-03-22 12:16:35.996 [HikariPool-1 housekeeper] DEBUG [N/A] [N/A] com.zaxxer.hikari.pool.HikariPool - HikariPool-1 - After cleanup  stats (total=0, active=0, idle=0, waiting=0)
2026-03-22 12:16:35.996 [HikariPool-1 housekeeper] DEBUG [N/A] [N/A] com.zaxxer.hikari.pool.HikariPool - HikariPool-1 - Fill pool skipped, pool has sufficient level or currently being filled.
2026-03-22 12:17:05.993 [HikariPool-1 housekeeper] DEBUG [N/A] [N/A] com.zaxxer.hikari.pool.HikariPool - HikariPool-1 - Before cleanup stats (total=0, active=0, idle=0, waiting=0)
2026-03-22 12:17:05.993 [HikariPool-1 housekeeper] DEBUG [N/A] [N/A] com.zaxxer.hikari.pool.HikariPool - HikariPool-1 - After cleanup  stats (total=0, active=0, idle=0, waiting=0)
2026-03-22 12:17:05.993 [HikariPool-1 housekeeper] DEBUG [N/A] [N/A] com.zaxxer.hikari.pool.HikariPool - HikariPool-1 - Fill pool skipped, pool has sufficient level or currently being filled.
2026-03-22 12:17:35.995 [HikariPool-1 housekeeper] DEBUG [N/A] [N/A] com.zaxxer.hikari.pool.HikariPool - HikariPool-1 - Before cleanup stats (total=0, active=0, idle=0, waiting=0)
2026-03-22 12:17:35.998 [HikariPool-1 housekeeper] DEBUG [N/A] [N/A] com.zaxxer.hikari.pool.HikariPool - HikariPool-1 - After cleanup  stats (total=0, active=0, idle=0, waiting=0)
2026-03-22 12:17:35.998 [HikariPool-1 housekeeper] DEBUG [N/A] [N/A] com.zaxxer.hikari.pool.HikariPool - HikariPool-1 - Fill pool skipped, pool has sufficient level or currently being filled.
2026-03-22 12:18:06.003 [HikariPool-1 housekeeper] DEBUG [N/A] [N/A] com.zaxxer.hikari.pool.HikariPool - HikariPool-1 - Before cleanup stats (total=0, active=0, idle=0, waiting=0)
2026-03-22 12:18:06.005 [HikariPool-1 housekeeper] DEBUG [N/A] [N/A] com.zaxxer.hikari.pool.HikariPool - HikariPool-1 - After cleanup  stats (total=0, active=0, idle=0, waiting=0)
2026-03-22 12:18:06.005 [HikariPool-1 housekeeper] DEBUG [N/A] [N/A] com.zaxxer.hikari.pool.HikariPool - HikariPool-1 - Fill pool skipped, pool has sufficient level or currently being filled.
2026-03-22 12:18:36.009 [HikariPool-1 housekeeper] DEBUG [N/A] [N/A] com.zaxxer.hikari.pool.HikariPool - HikariPool-1 - Before cleanup stats (total=0, active=0, idle=0, waiting=0)
2026-03-22 12:18:36.009 [HikariPool-1 housekeeper] DEBUG [N/A] [N/A] com.zaxxer.hikari.pool.HikariPool - HikariPool-1 - After cleanup  stats (total=0, active=0, idle=0, waiting=0)
2026-03-22 12:18:36.009 [HikariPool-1 housekeeper] DEBUG [N/A] [N/A] com.zaxxer.hikari.pool.HikariPool - HikariPool-1 - Fill pool skipped, pool has sufficient level or currently being filled.
2026-03-22 12:19:06.012 [HikariPool-1 housekeeper] DEBUG [N/A] [N/A] com.zaxxer.hikari.pool.HikariPool - HikariPool-1 - Before cleanup stats (total=0, active=0, idle=0, waiting=0)
2026-03-22 12:19:06.015 [HikariPool-1 housekeeper] DEBUG [N/A] [N/A] com.zaxxer.hikari.pool.HikariPool - HikariPool-1 - After cleanup  stats (total=0, active=0, idle=0, waiting=0)
2026-03-22 12:19:06.015 [HikariPool-1 housekeeper] DEBUG [N/A] [N/A] com.zaxxer.hikari.pool.HikariPool - HikariPool-1 - Fill pool skipped, pool has sufficient level or currently being filled.
2026-03-22 12:19:36.016 [HikariPool-1 housekeeper] DEBUG [N/A] [N/A] com.zaxxer.hikari.pool.HikariPool - HikariPool-1 - Before cleanup stats (total=0, active=0, idle=0, waiting=0)
2026-03-22 12:19:36.018 [HikariPool-1 housekeeper] DEBUG [N/A] [N/A] com.zaxxer.hikari.pool.HikariPool - HikariPool-1 - After cleanup  stats (total=0, active=0, idle=0, waiting=0)
2026-03-22 12:19:36.018 [HikariPool-1 housekeeper] DEBUG [N/A] [N/A] com.zaxxer.hikari.pool.HikariPool - HikariPool-1 - Fill pool skipped, pool has sufficient level or currently being filled.
2026-03-22 12:20:06.021 [HikariPool-1 housekeeper] DEBUG [N/A] [N/A] com.zaxxer.hikari.pool.HikariPool - HikariPool-1 - Before cleanup stats (total=0, active=0, idle=0, waiting=0)
2026-03-22 12:20:06.022 [HikariPool-1 housekeeper] DEBUG [N/A] [N/A] com.zaxxer.hikari.pool.HikariPool - HikariPool-1 - After cleanup  stats (total=0, active=0, idle=0, waiting=0)
2026-03-22 12:20:06.022 [HikariPool-1 housekeeper] DEBUG [N/A] [N/A] com.zaxxer.hikari.pool.HikariPool - HikariPool-1 - Fill pool skipped, pool has sufficient level or currently being filled.
2026-03-22 12:20:36.023 [HikariPool-1 housekeeper] DEBUG [N/A] [N/A] com.zaxxer.hikari.pool.HikariPool - HikariPool-1 - Before cleanup stats (total=0, active=0, idle=0, waiting=0)
2026-03-22 12:20:36.025 [HikariPool-1 housekeeper] DEBUG [N/A] [N/A] com.zaxxer.hikari.pool.HikariPool - HikariPool-1 - After cleanup  stats (total=0, active=0, idle=0, waiting=0)
2026-03-22 12:20:36.025 [HikariPool-1 housekeeper] DEBUG [N/A] [N/A] com.zaxxer.hikari.pool.HikariPool - HikariPool-1 - Fill pool skipped, pool has sufficient level or currently being filled.
2026-03-22 12:21:40.220 [HikariPool-1 housekeeper] WARN  [N/A] [N/A] com.zaxxer.hikari.pool.HikariPool - HikariPool-1 - Thread starvation or clock leap detected (housekeeper delta=1m3s962ms).
2026-03-22 12:21:40.232 [HikariPool-1 housekeeper] DEBUG [N/A] [N/A] com.zaxxer.hikari.pool.HikariPool - HikariPool-1 - Before cleanup stats (total=0, active=0, idle=0, waiting=0)
2026-03-22 12:21:40.233 [HikariPool-1 housekeeper] DEBUG [N/A] [N/A] com.zaxxer.hikari.pool.HikariPool - HikariPool-1 - After cleanup  stats (total=0, active=0, idle=0, waiting=0)
2026-03-22 12:21:40.251 [HikariPool-1 housekeeper] DEBUG [N/A] [N/A] com.zaxxer.hikari.pool.HikariPool - HikariPool-1 - Fill pool skipped, pool has sufficient level or currently being filled.
2026-03-22 12:22:10.284 [HikariPool-1 housekeeper] DEBUG [N/A] [N/A] com.zaxxer.hikari.pool.HikariPool - HikariPool-1 - Before cleanup stats (total=0, active=0, idle=0, waiting=0)
2026-03-22 12:22:10.285 [HikariPool-1 housekeeper] DEBUG [N/A] [N/A] com.zaxxer.hikari.pool.HikariPool - HikariPool-1 - After cleanup  stats (total=0, active=0, idle=0, waiting=0)
2026-03-22 12:22:10.285 [HikariPool-1 housekeeper] DEBUG [N/A] [N/A] com.zaxxer.hikari.pool.HikariPool - HikariPool-1 - Fill pool skipped, pool has sufficient level or currently being filled.
2026-03-22 12:22:40.298 [HikariPool-1 housekeeper] DEBUG [N/A] [N/A] com.zaxxer.hikari.pool.HikariPool - HikariPool-1 - Before cleanup stats (total=0, active=0, idle=0, waiting=0)
2026-03-22 12:22:40.298 [HikariPool-1 housekeeper] DEBUG [N/A] [N/A] com.zaxxer.hikari.pool.HikariPool - HikariPool-1 - After cleanup  stats (total=0, active=0, idle=0, waiting=0)
2026-03-22 12:22:40.298 [HikariPool-1 housekeeper] DEBUG [N/A] [N/A] com.zaxxer.hikari.pool.HikariPool - HikariPool-1 - Fill pool skipped, pool has sufficient level or currently being filled.
2026-03-22 12:23:10.304 [HikariPool-1 housekeeper] DEBUG [N/A] [N/A] com.zaxxer.hikari.pool.HikariPool - HikariPool-1 - Before cleanup stats (total=0, active=0, idle=0, waiting=0)
2026-03-22 12:23:10.306 [HikariPool-1 housekeeper] DEBUG [N/A] [N/A] com.zaxxer.hikari.pool.HikariPool - HikariPool-1 - After cleanup  stats (total=0, active=0, idle=0, waiting=0)
2026-03-22 12:23:10.306 [HikariPool-1 housekeeper] DEBUG [N/A] [N/A] com.zaxxer.hikari.pool.HikariPool - HikariPool-1 - Fill pool skipped, pool has sufficient level or currently being filled.
2026-03-22 12:24:04.658 [HikariPool-1 housekeeper] WARN  [N/A] [N/A] com.zaxxer.hikari.pool.HikariPool - HikariPool-1 - Thread starvation or clock leap detected (housekeeper delta=53s523ms).
2026-03-22 12:24:04.805 [HikariPool-1 housekeeper] DEBUG [N/A] [N/A] com.zaxxer.hikari.pool.HikariPool - HikariPool-1 - Before cleanup stats (total=0, active=0, idle=0, waiting=0)
2026-03-22 12:24:04.812 [HikariPool-1 housekeeper] DEBUG [N/A] [N/A] com.zaxxer.hikari.pool.HikariPool - HikariPool-1 - After cleanup  stats (total=0, active=0, idle=0, waiting=0)
2026-03-22 12:24:04.821 [HikariPool-1 housekeeper] DEBUG [N/A] [N/A] com.zaxxer.hikari.pool.HikariPool - HikariPool-1 - Fill pool skipped, pool has sufficient level or currently being filled.
2026-03-22 12:24:34.825 [HikariPool-1 housekeeper] DEBUG [N/A] [N/A] com.zaxxer.hikari.pool.HikariPool - HikariPool-1 - Before cleanup stats (total=0, active=0, idle=0, waiting=0)
2026-03-22 12:24:34.828 [HikariPool-1 housekeeper] DEBUG [N/A] [N/A] com.zaxxer.hikari.pool.HikariPool - HikariPool-1 - After cleanup  stats (total=0, active=0, idle=0, waiting=0)
2026-03-22 12:24:34.828 [HikariPool-1 housekeeper] DEBUG [N/A] [N/A] com.zaxxer.hikari.pool.HikariPool - HikariPool-1 - Fill pool skipped, pool has sufficient level or currently being filled.
