[INFO] Scanning for projects...
[INFO] 
[INFO] -------------------< in.mapmytour.blog:blog-service >-------------------
[INFO] Building blog-service 0.0.1-SNAPSHOT
[INFO]   from pom.xml
[INFO] --------------------------------[ jar ]---------------------------------
[INFO] 
[INFO] >>> spring-boot:3.3.13:run (default-cli) > test-compile @ blog-service >>>
[INFO] 
[INFO] --- resources:3.3.1:resources (default-resources) @ blog-service ---
[INFO] Copying 2 resources from src/main/resources to target/classes
[INFO] Copying 12 resources from src/main/resources to target/classes
[INFO] 
[INFO] --- compiler:3.13.0:compile (default-compile) @ blog-service ---
[INFO] Nothing to compile - all classes are up to date.
[INFO] 
[INFO] --- resources:3.3.1:testResources (default-testResources) @ blog-service ---
[INFO] Copying 0 resource from src/test/resources to target/test-classes
[INFO] 
[INFO] --- compiler:3.13.0:testCompile (default-testCompile) @ blog-service ---
[INFO] Nothing to compile - all classes are up to date.
[INFO] 
[INFO] <<< spring-boot:3.3.13:run (default-cli) < test-compile @ blog-service <<<
[INFO] 
[INFO] 
[INFO] --- spring-boot:3.3.13:run (default-cli) @ blog-service ---
[INFO] Attaching agents: []
14:28:40.956 [main] INFO in.mapmytour.blog.BlogServiceApplication -- 🔍 Attempting to load .env file for security standardization...
14:28:40.982 [main] INFO in.mapmytour.blog.BlogServiceApplication -- ✅ .env file loaded successfully. Keys found: [JWT_SECRET_KEY, APP_MAIL_PROVIDER, ZOHO_MAIL_USERNAME, GATEWAY_JWT_SECRET, REDIS_PORT, VSCODE_GIT_ASKPASS_EXTRA_ARGS, OLDPWD, SPRING_PROFILES_ACTIVE, MAVEN_PROJECTBASEDIR, AWS_ACCESS_KEY, TERM, __CF_USER_TEXT_ENCODING, VSCODE_GIT_ASKPASS_MAIN, CONDA_PYTHON_EXE, DB_PORT, VSCODE_PROFILE_INITIALIZED, LOGNAME, ZOHO_MAIL_PASSWORD, VSCODE_GIT_IPC_HANDLE, BUNDLED_DEBUGPY_PATH, CONDA_SHLVL, _CE_CONDA, ANTIGRAVITY_CLI_ALIAS, PWD, CONDA_PREFIX, AWS_S3_BUCKET, HOME, PYTHON_BASIC_REPL, VSCODE_DEBUGPY_ADAPTER_ENDPOINTS, PATH, SERVER_ADDRESS, TERM_PROGRAM_VERSION, SPRING_MAIL_PROPERTIES_MAIL_SMTP_AUTH, SPRING_MAIL_PORT, PYDEVD_DISABLE_FILE_VALIDATION, SSH_AUTH_SOCK, JWT_ISSUER, XPC_SERVICE_NAME, COLORTERM, COMMAND_MODE, XPC_FLAGS, TERM_PROGRAM, USER_ZDOTDIR, AUTH_SERVICE_URL, SHELL, ZOHO_MAIL_PROPERTIES_MAIL_SMTP_SSL_ENABLE, ANTIGRAVITY_AGENT, SHLVL, REDIS_HOST, JWT_SECRET, SPRING_MAIL_PROPERTIES_MAIL_SMTP_SSL_ENABLE, VSCODE_PYTHON_AUTOACTIVATE_GUARD, KAFKA_BOOTSTRAP_SERVERS, AWS_REGION, OSLogRateLimit, SPRING_MAIL_PASSWORD, DB_NAME, CONDA_DEFAULT_ENV, VSCODE_INJECTION, DB_USERNAME, CONDA_PROMPT_MODIFIER, GIT_ASKPASS, PYTHONSTARTUP, VSCODE_GIT_ASKPASS_NODE, SPRING_MAIL_HOST, ZDOTDIR, VSCODE_JAVA_EXEC, MAVEN_CMD_LINE_ARGS, GSETTINGS_SCHEMA_DIR, ZOHO_MAIL_PORT, LANG, USER, AWS_SECRET_KEY, SPRING_MAIL_DEBUG, DATABASE_URL, PAGER, GSETTINGS_SCHEMA_DIR_CONDA_BACKUP, CONDA_EXE, DB_HOST, ZOHO_MAIL_PROPERTIES_MAIL_SMTP_AUTH, LaunchInstanceID, MallocNanoZone, SECURITYSESSIONID, REDIS_PASSWORD, TMPDIR, __CFBundleIdentifier, SERVER_PORT, VSCODE_JDWP_ADAPTER_ENDPOINTS, ZOHO_MAIL_HOST, SPRING_MAIL_USERNAME, AWS_S3_ENABLED, JWT_EXPIRATION, DB_PASSWORD, ZOHO_MAIL_PROPERTIES_MAIL_SMTP_SSL_TRUST, SPRING_MAIL_PROPERTIES_MAIL_SMTP_SSL_TRUST, _CE_M]
Standard Commons Logging discovery in action with spring-jcl: please remove commons-logging.jar from classpath in order to avoid potential conflicts
14:28:40,912 |-INFO in ch.qos.logback.classic.LoggerContext[default] - This is logback-classic version 1.5.18
14:28:40,914 |-INFO in ch.qos.logback.classic.util.ContextInitializer@7d42c224 - Here is a list of configurators discovered as a service, by rank: 
14:28:40,914 |-INFO in ch.qos.logback.classic.util.ContextInitializer@7d42c224 -   org.springframework.boot.logging.logback.RootLogLevelConfigurator
14:28:40,914 |-INFO in ch.qos.logback.classic.util.ContextInitializer@7d42c224 - They will be invoked in order until ExecutionStatus.DO_NOT_INVOKE_NEXT_IF_ANY is returned.
14:28:40,914 |-INFO in ch.qos.logback.classic.util.ContextInitializer@7d42c224 - Constructed configurator of type class org.springframework.boot.logging.logback.RootLogLevelConfigurator
14:28:40,927 |-INFO in ch.qos.logback.classic.util.ContextInitializer@7d42c224 - org.springframework.boot.logging.logback.RootLogLevelConfigurator.configure() call lasted 1 milliseconds. ExecutionStatus=INVOKE_NEXT_IF_ANY
14:28:40,927 |-INFO in ch.qos.logback.classic.util.ContextInitializer@7d42c224 - Trying to configure with ch.qos.logback.classic.joran.SerializedModelConfigurator
14:28:40,928 |-INFO in ch.qos.logback.classic.util.ContextInitializer@7d42c224 - Constructed configurator of type class ch.qos.logback.classic.joran.SerializedModelConfigurator
14:28:40,931 |-INFO in ch.qos.logback.classic.LoggerContext[default] - Could NOT find resource [logback-test.scmo]
14:28:40,932 |-INFO in ch.qos.logback.classic.LoggerContext[default] - Could NOT find resource [logback.scmo]
14:28:40,932 |-INFO in ch.qos.logback.classic.util.ContextInitializer@7d42c224 - ch.qos.logback.classic.joran.SerializedModelConfigurator.configure() call lasted 4 milliseconds. ExecutionStatus=INVOKE_NEXT_IF_ANY
14:28:40,932 |-INFO in ch.qos.logback.classic.util.ContextInitializer@7d42c224 - Trying to configure with ch.qos.logback.classic.util.DefaultJoranConfigurator
14:28:40,932 |-INFO in ch.qos.logback.classic.util.ContextInitializer@7d42c224 - Constructed configurator of type class ch.qos.logback.classic.util.DefaultJoranConfigurator
14:28:40,932 |-INFO in ch.qos.logback.classic.LoggerContext[default] - Could NOT find resource [logback-test.xml]
14:28:40,933 |-INFO in ch.qos.logback.classic.LoggerContext[default] - Could NOT find resource [logback.xml]
14:28:40,933 |-INFO in ch.qos.logback.classic.util.ContextInitializer@7d42c224 - ch.qos.logback.classic.util.DefaultJoranConfigurator.configure() call lasted 1 milliseconds. ExecutionStatus=INVOKE_NEXT_IF_ANY
14:28:40,933 |-INFO in ch.qos.logback.classic.util.ContextInitializer@7d42c224 - Trying to configure with ch.qos.logback.classic.BasicConfigurator
14:28:40,934 |-INFO in ch.qos.logback.classic.util.ContextInitializer@7d42c224 - Constructed configurator of type class ch.qos.logback.classic.BasicConfigurator
14:28:40,934 |-INFO in ch.qos.logback.classic.BasicConfigurator@56aaaecd - Setting up default configuration.
14:28:40,953 |-INFO in ch.qos.logback.core.ConsoleAppender[console] - BEWARE: Writing to the console can be very slow. Avoid logging to the 
14:28:40,953 |-INFO in ch.qos.logback.core.ConsoleAppender[console] - console in production environments, especially in high volume systems.
14:28:40,953 |-INFO in ch.qos.logback.core.ConsoleAppender[console] - See also https://logback.qos.ch/codes.html#slowConsole
14:28:40,953 |-INFO in ch.qos.logback.classic.util.ContextInitializer@7d42c224 - ch.qos.logback.classic.BasicConfigurator.configure() call lasted 19 milliseconds. ExecutionStatus=NEUTRAL
14:28:41,389 |-INFO in ch.qos.logback.core.joran.util.ConfigurationWatchListUtil@522a32b1 - Adding [jar:file:/Users/mac/.m2/repository/org/springframework/boot/spring-boot/3.3.13/spring-boot-3.3.13.jar!/org/springframework/boot/logging/logback/defaults.xml] to configuration watch list.
14:28:41,389 |-INFO in ConfigurationWatchList(mainURL=file:/Users/mac/Desktop/mapmytour/blog-service/target/classes/logback-spring.xml, fileWatchList={/Users/mac/Desktop/mapmytour/blog-service/target/classes/logback-spring.xml}, urlWatchList=[}) - Cannot watch [jar:file:/Users/mac/.m2/repository/org/springframework/boot/spring-boot/3.3.13/spring-boot-3.3.13.jar!/org/springframework/boot/logging/logback/defaults.xml] as its protocol is not one of file, http or https.
14:28:41,392 |-INFO in ch.qos.logback.core.model.processor.ConversionRuleModelHandler - registering conversion word applicationName with class [org.springframework.boot.logging.logback.ApplicationNameConverter]
14:28:41,392 |-INFO in ch.qos.logback.core.model.processor.ConversionRuleModelHandler - registering conversion word clr with class [org.springframework.boot.logging.logback.ColorConverter]
14:28:41,392 |-INFO in ch.qos.logback.core.model.processor.ConversionRuleModelHandler - registering conversion word correlationId with class [org.springframework.boot.logging.logback.CorrelationIdConverter]
14:28:41,392 |-INFO in ch.qos.logback.core.model.processor.ConversionRuleModelHandler - registering conversion word wex with class [org.springframework.boot.logging.logback.WhitespaceThrowableProxyConverter]
14:28:41,392 |-INFO in ch.qos.logback.core.model.processor.ConversionRuleModelHandler - registering conversion word wEx with class [org.springframework.boot.logging.logback.ExtendedWhitespaceThrowableProxyConverter]
14:28:41,392 |-INFO in ch.qos.logback.core.model.processor.ModelInterpretationContext@5ddea849 - value "%clr(%d{yyyy-MM-dd'T'HH:mm:ss.SSSXXX}){faint} %clr(%5p) %clr(86432){magenta} %clr(---){faint} %clr(%applicationName[%15.15t]){faint} %clr(){faint}%clr(%-40.40logger{39}){cyan} %clr(:){faint} %m%n%wEx" substituted for "${CONSOLE_LOG_PATTERN:-%clr(%d{${LOG_DATEFORMAT_PATTERN:-yyyy-MM-dd'T'HH:mm:ss.SSSXXX}}){faint} %clr(${LOG_LEVEL_PATTERN:-%5p}) %clr(${PID:- }){magenta} %clr(---){faint} %clr(%applicationName[%15.15t]){faint} %clr(${LOG_CORRELATION_PATTERN:-}){faint}%clr(%-40.40logger{39}){cyan} %clr(:){faint} %m%n${LOG_EXCEPTION_CONVERSION_WORD:-%wEx}}"
14:28:41,393 |-INFO in ch.qos.logback.core.model.processor.ModelInterpretationContext@5ddea849 - value "UTF-8" substituted for "${CONSOLE_LOG_CHARSET:-${file.encoding:-UTF-8}}"
14:28:41,393 |-INFO in ch.qos.logback.core.model.processor.ModelInterpretationContext@5ddea849 - value "TRACE" substituted for "${CONSOLE_LOG_THRESHOLD:-TRACE}"
14:28:41,393 |-INFO in ch.qos.logback.core.model.processor.ModelInterpretationContext@5ddea849 - value "%d{yyyy-MM-dd'T'HH:mm:ss.SSSXXX} %5p 86432 --- %applicationName[%t] %-40.40logger{39} : %m%n%wEx" substituted for "${FILE_LOG_PATTERN:-%d{${LOG_DATEFORMAT_PATTERN:-yyyy-MM-dd'T'HH:mm:ss.SSSXXX}} ${LOG_LEVEL_PATTERN:-%5p} ${PID:- } --- %applicationName[%t] ${LOG_CORRELATION_PATTERN:-}%-40.40logger{39} : %m%n${LOG_EXCEPTION_CONVERSION_WORD:-%wEx}}"
14:28:41,393 |-INFO in ch.qos.logback.core.model.processor.ModelInterpretationContext@5ddea849 - value "UTF-8" substituted for "${FILE_LOG_CHARSET:-${file.encoding:-UTF-8}}"
14:28:41,393 |-INFO in ch.qos.logback.core.model.processor.ModelInterpretationContext@5ddea849 - value "TRACE" substituted for "${FILE_LOG_THRESHOLD:-TRACE}"
14:28:41,393 |-INFO in ch.qos.logback.classic.model.processor.LoggerModelHandler - Setting level of logger [org.apache.catalina.startup.DigesterFactory] to ERROR
14:28:41,394 |-INFO in ch.qos.logback.classic.jul.LevelChangePropagator@5ee2b6f9 - Propagating ERROR level on Logger[org.apache.catalina.startup.DigesterFactory] onto the JUL framework
14:28:41,394 |-INFO in ch.qos.logback.classic.model.processor.LoggerModelHandler - Setting level of logger [org.apache.catalina.util.LifecycleBase] to ERROR
14:28:41,394 |-INFO in ch.qos.logback.classic.jul.LevelChangePropagator@5ee2b6f9 - Propagating ERROR level on Logger[org.apache.catalina.util.LifecycleBase] onto the JUL framework
14:28:41,394 |-INFO in ch.qos.logback.classic.model.processor.LoggerModelHandler - Setting level of logger [org.apache.coyote.http11.Http11NioProtocol] to WARN
14:28:41,394 |-INFO in ch.qos.logback.classic.jul.LevelChangePropagator@5ee2b6f9 - Propagating WARN level on Logger[org.apache.coyote.http11.Http11NioProtocol] onto the JUL framework
14:28:41,394 |-INFO in ch.qos.logback.classic.model.processor.LoggerModelHandler - Setting level of logger [org.apache.sshd.common.util.SecurityUtils] to WARN
14:28:41,394 |-INFO in ch.qos.logback.classic.jul.LevelChangePropagator@5ee2b6f9 - Propagating WARN level on Logger[org.apache.sshd.common.util.SecurityUtils] onto the JUL framework
14:28:41,394 |-INFO in ch.qos.logback.classic.model.processor.LoggerModelHandler - Setting level of logger [org.apache.tomcat.util.net.NioSelectorPool] to WARN
14:28:41,394 |-INFO in ch.qos.logback.classic.jul.LevelChangePropagator@5ee2b6f9 - Propagating WARN level on Logger[org.apache.tomcat.util.net.NioSelectorPool] onto the JUL framework
14:28:41,394 |-INFO in ch.qos.logback.classic.model.processor.LoggerModelHandler - Setting level of logger [org.eclipse.jetty.util.component.AbstractLifeCycle] to ERROR
14:28:41,394 |-INFO in ch.qos.logback.classic.jul.LevelChangePropagator@5ee2b6f9 - Propagating ERROR level on Logger[org.eclipse.jetty.util.component.AbstractLifeCycle] onto the JUL framework
14:28:41,394 |-INFO in ch.qos.logback.classic.model.processor.LoggerModelHandler - Setting level of logger [org.hibernate.validator.internal.util.Version] to WARN
14:28:41,394 |-INFO in ch.qos.logback.classic.jul.LevelChangePropagator@5ee2b6f9 - Propagating WARN level on Logger[org.hibernate.validator.internal.util.Version] onto the JUL framework
14:28:41,394 |-INFO in ch.qos.logback.classic.model.processor.LoggerModelHandler - Setting level of logger [org.springframework.boot.actuate.endpoint.jmx] to WARN
14:28:41,394 |-INFO in ch.qos.logback.classic.jul.LevelChangePropagator@5ee2b6f9 - Propagating WARN level on Logger[org.springframework.boot.actuate.endpoint.jmx] onto the JUL framework
14:28:41,394 |-INFO in ch.qos.logback.core.model.processor.AppenderModelHandler - Processing appender named [CONSOLE]
14:28:41,394 |-INFO in ch.qos.logback.core.model.processor.AppenderModelHandler - About to instantiate appender of type [ch.qos.logback.core.ConsoleAppender]
14:28:41,397 |-INFO in ch.qos.logback.core.model.processor.ImplicitModelHandler - Assuming default type [ch.qos.logback.classic.encoder.PatternLayoutEncoder] for [encoder] property
14:28:41,414 |-INFO in ch.qos.logback.core.ConsoleAppender[CONSOLE] - BEWARE: Writing to the console can be very slow. Avoid logging to the 
14:28:41,414 |-INFO in ch.qos.logback.core.ConsoleAppender[CONSOLE] - console in production environments, especially in high volume systems.
14:28:41,414 |-INFO in ch.qos.logback.core.ConsoleAppender[CONSOLE] - See also https://logback.qos.ch/codes.html#slowConsole
14:28:41,414 |-INFO in ch.qos.logback.core.model.processor.AppenderModelHandler - Processing appender named [FILE]
14:28:41,414 |-INFO in ch.qos.logback.core.model.processor.AppenderModelHandler - About to instantiate appender of type [ch.qos.logback.core.rolling.RollingFileAppender]
14:28:41,427 |-INFO in c.q.l.core.rolling.TimeBasedRollingPolicy@600958416 - setting totalSizeCap to 5 GB
14:28:41,427 |-INFO in c.q.l.core.rolling.TimeBasedRollingPolicy@600958416 - No compression will be used
14:28:41,429 |-INFO in c.q.l.core.rolling.TimeBasedRollingPolicy@600958416 - Will use the pattern logs/application-%d{yyyy-MM-dd}.%i.log for the active file
14:28:41,429 |-WARN in ch.qos.logback.core.rolling.SizeAndTimeBasedFNATP@704f1591 - SizeAndTimeBasedFNATP class was renamed as SizeAndTimeBasedFileNamingAndTriggeringPolicy.
14:28:41,447 |-INFO in ch.qos.logback.core.rolling.SizeAndTimeBasedFNATP@704f1591 - The date pattern is 'yyyy-MM-dd' from file name pattern 'logs/application-%d{yyyy-MM-dd}.%i.log'.
14:28:41,447 |-INFO in ch.qos.logback.core.rolling.SizeAndTimeBasedFNATP@704f1591 - Roll-over at midnight.
14:28:41,454 |-INFO in ch.qos.logback.core.rolling.SizeAndTimeBasedFNATP@704f1591 - Setting initial period to 2026-03-23T08:58:17.773Z
14:28:41,454 |-WARN in ch.qos.logback.core.rolling.SizeAndTimeBasedFNATP@704f1591 - Direct use of either SizeAndTimeBasedFNATP or SizeAndTimeBasedFileNamingAndTriggeringPolicy 
14:28:41,454 |-WARN in ch.qos.logback.core.rolling.SizeAndTimeBasedFNATP@704f1591 - is deprecated. Please use SizeAndTimeBasedRollingPolicy instead.
14:28:41,454 |-WARN in ch.qos.logback.core.rolling.SizeAndTimeBasedFNATP@704f1591 - For more information see https://logback.qos.ch/manual/appenders.html#SizeAndTimeBasedRollingPolicy
14:28:41,455 |-INFO in ch.qos.logback.core.model.processor.ImplicitModelHandler - Assuming default type [ch.qos.logback.classic.encoder.PatternLayoutEncoder] for [encoder] property
14:28:41,458 |-INFO in ch.qos.logback.core.rolling.RollingFileAppender[FILE] - Active log file name: logs/application.log
14:28:41,460 |-INFO in ch.qos.logback.core.rolling.RollingFileAppender[FILE] - Setting currentFileLength to 632623 for logs/application.log
14:28:41,460 |-INFO in ch.qos.logback.core.rolling.RollingFileAppender[FILE] - File property is set to [logs/application.log]
14:28:41,461 |-INFO in ch.qos.logback.classic.model.processor.RootLoggerModelHandler - Setting level of ROOT logger to INFO
14:28:41,461 |-INFO in ch.qos.logback.classic.jul.LevelChangePropagator@5ee2b6f9 - Propagating INFO level on Logger[ROOT] onto the JUL framework
14:28:41,461 |-INFO in ch.qos.logback.core.model.processor.AppenderRefModelHandler - Attaching appender named [CONSOLE] to Logger[ROOT]
14:28:41,461 |-INFO in ch.qos.logback.core.model.processor.AppenderRefModelHandler - Attaching appender named [FILE] to Logger[ROOT]
14:28:41,461 |-INFO in ch.qos.logback.classic.model.processor.LoggerModelHandler - Setting level of logger [in.mapmytour] to INFO
14:28:41,461 |-INFO in ch.qos.logback.classic.jul.LevelChangePropagator@5ee2b6f9 - Propagating INFO level on Logger[in.mapmytour] onto the JUL framework
14:28:41,461 |-INFO in ch.qos.logback.classic.model.processor.LoggerModelHandler - Setting level of logger [org.springframework] to WARN
14:28:41,461 |-INFO in ch.qos.logback.classic.jul.LevelChangePropagator@5ee2b6f9 - Propagating WARN level on Logger[org.springframework] onto the JUL framework
14:28:41,461 |-INFO in ch.qos.logback.classic.model.processor.LoggerModelHandler - Setting level of logger [org.hibernate] to WARN
14:28:41,461 |-INFO in ch.qos.logback.classic.jul.LevelChangePropagator@5ee2b6f9 - Propagating WARN level on Logger[org.hibernate] onto the JUL framework
14:28:41,461 |-INFO in ch.qos.logback.classic.model.processor.LoggerModelHandler - Setting level of logger [org.apache.kafka] to ERROR
14:28:41,461 |-INFO in ch.qos.logback.classic.jul.LevelChangePropagator@5ee2b6f9 - Propagating ERROR level on Logger[org.apache.kafka] onto the JUL framework
14:28:41,461 |-INFO in ch.qos.logback.classic.model.processor.LoggerModelHandler - Setting level of logger [org.springframework.kafka] to ERROR
14:28:41,461 |-INFO in ch.qos.logback.classic.jul.LevelChangePropagator@5ee2b6f9 - Propagating ERROR level on Logger[org.springframework.kafka] onto the JUL framework
14:28:41,461 |-INFO in ch.qos.logback.core.model.processor.DefaultProcessor@58fb7731 - End of configuration.
14:28:41,461 |-INFO in org.springframework.boot.logging.logback.SpringBootJoranConfigurator@13e547a9 - Registering current configuration as safe fallback point

███╗   ███╗ █████╗ ██████╗ ███╗   ███╗██╗   ██╗████████╗ ██████╗ ██╗   ██╗██████╗
████╗ ████║██╔══██╗██╔══██╗████╗ ████║╚██╗ ██╔╝╚══██╔══╝██╔═══██╗██║   ██║██╔══██╗
██╔████╔██║███████║██████╔╝██╔████╔██║ ╚████╔╝    ██║   ██║   ██║██║   ██║██████╔╝
██║╚██╔╝██║██╔══██║██╔═══╝ ██║╚██╔╝██║  ╚██╔╝     ██║   ██║   ██║██║   ██║██╔══██╗
██║ ╚═╝ ██║██║  ██║██║     ██║ ╚═╝ ██║   ██║      ██║   ╚██████╔╝╚██████╔╝██║  ██║
╚═╝     ╚═╝╚═╝  ╚═╝╚═╝     ╚═╝     ╚═╝   ╚═╝      ╚═╝    ╚═════╝  ╚═════╝ ╚═╝  ╚═╝

[94m╔══════════════════════════════════════════════════════════════════════════════════╗
║                    📝  Blog Service - Content Management & Publishing  ✍️                     ║
║                                                                                  ║
║  [92m📝 Blog Posts    ✍️  Content Creation    📊 Content Analytics[94m  ║
║  [92m🔍 Search & Discovery    📂 Categories    💬 Comments & Engagement[94m  ║
║                                                                                  ║
║  [93mVersion: 1.0.0               Environment: local[94m                    ║
║  [96mPort: 8090                     Database: PostgreSQL + Redis[94m            ║
║                                                                                  ║
║  [95m🎯 Engaging blog content management and publishing platform! 🚀[94m          ║
╚══════════════════════════════════════════════════════════════════════════════════╝[39m

[92m🎯 Features Active: [93mBlog Posts • Content Management • Analytics • Comments[39m
[96m🔗 Health Check: [97mhttp://localhost:8090/actuator/health[39m
[95m📚 API Docs: [97mhttp://localhost:8090/swagger-ui.html[39m
2026-03-23 14:28:41.541 [main] INFO  [N/A] [N/A] i.m.blog.BlogServiceApplication - Starting BlogServiceApplication using Java 21.0.8 with PID 86432 (/Users/mac/Desktop/mapmytour/blog-service/target/classes started by mac in /Users/mac/Desktop/mapmytour/blog-service)
2026-03-23 14:28:41.542 [main] INFO  [N/A] [N/A] i.m.blog.BlogServiceApplication - No active profile set, falling back to 1 default profile: "default"
2026-03-23 14:28:42.647 [main] INFO  [N/A] [N/A] o.s.d.r.c.RepositoryConfigurationDelegate - Multiple Spring Data modules found, entering strict repository configuration mode
2026-03-23 14:28:42.650 [main] INFO  [N/A] [N/A] o.s.d.r.c.RepositoryConfigurationDelegate - Bootstrapping Spring Data JPA repositories in DEFAULT mode.
2026-03-23 14:28:42.862 [main] INFO  [N/A] [N/A] o.s.d.r.c.RepositoryConfigurationDelegate - Finished Spring Data repository scanning in 203 ms. Found 7 JPA repository interfaces.
2026-03-23 14:28:42.879 [main] INFO  [N/A] [N/A] o.s.d.r.c.RepositoryConfigurationDelegate - Multiple Spring Data modules found, entering strict repository configuration mode
2026-03-23 14:28:42.880 [main] INFO  [N/A] [N/A] o.s.d.r.c.RepositoryConfigurationDelegate - Bootstrapping Spring Data Redis repositories in DEFAULT mode.
2026-03-23 14:28:42.901 [main] INFO  [N/A] [N/A] o.s.d.r.c.RepositoryConfigurationExtensionSupport - Spring Data Redis - Could not safely identify store assignment for repository candidate interface in.mapmytour.blog.repository.BlogPostRepository; If you want this repository to be a Redis repository, consider annotating your entities with one of these annotations: org.springframework.data.redis.core.RedisHash (preferred), or consider extending one of the following types with your repository: org.springframework.data.keyvalue.repository.KeyValueRepository
2026-03-23 14:28:42.902 [main] INFO  [N/A] [N/A] o.s.d.r.c.RepositoryConfigurationExtensionSupport - Spring Data Redis - Could not safely identify store assignment for repository candidate interface in.mapmytour.blog.repository.BlogSettingsRepository; If you want this repository to be a Redis repository, consider annotating your entities with one of these annotations: org.springframework.data.redis.core.RedisHash (preferred), or consider extending one of the following types with your repository: org.springframework.data.keyvalue.repository.KeyValueRepository
2026-03-23 14:28:42.902 [main] INFO  [N/A] [N/A] o.s.d.r.c.RepositoryConfigurationExtensionSupport - Spring Data Redis - Could not safely identify store assignment for repository candidate interface in.mapmytour.blog.repository.CategoryRepository; If you want this repository to be a Redis repository, consider annotating your entities with one of these annotations: org.springframework.data.redis.core.RedisHash (preferred), or consider extending one of the following types with your repository: org.springframework.data.keyvalue.repository.KeyValueRepository
2026-03-23 14:28:42.902 [main] INFO  [N/A] [N/A] o.s.d.r.c.RepositoryConfigurationExtensionSupport - Spring Data Redis - Could not safely identify store assignment for repository candidate interface in.mapmytour.blog.repository.PostCommentRepository; If you want this repository to be a Redis repository, consider annotating your entities with one of these annotations: org.springframework.data.redis.core.RedisHash (preferred), or consider extending one of the following types with your repository: org.springframework.data.keyvalue.repository.KeyValueRepository
2026-03-23 14:28:42.903 [main] INFO  [N/A] [N/A] o.s.d.r.c.RepositoryConfigurationExtensionSupport - Spring Data Redis - Could not safely identify store assignment for repository candidate interface in.mapmytour.blog.repository.PostLikeRepository; If you want this repository to be a Redis repository, consider annotating your entities with one of these annotations: org.springframework.data.redis.core.RedisHash (preferred), or consider extending one of the following types with your repository: org.springframework.data.keyvalue.repository.KeyValueRepository
2026-03-23 14:28:42.904 [main] INFO  [N/A] [N/A] o.s.d.r.c.RepositoryConfigurationExtensionSupport - Spring Data Redis - Could not safely identify store assignment for repository candidate interface in.mapmytour.blog.repository.PostMediaRepository; If you want this repository to be a Redis repository, consider annotating your entities with one of these annotations: org.springframework.data.redis.core.RedisHash (preferred), or consider extending one of the following types with your repository: org.springframework.data.keyvalue.repository.KeyValueRepository
2026-03-23 14:28:42.904 [main] INFO  [N/A] [N/A] o.s.d.r.c.RepositoryConfigurationExtensionSupport - Spring Data Redis - Could not safely identify store assignment for repository candidate interface in.mapmytour.blog.repository.TagRepository; If you want this repository to be a Redis repository, consider annotating your entities with one of these annotations: org.springframework.data.redis.core.RedisHash (preferred), or consider extending one of the following types with your repository: org.springframework.data.keyvalue.repository.KeyValueRepository
2026-03-23 14:28:42.904 [main] INFO  [N/A] [N/A] o.s.d.r.c.RepositoryConfigurationDelegate - Finished Spring Data repository scanning in 13 ms. Found 0 Redis repository interfaces.
2026-03-23 14:28:43.576 [main] INFO  [N/A] [N/A] o.s.b.w.e.tomcat.TomcatWebServer - Tomcat initialized with port 8090 (http)
2026-03-23 14:28:43.597 [main] INFO  [N/A] [N/A] o.a.catalina.core.StandardService - Starting service [Tomcat]
2026-03-23 14:28:43.598 [main] INFO  [N/A] [N/A] o.a.catalina.core.StandardEngine - Starting Servlet engine: [Apache Tomcat/10.1.42]
2026-03-23 14:28:43.654 [main] INFO  [N/A] [N/A] o.a.c.c.C.[Tomcat].[localhost].[/] - Initializing Spring embedded WebApplicationContext
2026-03-23 14:28:43.654 [main] INFO  [N/A] [N/A] o.s.b.w.s.c.ServletWebServerApplicationContext - Root WebApplicationContext: initialization completed in 2077 ms
Standard Commons Logging discovery in action with spring-jcl: please remove commons-logging.jar from classpath in order to avoid potential conflicts
2026-03-23 14:28:43.799 [main] INFO  [N/A] [N/A] o.s.b.web.servlet.RegistrationBean - Filter jwtAuthenticationFilterRegistration was not registered (disabled)
2026-03-23 14:28:43.883 [main] DEBUG [N/A] [N/A] com.zaxxer.hikari.HikariConfig - Driver class org.postgresql.Driver found in Thread context class loader jdk.internal.loader.ClassLoaders$AppClassLoader@2c854dc5
2026-03-23 14:28:44.048 [main] DEBUG [N/A] [N/A] o.f.c.i.s.classpath.ClassPathScanner - Scanning for classpath resources at 'classpath:db/callback' ...
2026-03-23 14:28:44.048 [main] DEBUG [N/A] [N/A] o.f.c.i.s.classpath.ClassPathScanner - Determining location urls for classpath:db/callback using ClassLoader jdk.internal.loader.ClassLoaders$AppClassLoader@2c854dc5 ...
2026-03-23 14:28:44.048 [main] DEBUG [N/A] [N/A] o.f.c.i.s.classpath.ClassPathScanner - Unable to resolve location classpath:db/callback.
2026-03-23 14:28:44.048 [main] DEBUG [N/A] [N/A] o.f.c.i.s.classpath.ClassPathScanner - Scanning for classpath resources at 'classpath:db/migration' ...
2026-03-23 14:28:44.048 [main] DEBUG [N/A] [N/A] o.f.c.i.s.classpath.ClassPathScanner - Determining location urls for classpath:db/migration using ClassLoader jdk.internal.loader.ClassLoaders$AppClassLoader@2c854dc5 ...
2026-03-23 14:28:44.048 [main] DEBUG [N/A] [N/A] o.f.c.i.s.classpath.ClassPathScanner - Scanning URL: file:/Users/mac/Desktop/mapmytour/blog-service/target/classes/db/migration
2026-03-23 14:28:44.049 [main] DEBUG [N/A] [N/A] o.f.c.i.s.c.FileSystemClassPathLocationScanner - Scanning starting at classpath root in filesystem: /Users/mac/Desktop/mapmytour/blog-service/target/classes/
2026-03-23 14:28:44.050 [main] DEBUG [N/A] [N/A] o.f.c.i.s.c.FileSystemClassPathLocationScanner - Scanning for resources in path: /Users/mac/Desktop/mapmytour/blog-service/target/classes/db/migration (db/migration)
2026-03-23 14:28:44.052 [main] DEBUG [N/A] [N/A] o.f.c.i.s.classpath.ClassPathScanner - Found resource: db/migration/V1__blog_service_baseline.sql
2026-03-23 14:28:44.052 [main] DEBUG [N/A] [N/A] o.f.c.i.s.classpath.ClassPathScanner - Found resource: db/migration/V2__convert_to_jsonb.sql
2026-03-23 14:28:44.053 [main] DEBUG [N/A] [N/A] o.f.c.i.s.classpath.ClassPathScanner - Found resource: db/migration/V3__add_author_details_to_comments_and_likes.sql
2026-03-23 14:28:44.053 [main] DEBUG [N/A] [N/A] o.f.c.i.s.classpath.ClassPathScanner - Found resource: db/migration/V4__increase_column_lengths.sql
2026-03-23 14:28:44.053 [main] DEBUG [N/A] [N/A] o.f.c.i.s.classpath.ClassPathScanner - Found resource: db/migration/V5__increase_excerpt_column_length.sql
2026-03-23 14:28:44.053 [main] DEBUG [N/A] [N/A] o.f.c.i.s.classpath.ClassPathScanner - Scanning for classes at classpath:db/migration
2026-03-23 14:28:44.056 [main] DEBUG [N/A] [N/A] o.f.c.i.r.ResourceNameValidator - Validating V1__blog_service_baseline.sql
2026-03-23 14:28:44.061 [main] DEBUG [N/A] [N/A] com.zaxxer.hikari.HikariConfig - HikariPool-1 - configuration:
2026-03-23 14:28:44.066 [main] DEBUG [N/A] [N/A] com.zaxxer.hikari.HikariConfig - allowPoolSuspension.............false
2026-03-23 14:28:44.066 [main] DEBUG [N/A] [N/A] com.zaxxer.hikari.HikariConfig - autoCommit......................true
2026-03-23 14:28:44.066 [main] DEBUG [N/A] [N/A] com.zaxxer.hikari.HikariConfig - catalog.........................none
2026-03-23 14:28:44.067 [main] DEBUG [N/A] [N/A] com.zaxxer.hikari.HikariConfig - connectionInitSql...............none
2026-03-23 14:28:44.067 [main] DEBUG [N/A] [N/A] com.zaxxer.hikari.HikariConfig - connectionTestQuery............."SELECT 1"
2026-03-23 14:28:44.068 [main] DEBUG [N/A] [N/A] com.zaxxer.hikari.HikariConfig - connectionTimeout...............30000
2026-03-23 14:28:44.069 [main] DEBUG [N/A] [N/A] com.zaxxer.hikari.HikariConfig - dataSource......................none
2026-03-23 14:28:44.069 [main] DEBUG [N/A] [N/A] com.zaxxer.hikari.HikariConfig - dataSourceClassName.............none
2026-03-23 14:28:44.070 [main] DEBUG [N/A] [N/A] com.zaxxer.hikari.HikariConfig - dataSourceJNDI..................none
2026-03-23 14:28:44.070 [main] DEBUG [N/A] [N/A] com.zaxxer.hikari.HikariConfig - dataSourceProperties............{password=<masked>}
2026-03-23 14:28:44.070 [main] DEBUG [N/A] [N/A] com.zaxxer.hikari.HikariConfig - driverClassName................."org.postgresql.Driver"
2026-03-23 14:28:44.071 [main] DEBUG [N/A] [N/A] com.zaxxer.hikari.HikariConfig - exceptionOverrideClassName......none
2026-03-23 14:28:44.071 [main] DEBUG [N/A] [N/A] com.zaxxer.hikari.HikariConfig - healthCheckProperties...........{}
2026-03-23 14:28:44.071 [main] DEBUG [N/A] [N/A] com.zaxxer.hikari.HikariConfig - healthCheckRegistry.............none
2026-03-23 14:28:44.071 [main] DEBUG [N/A] [N/A] com.zaxxer.hikari.HikariConfig - idleTimeout.....................600000
2026-03-23 14:28:44.072 [main] DEBUG [N/A] [N/A] com.zaxxer.hikari.HikariConfig - initializationFailTimeout.......1
2026-03-23 14:28:44.072 [main] DEBUG [N/A] [N/A] com.zaxxer.hikari.HikariConfig - isolateInternalQueries..........false
2026-03-23 14:28:44.072 [main] DEBUG [N/A] [N/A] com.zaxxer.hikari.HikariConfig - jdbcUrl.........................jdbc:postgresql://150.241.245.162:6432/blog_service?prepareThreshold=0
2026-03-23 14:28:44.073 [main] DEBUG [N/A] [N/A] com.zaxxer.hikari.HikariConfig - keepaliveTime...................0
2026-03-23 14:28:44.073 [main] DEBUG [N/A] [N/A] com.zaxxer.hikari.HikariConfig - leakDetectionThreshold..........0
2026-03-23 14:28:44.073 [main] DEBUG [N/A] [N/A] com.zaxxer.hikari.HikariConfig - maxLifetime.....................1800000
2026-03-23 14:28:44.073 [main] DEBUG [N/A] [N/A] com.zaxxer.hikari.HikariConfig - maximumPoolSize.................20
2026-03-23 14:28:44.073 [main] DEBUG [N/A] [N/A] com.zaxxer.hikari.HikariConfig - metricRegistry..................none
2026-03-23 14:28:44.074 [main] DEBUG [N/A] [N/A] com.zaxxer.hikari.HikariConfig - metricsTrackerFactory...........none
2026-03-23 14:28:44.074 [main] DEBUG [N/A] [N/A] com.zaxxer.hikari.HikariConfig - minimumIdle.....................5
2026-03-23 14:28:44.074 [main] DEBUG [N/A] [N/A] com.zaxxer.hikari.HikariConfig - password........................<masked>
2026-03-23 14:28:44.075 [main] DEBUG [N/A] [N/A] com.zaxxer.hikari.HikariConfig - poolName........................"HikariPool-1"
2026-03-23 14:28:44.075 [main] DEBUG [N/A] [N/A] com.zaxxer.hikari.HikariConfig - readOnly........................false
2026-03-23 14:28:44.075 [main] DEBUG [N/A] [N/A] com.zaxxer.hikari.HikariConfig - registerMbeans..................false
2026-03-23 14:28:44.075 [main] DEBUG [N/A] [N/A] com.zaxxer.hikari.HikariConfig - scheduledExecutor...............none
2026-03-23 14:28:44.075 [main] DEBUG [N/A] [N/A] com.zaxxer.hikari.HikariConfig - schema..........................none
2026-03-23 14:28:44.076 [main] DEBUG [N/A] [N/A] com.zaxxer.hikari.HikariConfig - threadFactory...................internal
2026-03-23 14:28:44.076 [main] DEBUG [N/A] [N/A] com.zaxxer.hikari.HikariConfig - transactionIsolation............default
2026-03-23 14:28:44.076 [main] DEBUG [N/A] [N/A] com.zaxxer.hikari.HikariConfig - username........................"admin_prod"
2026-03-23 14:28:44.076 [main] DEBUG [N/A] [N/A] com.zaxxer.hikari.HikariConfig - validationTimeout...............3000
2026-03-23 14:28:44.076 [main] INFO  [N/A] [N/A] com.zaxxer.hikari.HikariDataSource - HikariPool-1 - Starting...
2026-03-23 14:28:44.558 [main] INFO  [N/A] [N/A] com.zaxxer.hikari.pool.HikariPool - HikariPool-1 - Added connection org.postgresql.jdbc.PgConnection@113d0f75
2026-03-23 14:28:44.560 [main] INFO  [N/A] [N/A] com.zaxxer.hikari.HikariDataSource - HikariPool-1 - Start completed.
2026-03-23 14:28:44.611 [main] DEBUG [N/A] [N/A] o.f.c.i.r.ResourceNameValidator - Validating V3__add_author_details_to_comments_and_likes.sql
2026-03-23 14:28:44.611 [main] DEBUG [N/A] [N/A] o.f.c.i.r.ResourceNameValidator - Validating V4__increase_column_lengths.sql
2026-03-23 14:28:44.611 [main] DEBUG [N/A] [N/A] o.f.c.i.r.ResourceNameValidator - Validating V2__convert_to_jsonb.sql
2026-03-23 14:28:44.611 [main] DEBUG [N/A] [N/A] o.f.c.i.r.ResourceNameValidator - Validating V5__increase_excerpt_column_length.sql
2026-03-23 14:28:44.645 [main] INFO  [N/A] [N/A] org.flywaydb.core.FlywayExecutor - Database: jdbc:postgresql://150.241.245.162:6432/blog_service (PostgreSQL 15.8)
2026-03-23 14:28:44.646 [main] DEBUG [N/A] [N/A] org.flywaydb.core.FlywayExecutor - Driver: PostgreSQL JDBC Driver 42.7.7
2026-03-23 14:28:44.646 [main] DEBUG [N/A] [N/A] org.flywaydb.core.FlywayExecutor - DDL Transactions Supported: true
2026-03-23 14:28:44.647 [main] DEBUG [N/A] [N/A] o.f.c.i.s.SchemaHistoryFactory - Schemas: 
2026-03-23 14:28:44.647 [main] DEBUG [N/A] [N/A] o.f.c.i.s.SchemaHistoryFactory - Default schema: null
2026-03-23 14:28:44.662 [HikariPool-1 housekeeper] DEBUG [N/A] [N/A] com.zaxxer.hikari.pool.HikariPool - HikariPool-1 - Before cleanup stats (total=1, active=1, idle=0, waiting=0)
2026-03-23 14:28:44.663 [HikariPool-1 housekeeper] DEBUG [N/A] [N/A] com.zaxxer.hikari.pool.HikariPool - HikariPool-1 - After cleanup  stats (total=1, active=1, idle=0, waiting=0)
2026-03-23 14:28:44.991 [HikariPool-1 connection adder] DEBUG [N/A] [N/A] com.zaxxer.hikari.pool.HikariPool - HikariPool-1 - Added connection org.postgresql.jdbc.PgConnection@2891743d
2026-03-23 14:28:45.022 [HikariPool-1 connection adder] DEBUG [N/A] [N/A] com.zaxxer.hikari.pool.HikariPool - HikariPool-1 - After adding stats (total=2, active=1, idle=1, waiting=0)
2026-03-23 14:28:45.042 [main] DEBUG [N/A] [N/A] o.f.c.i.c.SqlScriptCallbackFactory - Scanning for SQL callbacks ...
2026-03-23 14:28:45.075 [main] DEBUG [N/A] [N/A] o.f.core.internal.command.DbValidate - Validating migrations ...
2026-03-23 14:28:45.079 [main] DEBUG [N/A] [N/A] o.f.c.a.c.ClassicConfiguration - CherryPickConfigurationExtension not found
2026-03-23 14:28:45.090 [main] DEBUG [N/A] [N/A] o.f.core.internal.scanner.Scanner - Filtering out resource: db/migration/V1__blog_service_baseline.sql (filename: V1__blog_service_baseline.sql)
2026-03-23 14:28:45.091 [main] DEBUG [N/A] [N/A] o.f.core.internal.scanner.Scanner - Filtering out resource: db/migration/V3__add_author_details_to_comments_and_likes.sql (filename: V3__add_author_details_to_comments_and_likes.sql)
2026-03-23 14:28:45.091 [main] DEBUG [N/A] [N/A] o.f.core.internal.scanner.Scanner - Filtering out resource: db/migration/V4__increase_column_lengths.sql (filename: V4__increase_column_lengths.sql)
2026-03-23 14:28:45.091 [main] DEBUG [N/A] [N/A] o.f.core.internal.scanner.Scanner - Filtering out resource: db/migration/V2__convert_to_jsonb.sql (filename: V2__convert_to_jsonb.sql)
2026-03-23 14:28:45.091 [main] DEBUG [N/A] [N/A] o.f.core.internal.scanner.Scanner - Filtering out resource: db/migration/V5__increase_excerpt_column_length.sql (filename: V5__increase_excerpt_column_length.sql)
2026-03-23 14:28:45.092 [main] DEBUG [N/A] [N/A] o.f.core.internal.scanner.Scanner - Filtering out resource: db/migration/V1__blog_service_baseline.sql (filename: V1__blog_service_baseline.sql)
2026-03-23 14:28:45.092 [main] DEBUG [N/A] [N/A] o.f.core.internal.scanner.Scanner - Filtering out resource: db/migration/V3__add_author_details_to_comments_and_likes.sql (filename: V3__add_author_details_to_comments_and_likes.sql)
2026-03-23 14:28:45.092 [main] DEBUG [N/A] [N/A] o.f.core.internal.scanner.Scanner - Filtering out resource: db/migration/V4__increase_column_lengths.sql (filename: V4__increase_column_lengths.sql)
2026-03-23 14:28:45.092 [main] DEBUG [N/A] [N/A] o.f.core.internal.scanner.Scanner - Filtering out resource: db/migration/V2__convert_to_jsonb.sql (filename: V2__convert_to_jsonb.sql)
2026-03-23 14:28:45.092 [main] DEBUG [N/A] [N/A] o.f.core.internal.scanner.Scanner - Filtering out resource: db/migration/V5__increase_excerpt_column_length.sql (filename: V5__increase_excerpt_column_length.sql)
2026-03-23 14:28:45.212 [HikariPool-1 connection adder] DEBUG [N/A] [N/A] com.zaxxer.hikari.pool.HikariPool - HikariPool-1 - Added connection org.postgresql.jdbc.PgConnection@26568f5f
2026-03-23 14:28:45.219 [main] INFO  [N/A] [N/A] o.f.core.internal.command.DbValidate - Successfully validated 6 migrations (execution time 00:00.142s)
2026-03-23 14:28:45.247 [HikariPool-1 connection adder] DEBUG [N/A] [N/A] com.zaxxer.hikari.pool.HikariPool - HikariPool-1 - After adding stats (total=3, active=1, idle=2, waiting=0)
2026-03-23 14:28:45.249 [main] DEBUG [N/A] [N/A] o.f.core.internal.command.DbSchemas - Skipping creation of existing schema: "public"
2026-03-23 14:28:45.521 [HikariPool-1 connection adder] DEBUG [N/A] [N/A] com.zaxxer.hikari.pool.HikariPool - HikariPool-1 - Added connection org.postgresql.jdbc.PgConnection@22691f4d
2026-03-23 14:28:45.535 [main] DEBUG [N/A] [N/A] o.f.c.a.c.ClassicConfiguration - CherryPickConfigurationExtension not found
2026-03-23 14:28:45.555 [HikariPool-1 connection adder] DEBUG [N/A] [N/A] com.zaxxer.hikari.pool.HikariPool - HikariPool-1 - After adding stats (total=4, active=2, idle=2, waiting=0)
2026-03-23 14:28:45.620 [main] INFO  [N/A] [N/A] o.f.core.internal.command.DbMigrate - Current version of schema "public": 5
2026-03-23 14:28:45.648 [main] INFO  [N/A] [N/A] o.f.core.internal.command.DbMigrate - Schema "public" is up to date. No migration necessary.
2026-03-23 14:28:45.818 [HikariPool-1 connection adder] DEBUG [N/A] [N/A] com.zaxxer.hikari.pool.HikariPool - HikariPool-1 - Added connection org.postgresql.jdbc.PgConnection@676b8564
2026-03-23 14:28:45.850 [HikariPool-1 connection adder] DEBUG [N/A] [N/A] com.zaxxer.hikari.pool.HikariPool - HikariPool-1 - After adding stats (total=5, active=1, idle=4, waiting=0)
2026-03-23 14:28:45.992 [main] DEBUG [N/A] [N/A] org.flywaydb.core.FlywayExecutor - Memory usage: 73 of 100M
2026-03-23 14:28:46.103 [HikariPool-1 connection adder] DEBUG [N/A] [N/A] com.zaxxer.hikari.pool.HikariPool - HikariPool-1 - Added connection org.postgresql.jdbc.PgConnection@44f83528
2026-03-23 14:28:46.134 [HikariPool-1 connection adder] DEBUG [N/A] [N/A] com.zaxxer.hikari.pool.HikariPool - HikariPool-1 - After adding stats (total=6, active=0, idle=6, waiting=0)
2026-03-23 14:28:46.407 [main] INFO  [N/A] [N/A] o.s.o.j.p.SpringPersistenceUnitInfo - No LoadTimeWeaver setup: ignoring JPA class transformer
2026-03-23 14:28:46.490 [main] WARN  [N/A] [N/A] org.hibernate.orm.deprecation - HHH90000025: PostgreSQLDialect does not need to be specified explicitly using 'hibernate.dialect' (remove the property setting and it will be selected by default)
2026-03-23 14:28:47.524 [main] INFO  [N/A] [N/A] o.s.o.j.LocalContainerEntityManagerFactoryBean - Initialized JPA EntityManagerFactory for persistence unit 'default'
2026-03-23 14:28:47.948 [main] INFO  [N/A] [N/A] o.s.d.j.r.query.QueryEnhancerFactory - Hibernate is in classpath; If applicable, HQL parser will be used.
2026-03-23 14:28:49.600 [main] INFO  [N/A] [N/A] in.mapmytour.blog.helper.S3Helper - Bucket mapmytour-bucket-prod already exists
2026-03-23 14:28:49.601 [main] INFO  [N/A] [N/A] in.mapmytour.blog.helper.S3Helper - S3Client initialized successfully for bucket: mapmytour-bucket-prod
2026-03-23 14:28:50.232 [main] WARN  [N/A] [N/A] o.s.b.a.o.j.JpaBaseConfiguration$JpaWebConfiguration - spring.jpa.open-in-view is enabled by default. Therefore, database queries may be performed during view rendering. Explicitly configure spring.jpa.open-in-view to disable this warning
2026-03-23 14:28:50.829 [main] INFO  [N/A] [N/A] o.s.b.a.e.web.EndpointLinksResolver - Exposing 3 endpoints beneath base path '/actuator'
2026-03-23 14:28:50.854 [main] INFO  [N/A] [N/A] i.m.blog.config.SecurityConfig - Configuring SecurityFilterChain with JWT filter: JwtAuthenticationFilter
2026-03-23 14:28:51.454 [main] INFO  [N/A] [N/A] o.s.b.w.e.tomcat.TomcatWebServer - Tomcat started on port 8090 (http) with context path '/'
2026-03-23 14:28:51.468 [main] INFO  [N/A] [N/A] i.m.blog.BlogServiceApplication - Started BlogServiceApplication in 10.374 seconds (process running for 10.726)
2026-03-23 14:28:51.539 [main] INFO  [N/A] [N/A] i.m.blog.BlogServiceApplication - 
----------------------------------------------------------
🚀 MapMyTour Application is running! Access URLs:
🏠 Local:      http://localhost:8090
🌐 External:   http://127.0.0.1:8090
📖 API Docs:   http://localhost:8090/swagger-ui.html
🏥 Health:     http://localhost:8090/actuator/health
📊 Metrics:    http://localhost:8090/actuator/info
🔧 Profile:    default
----------------------------------------------------------
2026-03-23 14:29:14.669 [HikariPool-1 housekeeper] DEBUG [N/A] [N/A] com.zaxxer.hikari.pool.HikariPool - HikariPool-1 - Before cleanup stats (total=6, active=0, idle=6, waiting=0)
2026-03-23 14:29:14.670 [HikariPool-1 housekeeper] DEBUG [N/A] [N/A] com.zaxxer.hikari.pool.HikariPool - HikariPool-1 - After cleanup  stats (total=6, active=0, idle=6, waiting=0)
2026-03-23 14:29:14.670 [HikariPool-1 housekeeper] DEBUG [N/A] [N/A] com.zaxxer.hikari.pool.HikariPool - HikariPool-1 - Fill pool skipped, pool has sufficient level or currently being filled.
2026-03-23 14:29:44.672 [HikariPool-1 housekeeper] DEBUG [N/A] [N/A] com.zaxxer.hikari.pool.HikariPool - HikariPool-1 - Before cleanup stats (total=6, active=0, idle=6, waiting=0)
2026-03-23 14:29:44.673 [HikariPool-1 housekeeper] DEBUG [N/A] [N/A] com.zaxxer.hikari.pool.HikariPool - HikariPool-1 - After cleanup  stats (total=6, active=0, idle=6, waiting=0)
2026-03-23 14:29:44.674 [HikariPool-1 housekeeper] DEBUG [N/A] [N/A] com.zaxxer.hikari.pool.HikariPool - HikariPool-1 - Fill pool skipped, pool has sufficient level or currently being filled.
2026-03-23 14:30:14.679 [HikariPool-1 housekeeper] DEBUG [N/A] [N/A] com.zaxxer.hikari.pool.HikariPool - HikariPool-1 - Before cleanup stats (total=6, active=0, idle=6, waiting=0)
2026-03-23 14:30:14.681 [HikariPool-1 housekeeper] DEBUG [N/A] [N/A] com.zaxxer.hikari.pool.HikariPool - HikariPool-1 - After cleanup  stats (total=6, active=0, idle=6, waiting=0)
2026-03-23 14:30:14.681 [HikariPool-1 housekeeper] DEBUG [N/A] [N/A] com.zaxxer.hikari.pool.HikariPool - HikariPool-1 - Fill pool skipped, pool has sufficient level or currently being filled.
2026-03-23 14:30:44.687 [HikariPool-1 housekeeper] DEBUG [N/A] [N/A] com.zaxxer.hikari.pool.HikariPool - HikariPool-1 - Before cleanup stats (total=6, active=0, idle=6, waiting=0)
2026-03-23 14:30:44.689 [HikariPool-1 housekeeper] DEBUG [N/A] [N/A] com.zaxxer.hikari.pool.HikariPool - HikariPool-1 - After cleanup  stats (total=6, active=0, idle=6, waiting=0)
2026-03-23 14:30:44.689 [HikariPool-1 housekeeper] DEBUG [N/A] [N/A] com.zaxxer.hikari.pool.HikariPool - HikariPool-1 - Fill pool skipped, pool has sufficient level or currently being filled.
2026-03-23 14:31:14.694 [HikariPool-1 housekeeper] DEBUG [N/A] [N/A] com.zaxxer.hikari.pool.HikariPool - HikariPool-1 - Before cleanup stats (total=6, active=0, idle=6, waiting=0)
2026-03-23 14:31:14.694 [HikariPool-1 housekeeper] DEBUG [N/A] [N/A] com.zaxxer.hikari.pool.HikariPool - HikariPool-1 - After cleanup  stats (total=6, active=0, idle=6, waiting=0)
2026-03-23 14:31:14.694 [HikariPool-1 housekeeper] DEBUG [N/A] [N/A] com.zaxxer.hikari.pool.HikariPool - HikariPool-1 - Fill pool skipped, pool has sufficient level or currently being filled.
2026-03-23 14:31:44.697 [HikariPool-1 housekeeper] DEBUG [N/A] [N/A] com.zaxxer.hikari.pool.HikariPool - HikariPool-1 - Before cleanup stats (total=6, active=0, idle=6, waiting=0)
2026-03-23 14:31:44.698 [HikariPool-1 housekeeper] DEBUG [N/A] [N/A] com.zaxxer.hikari.pool.HikariPool - HikariPool-1 - After cleanup  stats (total=6, active=0, idle=6, waiting=0)
2026-03-23 14:31:44.698 [HikariPool-1 housekeeper] DEBUG [N/A] [N/A] com.zaxxer.hikari.pool.HikariPool - HikariPool-1 - Fill pool skipped, pool has sufficient level or currently being filled.
2026-03-23 14:32:14.703 [HikariPool-1 housekeeper] DEBUG [N/A] [N/A] com.zaxxer.hikari.pool.HikariPool - HikariPool-1 - Before cleanup stats (total=6, active=0, idle=6, waiting=0)
2026-03-23 14:32:14.703 [HikariPool-1 housekeeper] DEBUG [N/A] [N/A] com.zaxxer.hikari.pool.HikariPool - HikariPool-1 - After cleanup  stats (total=6, active=0, idle=6, waiting=0)
2026-03-23 14:32:14.703 [HikariPool-1 housekeeper] DEBUG [N/A] [N/A] com.zaxxer.hikari.pool.HikariPool - HikariPool-1 - Fill pool skipped, pool has sufficient level or currently being filled.
2026-03-23 14:32:44.706 [HikariPool-1 housekeeper] DEBUG [N/A] [N/A] com.zaxxer.hikari.pool.HikariPool - HikariPool-1 - Before cleanup stats (total=6, active=0, idle=6, waiting=0)
2026-03-23 14:32:44.706 [HikariPool-1 housekeeper] DEBUG [N/A] [N/A] com.zaxxer.hikari.pool.HikariPool - HikariPool-1 - After cleanup  stats (total=6, active=0, idle=6, waiting=0)
2026-03-23 14:32:44.706 [HikariPool-1 housekeeper] DEBUG [N/A] [N/A] com.zaxxer.hikari.pool.HikariPool - HikariPool-1 - Fill pool skipped, pool has sufficient level or currently being filled.
2026-03-23 14:33:14.707 [HikariPool-1 housekeeper] DEBUG [N/A] [N/A] com.zaxxer.hikari.pool.HikariPool - HikariPool-1 - Before cleanup stats (total=6, active=0, idle=6, waiting=0)
2026-03-23 14:33:14.707 [HikariPool-1 housekeeper] DEBUG [N/A] [N/A] com.zaxxer.hikari.pool.HikariPool - HikariPool-1 - After cleanup  stats (total=6, active=0, idle=6, waiting=0)
2026-03-23 14:33:14.708 [HikariPool-1 housekeeper] DEBUG [N/A] [N/A] com.zaxxer.hikari.pool.HikariPool - HikariPool-1 - Fill pool skipped, pool has sufficient level or currently being filled.
2026-03-23 14:33:44.711 [HikariPool-1 housekeeper] DEBUG [N/A] [N/A] com.zaxxer.hikari.pool.HikariPool - HikariPool-1 - Before cleanup stats (total=6, active=0, idle=6, waiting=0)
2026-03-23 14:33:44.713 [HikariPool-1 housekeeper] DEBUG [N/A] [N/A] com.zaxxer.hikari.pool.HikariPool - HikariPool-1 - After cleanup  stats (total=6, active=0, idle=6, waiting=0)
2026-03-23 14:33:44.713 [HikariPool-1 housekeeper] DEBUG [N/A] [N/A] com.zaxxer.hikari.pool.HikariPool - HikariPool-1 - Fill pool skipped, pool has sufficient level or currently being filled.
2026-03-23 14:34:14.718 [HikariPool-1 housekeeper] DEBUG [N/A] [N/A] com.zaxxer.hikari.pool.HikariPool - HikariPool-1 - Before cleanup stats (total=6, active=0, idle=6, waiting=0)
2026-03-23 14:34:14.719 [HikariPool-1 housekeeper] DEBUG [N/A] [N/A] com.zaxxer.hikari.pool.HikariPool - HikariPool-1 - After cleanup  stats (total=6, active=0, idle=6, waiting=0)
2026-03-23 14:34:14.719 [HikariPool-1 housekeeper] DEBUG [N/A] [N/A] com.zaxxer.hikari.pool.HikariPool - HikariPool-1 - Fill pool skipped, pool has sufficient level or currently being filled.
2026-03-23 14:34:44.723 [HikariPool-1 housekeeper] DEBUG [N/A] [N/A] com.zaxxer.hikari.pool.HikariPool - HikariPool-1 - Before cleanup stats (total=6, active=0, idle=6, waiting=0)
2026-03-23 14:34:44.725 [HikariPool-1 housekeeper] DEBUG [N/A] [N/A] com.zaxxer.hikari.pool.HikariPool - HikariPool-1 - After cleanup  stats (total=6, active=0, idle=6, waiting=0)
2026-03-23 14:34:44.725 [HikariPool-1 housekeeper] DEBUG [N/A] [N/A] com.zaxxer.hikari.pool.HikariPool - HikariPool-1 - Fill pool skipped, pool has sufficient level or currently being filled.
2026-03-23 14:35:14.730 [HikariPool-1 housekeeper] DEBUG [N/A] [N/A] com.zaxxer.hikari.pool.HikariPool - HikariPool-1 - Before cleanup stats (total=6, active=0, idle=6, waiting=0)
2026-03-23 14:35:14.730 [HikariPool-1 housekeeper] DEBUG [N/A] [N/A] com.zaxxer.hikari.pool.HikariPool - HikariPool-1 - After cleanup  stats (total=6, active=0, idle=6, waiting=0)
2026-03-23 14:35:14.730 [HikariPool-1 housekeeper] DEBUG [N/A] [N/A] com.zaxxer.hikari.pool.HikariPool - HikariPool-1 - Fill pool skipped, pool has sufficient level or currently being filled.
2026-03-23 14:35:44.736 [HikariPool-1 housekeeper] DEBUG [N/A] [N/A] com.zaxxer.hikari.pool.HikariPool - HikariPool-1 - Before cleanup stats (total=6, active=0, idle=6, waiting=0)
2026-03-23 14:35:44.737 [HikariPool-1 housekeeper] DEBUG [N/A] [N/A] com.zaxxer.hikari.pool.HikariPool - HikariPool-1 - After cleanup  stats (total=6, active=0, idle=6, waiting=0)
2026-03-23 14:35:44.737 [HikariPool-1 housekeeper] DEBUG [N/A] [N/A] com.zaxxer.hikari.pool.HikariPool - HikariPool-1 - Fill pool skipped, pool has sufficient level or currently being filled.
2026-03-23 14:36:14.741 [HikariPool-1 housekeeper] DEBUG [N/A] [N/A] com.zaxxer.hikari.pool.HikariPool - HikariPool-1 - Before cleanup stats (total=6, active=0, idle=6, waiting=0)
2026-03-23 14:36:14.741 [HikariPool-1 housekeeper] DEBUG [N/A] [N/A] com.zaxxer.hikari.pool.HikariPool - HikariPool-1 - After cleanup  stats (total=6, active=0, idle=6, waiting=0)
2026-03-23 14:36:14.741 [HikariPool-1 housekeeper] DEBUG [N/A] [N/A] com.zaxxer.hikari.pool.HikariPool - HikariPool-1 - Fill pool skipped, pool has sufficient level or currently being filled.
2026-03-23 14:36:44.746 [HikariPool-1 housekeeper] DEBUG [N/A] [N/A] com.zaxxer.hikari.pool.HikariPool - HikariPool-1 - Before cleanup stats (total=6, active=0, idle=6, waiting=0)
2026-03-23 14:36:44.747 [HikariPool-1 housekeeper] DEBUG [N/A] [N/A] com.zaxxer.hikari.pool.HikariPool - HikariPool-1 - After cleanup  stats (total=6, active=0, idle=6, waiting=0)
2026-03-23 14:36:44.747 [HikariPool-1 housekeeper] DEBUG [N/A] [N/A] com.zaxxer.hikari.pool.HikariPool - HikariPool-1 - Fill pool skipped, pool has sufficient level or currently being filled.
2026-03-23 14:37:14.751 [HikariPool-1 housekeeper] DEBUG [N/A] [N/A] com.zaxxer.hikari.pool.HikariPool - HikariPool-1 - Before cleanup stats (total=6, active=0, idle=6, waiting=0)
2026-03-23 14:37:14.752 [HikariPool-1 housekeeper] DEBUG [N/A] [N/A] com.zaxxer.hikari.pool.HikariPool - HikariPool-1 - After cleanup  stats (total=6, active=0, idle=6, waiting=0)
2026-03-23 14:37:14.752 [HikariPool-1 housekeeper] DEBUG [N/A] [N/A] com.zaxxer.hikari.pool.HikariPool - HikariPool-1 - Fill pool skipped, pool has sufficient level or currently being filled.
2026-03-23 14:37:44.757 [HikariPool-1 housekeeper] DEBUG [N/A] [N/A] com.zaxxer.hikari.pool.HikariPool - HikariPool-1 - Before cleanup stats (total=6, active=0, idle=6, waiting=0)
2026-03-23 14:37:44.758 [HikariPool-1 housekeeper] DEBUG [N/A] [N/A] com.zaxxer.hikari.pool.HikariPool - HikariPool-1 - After cleanup  stats (total=6, active=0, idle=6, waiting=0)
2026-03-23 14:37:44.758 [HikariPool-1 housekeeper] DEBUG [N/A] [N/A] com.zaxxer.hikari.pool.HikariPool - HikariPool-1 - Fill pool skipped, pool has sufficient level or currently being filled.
2026-03-23 14:38:14.761 [HikariPool-1 housekeeper] DEBUG [N/A] [N/A] com.zaxxer.hikari.pool.HikariPool - HikariPool-1 - Before cleanup stats (total=6, active=0, idle=6, waiting=0)
2026-03-23 14:38:14.761 [HikariPool-1 housekeeper] DEBUG [N/A] [N/A] com.zaxxer.hikari.pool.HikariPool - HikariPool-1 - After cleanup  stats (total=6, active=0, idle=6, waiting=0)
2026-03-23 14:38:14.761 [HikariPool-1 housekeeper] DEBUG [N/A] [N/A] com.zaxxer.hikari.pool.HikariPool - HikariPool-1 - Fill pool skipped, pool has sufficient level or currently being filled.
2026-03-23 14:38:44.767 [HikariPool-1 housekeeper] DEBUG [N/A] [N/A] com.zaxxer.hikari.pool.HikariPool - HikariPool-1 - Before cleanup stats (total=6, active=0, idle=6, waiting=0)
2026-03-23 14:38:44.769 [HikariPool-1 housekeeper] DEBUG [N/A] [N/A] com.zaxxer.hikari.pool.HikariPool - HikariPool-1 - After cleanup  stats (total=6, active=0, idle=6, waiting=0)
2026-03-23 14:38:44.769 [HikariPool-1 housekeeper] DEBUG [N/A] [N/A] com.zaxxer.hikari.pool.HikariPool - HikariPool-1 - Fill pool skipped, pool has sufficient level or currently being filled.
2026-03-23 14:39:14.772 [HikariPool-1 housekeeper] DEBUG [N/A] [N/A] com.zaxxer.hikari.pool.HikariPool - HikariPool-1 - Before cleanup stats (total=6, active=0, idle=6, waiting=0)
2026-03-23 14:39:14.775 [HikariPool-1 housekeeper] DEBUG [N/A] [N/A] com.zaxxer.hikari.pool.HikariPool - HikariPool-1 - After cleanup  stats (total=5, active=0, idle=5, waiting=0)
2026-03-23 14:39:14.775 [HikariPool-1 housekeeper] DEBUG [N/A] [N/A] com.zaxxer.hikari.pool.HikariPool - HikariPool-1 - Fill pool skipped, pool has sufficient level or currently being filled.
2026-03-23 14:39:14.775 [HikariPool-1 connection closer] DEBUG [N/A] [N/A] com.zaxxer.hikari.pool.PoolBase - HikariPool-1 - Closing connection org.postgresql.jdbc.PgConnection@44f83528: (connection has passed idleTimeout)
2026-03-23 14:39:44.781 [HikariPool-1 housekeeper] DEBUG [N/A] [N/A] com.zaxxer.hikari.pool.HikariPool - HikariPool-1 - Before cleanup stats (total=5, active=0, idle=5, waiting=0)
2026-03-23 14:39:44.782 [HikariPool-1 housekeeper] DEBUG [N/A] [N/A] com.zaxxer.hikari.pool.HikariPool - HikariPool-1 - After cleanup  stats (total=5, active=0, idle=5, waiting=0)
2026-03-23 14:39:44.782 [HikariPool-1 housekeeper] DEBUG [N/A] [N/A] com.zaxxer.hikari.pool.HikariPool - HikariPool-1 - Fill pool skipped, pool has sufficient level or currently being filled.
2026-03-23 14:40:14.786 [HikariPool-1 housekeeper] DEBUG [N/A] [N/A] com.zaxxer.hikari.pool.HikariPool - HikariPool-1 - Before cleanup stats (total=5, active=0, idle=5, waiting=0)
2026-03-23 14:40:14.786 [HikariPool-1 housekeeper] DEBUG [N/A] [N/A] com.zaxxer.hikari.pool.HikariPool - HikariPool-1 - After cleanup  stats (total=5, active=0, idle=5, waiting=0)
2026-03-23 14:40:14.786 [HikariPool-1 housekeeper] DEBUG [N/A] [N/A] com.zaxxer.hikari.pool.HikariPool - HikariPool-1 - Fill pool skipped, pool has sufficient level or currently being filled.
2026-03-23 14:40:44.788 [HikariPool-1 housekeeper] DEBUG [N/A] [N/A] com.zaxxer.hikari.pool.HikariPool - HikariPool-1 - Before cleanup stats (total=5, active=0, idle=5, waiting=0)
2026-03-23 14:40:44.790 [HikariPool-1 housekeeper] DEBUG [N/A] [N/A] com.zaxxer.hikari.pool.HikariPool - HikariPool-1 - After cleanup  stats (total=5, active=0, idle=5, waiting=0)
2026-03-23 14:40:44.790 [HikariPool-1 housekeeper] DEBUG [N/A] [N/A] com.zaxxer.hikari.pool.HikariPool - HikariPool-1 - Fill pool skipped, pool has sufficient level or currently being filled.
2026-03-23 14:41:14.794 [HikariPool-1 housekeeper] DEBUG [N/A] [N/A] com.zaxxer.hikari.pool.HikariPool - HikariPool-1 - Before cleanup stats (total=5, active=0, idle=5, waiting=0)
2026-03-23 14:41:14.794 [HikariPool-1 housekeeper] DEBUG [N/A] [N/A] com.zaxxer.hikari.pool.HikariPool - HikariPool-1 - After cleanup  stats (total=5, active=0, idle=5, waiting=0)
2026-03-23 14:41:14.794 [HikariPool-1 housekeeper] DEBUG [N/A] [N/A] com.zaxxer.hikari.pool.HikariPool - HikariPool-1 - Fill pool skipped, pool has sufficient level or currently being filled.
2026-03-23 14:41:44.798 [HikariPool-1 housekeeper] DEBUG [N/A] [N/A] com.zaxxer.hikari.pool.HikariPool - HikariPool-1 - Before cleanup stats (total=5, active=0, idle=5, waiting=0)
2026-03-23 14:41:44.799 [HikariPool-1 housekeeper] DEBUG [N/A] [N/A] com.zaxxer.hikari.pool.HikariPool - HikariPool-1 - After cleanup  stats (total=5, active=0, idle=5, waiting=0)
2026-03-23 14:41:44.800 [HikariPool-1 housekeeper] DEBUG [N/A] [N/A] com.zaxxer.hikari.pool.HikariPool - HikariPool-1 - Fill pool skipped, pool has sufficient level or currently being filled.
2026-03-23 14:42:14.804 [HikariPool-1 housekeeper] DEBUG [N/A] [N/A] com.zaxxer.hikari.pool.HikariPool - HikariPool-1 - Before cleanup stats (total=5, active=0, idle=5, waiting=0)
2026-03-23 14:42:14.805 [HikariPool-1 housekeeper] DEBUG [N/A] [N/A] com.zaxxer.hikari.pool.HikariPool - HikariPool-1 - After cleanup  stats (total=5, active=0, idle=5, waiting=0)
2026-03-23 14:42:14.805 [HikariPool-1 housekeeper] DEBUG [N/A] [N/A] com.zaxxer.hikari.pool.HikariPool - HikariPool-1 - Fill pool skipped, pool has sufficient level or currently being filled.
2026-03-23 14:42:44.811 [HikariPool-1 housekeeper] DEBUG [N/A] [N/A] com.zaxxer.hikari.pool.HikariPool - HikariPool-1 - Before cleanup stats (total=5, active=0, idle=5, waiting=0)
2026-03-23 14:42:44.811 [HikariPool-1 housekeeper] DEBUG [N/A] [N/A] com.zaxxer.hikari.pool.HikariPool - HikariPool-1 - After cleanup  stats (total=5, active=0, idle=5, waiting=0)
2026-03-23 14:42:44.811 [HikariPool-1 housekeeper] DEBUG [N/A] [N/A] com.zaxxer.hikari.pool.HikariPool - HikariPool-1 - Fill pool skipped, pool has sufficient level or currently being filled.
2026-03-23 14:43:14.812 [HikariPool-1 housekeeper] DEBUG [N/A] [N/A] com.zaxxer.hikari.pool.HikariPool - HikariPool-1 - Before cleanup stats (total=5, active=0, idle=5, waiting=0)
2026-03-23 14:43:14.813 [HikariPool-1 housekeeper] DEBUG [N/A] [N/A] com.zaxxer.hikari.pool.HikariPool - HikariPool-1 - After cleanup  stats (total=5, active=0, idle=5, waiting=0)
2026-03-23 14:43:14.813 [HikariPool-1 housekeeper] DEBUG [N/A] [N/A] com.zaxxer.hikari.pool.HikariPool - HikariPool-1 - Fill pool skipped, pool has sufficient level or currently being filled.
2026-03-23 14:43:44.816 [HikariPool-1 housekeeper] DEBUG [N/A] [N/A] com.zaxxer.hikari.pool.HikariPool - HikariPool-1 - Before cleanup stats (total=5, active=0, idle=5, waiting=0)
2026-03-23 14:43:44.817 [HikariPool-1 housekeeper] DEBUG [N/A] [N/A] com.zaxxer.hikari.pool.HikariPool - HikariPool-1 - After cleanup  stats (total=5, active=0, idle=5, waiting=0)
2026-03-23 14:43:44.817 [HikariPool-1 housekeeper] DEBUG [N/A] [N/A] com.zaxxer.hikari.pool.HikariPool - HikariPool-1 - Fill pool skipped, pool has sufficient level or currently being filled.
2026-03-23 14:44:14.822 [HikariPool-1 housekeeper] DEBUG [N/A] [N/A] com.zaxxer.hikari.pool.HikariPool - HikariPool-1 - Before cleanup stats (total=5, active=0, idle=5, waiting=0)
2026-03-23 14:44:14.824 [HikariPool-1 housekeeper] DEBUG [N/A] [N/A] com.zaxxer.hikari.pool.HikariPool - HikariPool-1 - After cleanup  stats (total=5, active=0, idle=5, waiting=0)
2026-03-23 14:44:14.824 [HikariPool-1 housekeeper] DEBUG [N/A] [N/A] com.zaxxer.hikari.pool.HikariPool - HikariPool-1 - Fill pool skipped, pool has sufficient level or currently being filled.
2026-03-23 14:44:44.830 [HikariPool-1 housekeeper] DEBUG [N/A] [N/A] com.zaxxer.hikari.pool.HikariPool - HikariPool-1 - Before cleanup stats (total=5, active=0, idle=5, waiting=0)
2026-03-23 14:44:44.830 [HikariPool-1 housekeeper] DEBUG [N/A] [N/A] com.zaxxer.hikari.pool.HikariPool - HikariPool-1 - After cleanup  stats (total=5, active=0, idle=5, waiting=0)
2026-03-23 14:44:44.830 [HikariPool-1 housekeeper] DEBUG [N/A] [N/A] com.zaxxer.hikari.pool.HikariPool - HikariPool-1 - Fill pool skipped, pool has sufficient level or currently being filled.
2026-03-23 14:45:14.835 [HikariPool-1 housekeeper] DEBUG [N/A] [N/A] com.zaxxer.hikari.pool.HikariPool - HikariPool-1 - Before cleanup stats (total=5, active=0, idle=5, waiting=0)
2026-03-23 14:45:14.838 [HikariPool-1 housekeeper] DEBUG [N/A] [N/A] com.zaxxer.hikari.pool.HikariPool - HikariPool-1 - After cleanup  stats (total=5, active=0, idle=5, waiting=0)
2026-03-23 14:45:14.838 [HikariPool-1 housekeeper] DEBUG [N/A] [N/A] com.zaxxer.hikari.pool.HikariPool - HikariPool-1 - Fill pool skipped, pool has sufficient level or currently being filled.
2026-03-23 14:45:44.841 [HikariPool-1 housekeeper] DEBUG [N/A] [N/A] com.zaxxer.hikari.pool.HikariPool - HikariPool-1 - Before cleanup stats (total=5, active=0, idle=5, waiting=0)
2026-03-23 14:45:44.841 [HikariPool-1 housekeeper] DEBUG [N/A] [N/A] com.zaxxer.hikari.pool.HikariPool - HikariPool-1 - After cleanup  stats (total=5, active=0, idle=5, waiting=0)
2026-03-23 14:45:44.841 [HikariPool-1 housekeeper] DEBUG [N/A] [N/A] com.zaxxer.hikari.pool.HikariPool - HikariPool-1 - Fill pool skipped, pool has sufficient level or currently being filled.
2026-03-23 14:46:14.844 [HikariPool-1 housekeeper] DEBUG [N/A] [N/A] com.zaxxer.hikari.pool.HikariPool - HikariPool-1 - Before cleanup stats (total=5, active=0, idle=5, waiting=0)
2026-03-23 14:46:14.846 [HikariPool-1 housekeeper] DEBUG [N/A] [N/A] com.zaxxer.hikari.pool.HikariPool - HikariPool-1 - After cleanup  stats (total=5, active=0, idle=5, waiting=0)
2026-03-23 14:46:14.846 [HikariPool-1 housekeeper] DEBUG [N/A] [N/A] com.zaxxer.hikari.pool.HikariPool - HikariPool-1 - Fill pool skipped, pool has sufficient level or currently being filled.
2026-03-23 14:46:44.851 [HikariPool-1 housekeeper] DEBUG [N/A] [N/A] com.zaxxer.hikari.pool.HikariPool - HikariPool-1 - Before cleanup stats (total=5, active=0, idle=5, waiting=0)
2026-03-23 14:46:44.851 [HikariPool-1 housekeeper] DEBUG [N/A] [N/A] com.zaxxer.hikari.pool.HikariPool - HikariPool-1 - After cleanup  stats (total=5, active=0, idle=5, waiting=0)
2026-03-23 14:46:44.852 [HikariPool-1 housekeeper] DEBUG [N/A] [N/A] com.zaxxer.hikari.pool.HikariPool - HikariPool-1 - Fill pool skipped, pool has sufficient level or currently being filled.
2026-03-23 14:47:14.855 [HikariPool-1 housekeeper] DEBUG [N/A] [N/A] com.zaxxer.hikari.pool.HikariPool - HikariPool-1 - Before cleanup stats (total=5, active=0, idle=5, waiting=0)
2026-03-23 14:47:14.855 [HikariPool-1 housekeeper] DEBUG [N/A] [N/A] com.zaxxer.hikari.pool.HikariPool - HikariPool-1 - After cleanup  stats (total=5, active=0, idle=5, waiting=0)
2026-03-23 14:47:14.855 [HikariPool-1 housekeeper] DEBUG [N/A] [N/A] com.zaxxer.hikari.pool.HikariPool - HikariPool-1 - Fill pool skipped, pool has sufficient level or currently being filled.
2026-03-23 14:47:44.854 [HikariPool-1 housekeeper] DEBUG [N/A] [N/A] com.zaxxer.hikari.pool.HikariPool - HikariPool-1 - Before cleanup stats (total=5, active=0, idle=5, waiting=0)
2026-03-23 14:47:44.854 [HikariPool-1 housekeeper] DEBUG [N/A] [N/A] com.zaxxer.hikari.pool.HikariPool - HikariPool-1 - After cleanup  stats (total=5, active=0, idle=5, waiting=0)
2026-03-23 14:47:44.854 [HikariPool-1 housekeeper] DEBUG [N/A] [N/A] com.zaxxer.hikari.pool.HikariPool - HikariPool-1 - Fill pool skipped, pool has sufficient level or currently being filled.
2026-03-23 14:48:14.857 [HikariPool-1 housekeeper] DEBUG [N/A] [N/A] com.zaxxer.hikari.pool.HikariPool - HikariPool-1 - Before cleanup stats (total=5, active=0, idle=5, waiting=0)
2026-03-23 14:48:14.858 [HikariPool-1 housekeeper] DEBUG [N/A] [N/A] com.zaxxer.hikari.pool.HikariPool - HikariPool-1 - After cleanup  stats (total=5, active=0, idle=5, waiting=0)
2026-03-23 14:48:14.858 [HikariPool-1 housekeeper] DEBUG [N/A] [N/A] com.zaxxer.hikari.pool.HikariPool - HikariPool-1 - Fill pool skipped, pool has sufficient level or currently being filled.
2026-03-23 14:48:44.861 [HikariPool-1 housekeeper] DEBUG [N/A] [N/A] com.zaxxer.hikari.pool.HikariPool - HikariPool-1 - Before cleanup stats (total=5, active=0, idle=5, waiting=0)
2026-03-23 14:48:44.862 [HikariPool-1 housekeeper] DEBUG [N/A] [N/A] com.zaxxer.hikari.pool.HikariPool - HikariPool-1 - After cleanup  stats (total=5, active=0, idle=5, waiting=0)
2026-03-23 14:48:44.862 [HikariPool-1 housekeeper] DEBUG [N/A] [N/A] com.zaxxer.hikari.pool.HikariPool - HikariPool-1 - Fill pool skipped, pool has sufficient level or currently being filled.
2026-03-23 14:49:14.867 [HikariPool-1 housekeeper] DEBUG [N/A] [N/A] com.zaxxer.hikari.pool.HikariPool - HikariPool-1 - Before cleanup stats (total=5, active=0, idle=5, waiting=0)
2026-03-23 14:49:14.868 [HikariPool-1 housekeeper] DEBUG [N/A] [N/A] com.zaxxer.hikari.pool.HikariPool - HikariPool-1 - After cleanup  stats (total=5, active=0, idle=5, waiting=0)
2026-03-23 14:49:14.868 [HikariPool-1 housekeeper] DEBUG [N/A] [N/A] com.zaxxer.hikari.pool.HikariPool - HikariPool-1 - Fill pool skipped, pool has sufficient level or currently being filled.
2026-03-23 14:49:44.869 [HikariPool-1 housekeeper] DEBUG [N/A] [N/A] com.zaxxer.hikari.pool.HikariPool - HikariPool-1 - Before cleanup stats (total=5, active=0, idle=5, waiting=0)
2026-03-23 14:49:44.870 [HikariPool-1 housekeeper] DEBUG [N/A] [N/A] com.zaxxer.hikari.pool.HikariPool - HikariPool-1 - After cleanup  stats (total=5, active=0, idle=5, waiting=0)
2026-03-23 14:49:44.870 [HikariPool-1 housekeeper] DEBUG [N/A] [N/A] com.zaxxer.hikari.pool.HikariPool - HikariPool-1 - Fill pool skipped, pool has sufficient level or currently being filled.
2026-03-23 14:50:14.874 [HikariPool-1 housekeeper] DEBUG [N/A] [N/A] com.zaxxer.hikari.pool.HikariPool - HikariPool-1 - Before cleanup stats (total=5, active=0, idle=5, waiting=0)
2026-03-23 14:50:14.875 [HikariPool-1 housekeeper] DEBUG [N/A] [N/A] com.zaxxer.hikari.pool.HikariPool - HikariPool-1 - After cleanup  stats (total=5, active=0, idle=5, waiting=0)
2026-03-23 14:50:14.875 [HikariPool-1 housekeeper] DEBUG [N/A] [N/A] com.zaxxer.hikari.pool.HikariPool - HikariPool-1 - Fill pool skipped, pool has sufficient level or currently being filled.
2026-03-23 14:50:44.880 [HikariPool-1 housekeeper] DEBUG [N/A] [N/A] com.zaxxer.hikari.pool.HikariPool - HikariPool-1 - Before cleanup stats (total=5, active=0, idle=5, waiting=0)
2026-03-23 14:50:44.881 [HikariPool-1 housekeeper] DEBUG [N/A] [N/A] com.zaxxer.hikari.pool.HikariPool - HikariPool-1 - After cleanup  stats (total=5, active=0, idle=5, waiting=0)
2026-03-23 14:50:44.881 [HikariPool-1 housekeeper] DEBUG [N/A] [N/A] com.zaxxer.hikari.pool.HikariPool - HikariPool-1 - Fill pool skipped, pool has sufficient level or currently being filled.
2026-03-23 14:51:14.885 [HikariPool-1 housekeeper] DEBUG [N/A] [N/A] com.zaxxer.hikari.pool.HikariPool - HikariPool-1 - Before cleanup stats (total=5, active=0, idle=5, waiting=0)
2026-03-23 14:51:14.886 [HikariPool-1 housekeeper] DEBUG [N/A] [N/A] com.zaxxer.hikari.pool.HikariPool - HikariPool-1 - After cleanup  stats (total=5, active=0, idle=5, waiting=0)
2026-03-23 14:51:14.887 [HikariPool-1 housekeeper] DEBUG [N/A] [N/A] com.zaxxer.hikari.pool.HikariPool - HikariPool-1 - Fill pool skipped, pool has sufficient level or currently being filled.
2026-03-23 14:51:44.891 [HikariPool-1 housekeeper] DEBUG [N/A] [N/A] com.zaxxer.hikari.pool.HikariPool - HikariPool-1 - Before cleanup stats (total=5, active=0, idle=5, waiting=0)
2026-03-23 14:51:44.892 [HikariPool-1 housekeeper] DEBUG [N/A] [N/A] com.zaxxer.hikari.pool.HikariPool - HikariPool-1 - After cleanup  stats (total=5, active=0, idle=5, waiting=0)
2026-03-23 14:51:44.892 [HikariPool-1 housekeeper] DEBUG [N/A] [N/A] com.zaxxer.hikari.pool.HikariPool - HikariPool-1 - Fill pool skipped, pool has sufficient level or currently being filled.
2026-03-23 14:52:14.897 [HikariPool-1 housekeeper] DEBUG [N/A] [N/A] com.zaxxer.hikari.pool.HikariPool - HikariPool-1 - Before cleanup stats (total=5, active=0, idle=5, waiting=0)
2026-03-23 14:52:14.898 [HikariPool-1 housekeeper] DEBUG [N/A] [N/A] com.zaxxer.hikari.pool.HikariPool - HikariPool-1 - After cleanup  stats (total=5, active=0, idle=5, waiting=0)
2026-03-23 14:52:14.898 [HikariPool-1 housekeeper] DEBUG [N/A] [N/A] com.zaxxer.hikari.pool.HikariPool - HikariPool-1 - Fill pool skipped, pool has sufficient level or currently being filled.
2026-03-23 14:52:44.904 [HikariPool-1 housekeeper] DEBUG [N/A] [N/A] com.zaxxer.hikari.pool.HikariPool - HikariPool-1 - Before cleanup stats (total=5, active=0, idle=5, waiting=0)
2026-03-23 14:52:44.905 [HikariPool-1 housekeeper] DEBUG [N/A] [N/A] com.zaxxer.hikari.pool.HikariPool - HikariPool-1 - After cleanup  stats (total=5, active=0, idle=5, waiting=0)
2026-03-23 14:52:44.905 [HikariPool-1 housekeeper] DEBUG [N/A] [N/A] com.zaxxer.hikari.pool.HikariPool - HikariPool-1 - Fill pool skipped, pool has sufficient level or currently being filled.
2026-03-23 14:53:14.910 [HikariPool-1 housekeeper] DEBUG [N/A] [N/A] com.zaxxer.hikari.pool.HikariPool - HikariPool-1 - Before cleanup stats (total=5, active=0, idle=5, waiting=0)
2026-03-23 14:53:14.911 [HikariPool-1 housekeeper] DEBUG [N/A] [N/A] com.zaxxer.hikari.pool.HikariPool - HikariPool-1 - After cleanup  stats (total=5, active=0, idle=5, waiting=0)
2026-03-23 14:53:14.911 [HikariPool-1 housekeeper] DEBUG [N/A] [N/A] com.zaxxer.hikari.pool.HikariPool - HikariPool-1 - Fill pool skipped, pool has sufficient level or currently being filled.
2026-03-23 14:53:44.916 [HikariPool-1 housekeeper] DEBUG [N/A] [N/A] com.zaxxer.hikari.pool.HikariPool - HikariPool-1 - Before cleanup stats (total=5, active=0, idle=5, waiting=0)
2026-03-23 14:53:44.916 [HikariPool-1 housekeeper] DEBUG [N/A] [N/A] com.zaxxer.hikari.pool.HikariPool - HikariPool-1 - After cleanup  stats (total=5, active=0, idle=5, waiting=0)
2026-03-23 14:53:44.916 [HikariPool-1 housekeeper] DEBUG [N/A] [N/A] com.zaxxer.hikari.pool.HikariPool - HikariPool-1 - Fill pool skipped, pool has sufficient level or currently being filled.
2026-03-23 14:54:14.921 [HikariPool-1 housekeeper] DEBUG [N/A] [N/A] com.zaxxer.hikari.pool.HikariPool - HikariPool-1 - Before cleanup stats (total=5, active=0, idle=5, waiting=0)
2026-03-23 14:54:14.925 [HikariPool-1 housekeeper] DEBUG [N/A] [N/A] com.zaxxer.hikari.pool.HikariPool - HikariPool-1 - After cleanup  stats (total=5, active=0, idle=5, waiting=0)
2026-03-23 14:54:14.926 [HikariPool-1 housekeeper] DEBUG [N/A] [N/A] com.zaxxer.hikari.pool.HikariPool - HikariPool-1 - Fill pool skipped, pool has sufficient level or currently being filled.
2026-03-23 14:54:44.931 [HikariPool-1 housekeeper] DEBUG [N/A] [N/A] com.zaxxer.hikari.pool.HikariPool - HikariPool-1 - Before cleanup stats (total=5, active=0, idle=5, waiting=0)
2026-03-23 14:54:44.932 [HikariPool-1 housekeeper] DEBUG [N/A] [N/A] com.zaxxer.hikari.pool.HikariPool - HikariPool-1 - After cleanup  stats (total=5, active=0, idle=5, waiting=0)
2026-03-23 14:54:44.933 [HikariPool-1 housekeeper] DEBUG [N/A] [N/A] com.zaxxer.hikari.pool.HikariPool - HikariPool-1 - Fill pool skipped, pool has sufficient level or currently being filled.
2026-03-23 14:55:14.935 [HikariPool-1 housekeeper] DEBUG [N/A] [N/A] com.zaxxer.hikari.pool.HikariPool - HikariPool-1 - Before cleanup stats (total=5, active=0, idle=5, waiting=0)
2026-03-23 14:55:14.937 [HikariPool-1 housekeeper] DEBUG [N/A] [N/A] com.zaxxer.hikari.pool.HikariPool - HikariPool-1 - After cleanup  stats (total=5, active=0, idle=5, waiting=0)
2026-03-23 14:55:14.937 [HikariPool-1 housekeeper] DEBUG [N/A] [N/A] com.zaxxer.hikari.pool.HikariPool - HikariPool-1 - Fill pool skipped, pool has sufficient level or currently being filled.
2026-03-23 14:55:44.942 [HikariPool-1 housekeeper] DEBUG [N/A] [N/A] com.zaxxer.hikari.pool.HikariPool - HikariPool-1 - Before cleanup stats (total=5, active=0, idle=5, waiting=0)
2026-03-23 14:55:44.943 [HikariPool-1 housekeeper] DEBUG [N/A] [N/A] com.zaxxer.hikari.pool.HikariPool - HikariPool-1 - After cleanup  stats (total=5, active=0, idle=5, waiting=0)
2026-03-23 14:55:44.943 [HikariPool-1 housekeeper] DEBUG [N/A] [N/A] com.zaxxer.hikari.pool.HikariPool - HikariPool-1 - Fill pool skipped, pool has sufficient level or currently being filled.
2026-03-23 14:56:14.948 [HikariPool-1 housekeeper] DEBUG [N/A] [N/A] com.zaxxer.hikari.pool.HikariPool - HikariPool-1 - Before cleanup stats (total=5, active=0, idle=5, waiting=0)
2026-03-23 14:56:14.950 [HikariPool-1 housekeeper] DEBUG [N/A] [N/A] com.zaxxer.hikari.pool.HikariPool - HikariPool-1 - After cleanup  stats (total=5, active=0, idle=5, waiting=0)
2026-03-23 14:56:14.950 [HikariPool-1 housekeeper] DEBUG [N/A] [N/A] com.zaxxer.hikari.pool.HikariPool - HikariPool-1 - Fill pool skipped, pool has sufficient level or currently being filled.
2026-03-23 14:56:44.955 [HikariPool-1 housekeeper] DEBUG [N/A] [N/A] com.zaxxer.hikari.pool.HikariPool - HikariPool-1 - Before cleanup stats (total=5, active=0, idle=5, waiting=0)
2026-03-23 14:56:44.956 [HikariPool-1 housekeeper] DEBUG [N/A] [N/A] com.zaxxer.hikari.pool.HikariPool - HikariPool-1 - After cleanup  stats (total=5, active=0, idle=5, waiting=0)
2026-03-23 14:56:44.957 [HikariPool-1 housekeeper] DEBUG [N/A] [N/A] com.zaxxer.hikari.pool.HikariPool - HikariPool-1 - Fill pool skipped, pool has sufficient level or currently being filled.
2026-03-23 14:57:14.962 [HikariPool-1 housekeeper] DEBUG [N/A] [N/A] com.zaxxer.hikari.pool.HikariPool - HikariPool-1 - Before cleanup stats (total=5, active=0, idle=5, waiting=0)
2026-03-23 14:57:14.962 [HikariPool-1 housekeeper] DEBUG [N/A] [N/A] com.zaxxer.hikari.pool.HikariPool - HikariPool-1 - After cleanup  stats (total=5, active=0, idle=5, waiting=0)
2026-03-23 14:57:14.962 [HikariPool-1 housekeeper] DEBUG [N/A] [N/A] com.zaxxer.hikari.pool.HikariPool - HikariPool-1 - Fill pool skipped, pool has sufficient level or currently being filled.
2026-03-23 14:57:44.967 [HikariPool-1 housekeeper] DEBUG [N/A] [N/A] com.zaxxer.hikari.pool.HikariPool - HikariPool-1 - Before cleanup stats (total=5, active=0, idle=5, waiting=0)
2026-03-23 14:57:44.967 [HikariPool-1 housekeeper] DEBUG [N/A] [N/A] com.zaxxer.hikari.pool.HikariPool - HikariPool-1 - After cleanup  stats (total=5, active=0, idle=5, waiting=0)
2026-03-23 14:57:44.967 [HikariPool-1 housekeeper] DEBUG [N/A] [N/A] com.zaxxer.hikari.pool.HikariPool - HikariPool-1 - Fill pool skipped, pool has sufficient level or currently being filled.
2026-03-23 14:58:00.422 [HikariPool-1 connection closer] DEBUG [N/A] [N/A] com.zaxxer.hikari.pool.PoolBase - HikariPool-1 - Closing connection org.postgresql.jdbc.PgConnection@2891743d: (connection has passed maxLifetime)
2026-03-23 14:58:00.925 [HikariPool-1 connection adder] DEBUG [N/A] [N/A] com.zaxxer.hikari.pool.HikariPool - HikariPool-1 - Added connection org.postgresql.jdbc.PgConnection@7f9decdf
2026-03-23 14:58:00.959 [HikariPool-1 connection adder] DEBUG [N/A] [N/A] com.zaxxer.hikari.pool.HikariPool - HikariPool-1 - Connection not added, stats (total=5, active=0, idle=5, waiting=0)
2026-03-23 14:58:14.972 [HikariPool-1 housekeeper] DEBUG [N/A] [N/A] com.zaxxer.hikari.pool.HikariPool - HikariPool-1 - Before cleanup stats (total=5, active=0, idle=5, waiting=0)
2026-03-23 14:58:14.972 [HikariPool-1 housekeeper] DEBUG [N/A] [N/A] com.zaxxer.hikari.pool.HikariPool - HikariPool-1 - After cleanup  stats (total=5, active=0, idle=5, waiting=0)
2026-03-23 14:58:14.972 [HikariPool-1 housekeeper] DEBUG [N/A] [N/A] com.zaxxer.hikari.pool.HikariPool - HikariPool-1 - Fill pool skipped, pool has sufficient level or currently being filled.
2026-03-23 14:58:22.463 [HikariPool-1 connection closer] DEBUG [N/A] [N/A] com.zaxxer.hikari.pool.PoolBase - HikariPool-1 - Closing connection org.postgresql.jdbc.PgConnection@113d0f75: (connection has passed maxLifetime)
2026-03-23 14:58:22.769 [HikariPool-1 connection adder] DEBUG [N/A] [N/A] com.zaxxer.hikari.pool.HikariPool - HikariPool-1 - Added connection org.postgresql.jdbc.PgConnection@468d0161
2026-03-23 14:58:22.804 [HikariPool-1 connection adder] DEBUG [N/A] [N/A] com.zaxxer.hikari.pool.HikariPool - HikariPool-1 - Connection not added, stats (total=5, active=0, idle=5, waiting=0)
2026-03-23 14:58:36.440 [HikariPool-1 connection closer] DEBUG [N/A] [N/A] com.zaxxer.hikari.pool.PoolBase - HikariPool-1 - Closing connection org.postgresql.jdbc.PgConnection@676b8564: (connection has passed maxLifetime)
2026-03-23 14:58:36.647 [HikariPool-1 connection adder] DEBUG [N/A] [N/A] com.zaxxer.hikari.pool.HikariPool - HikariPool-1 - Added connection org.postgresql.jdbc.PgConnection@6a65f362
2026-03-23 14:58:36.678 [HikariPool-1 connection adder] DEBUG [N/A] [N/A] com.zaxxer.hikari.pool.HikariPool - HikariPool-1 - Connection not added, stats (total=5, active=0, idle=5, waiting=0)
2026-03-23 14:58:41.656 [HikariPool-1 connection closer] DEBUG [N/A] [N/A] com.zaxxer.hikari.pool.PoolBase - HikariPool-1 - Closing connection org.postgresql.jdbc.PgConnection@26568f5f: (connection has passed maxLifetime)
2026-03-23 14:58:41.898 [HikariPool-1 connection adder] DEBUG [N/A] [N/A] com.zaxxer.hikari.pool.HikariPool - HikariPool-1 - Added connection org.postgresql.jdbc.PgConnection@64a2105e
2026-03-23 14:58:41.930 [HikariPool-1 connection adder] DEBUG [N/A] [N/A] com.zaxxer.hikari.pool.HikariPool - HikariPool-1 - Connection not added, stats (total=5, active=0, idle=5, waiting=0)
2026-03-23 14:58:43.360 [HikariPool-1 connection closer] DEBUG [N/A] [N/A] com.zaxxer.hikari.pool.PoolBase - HikariPool-1 - Closing connection org.postgresql.jdbc.PgConnection@22691f4d: (connection has passed maxLifetime)
2026-03-23 14:58:43.637 [HikariPool-1 connection adder] DEBUG [N/A] [N/A] com.zaxxer.hikari.pool.HikariPool - HikariPool-1 - Added connection org.postgresql.jdbc.PgConnection@609d9812
2026-03-23 14:58:43.672 [HikariPool-1 connection adder] DEBUG [N/A] [N/A] com.zaxxer.hikari.pool.HikariPool - HikariPool-1 - Connection not added, stats (total=5, active=0, idle=5, waiting=0)
2026-03-23 14:58:44.977 [HikariPool-1 housekeeper] DEBUG [N/A] [N/A] com.zaxxer.hikari.pool.HikariPool - HikariPool-1 - Before cleanup stats (total=5, active=0, idle=5, waiting=0)
2026-03-23 14:58:44.978 [HikariPool-1 housekeeper] DEBUG [N/A] [N/A] com.zaxxer.hikari.pool.HikariPool - HikariPool-1 - After cleanup  stats (total=5, active=0, idle=5, waiting=0)
2026-03-23 14:58:44.978 [HikariPool-1 housekeeper] DEBUG [N/A] [N/A] com.zaxxer.hikari.pool.HikariPool - HikariPool-1 - Fill pool skipped, pool has sufficient level or currently being filled.
2026-03-23 14:59:14.980 [HikariPool-1 housekeeper] DEBUG [N/A] [N/A] com.zaxxer.hikari.pool.HikariPool - HikariPool-1 - Before cleanup stats (total=5, active=0, idle=5, waiting=0)
2026-03-23 14:59:14.981 [HikariPool-1 housekeeper] DEBUG [N/A] [N/A] com.zaxxer.hikari.pool.HikariPool - HikariPool-1 - After cleanup  stats (total=5, active=0, idle=5, waiting=0)
2026-03-23 14:59:14.983 [HikariPool-1 housekeeper] DEBUG [N/A] [N/A] com.zaxxer.hikari.pool.HikariPool - HikariPool-1 - Fill pool skipped, pool has sufficient level or currently being filled.
2026-03-23 14:59:44.987 [HikariPool-1 housekeeper] DEBUG [N/A] [N/A] com.zaxxer.hikari.pool.HikariPool - HikariPool-1 - Before cleanup stats (total=5, active=0, idle=5, waiting=0)
2026-03-23 14:59:44.987 [HikariPool-1 housekeeper] DEBUG [N/A] [N/A] com.zaxxer.hikari.pool.HikariPool - HikariPool-1 - After cleanup  stats (total=5, active=0, idle=5, waiting=0)
2026-03-23 14:59:44.988 [HikariPool-1 housekeeper] DEBUG [N/A] [N/A] com.zaxxer.hikari.pool.HikariPool - HikariPool-1 - Fill pool skipped, pool has sufficient level or currently being filled.
2026-03-23 15:00:14.992 [HikariPool-1 housekeeper] DEBUG [N/A] [N/A] com.zaxxer.hikari.pool.HikariPool - HikariPool-1 - Before cleanup stats (total=5, active=0, idle=5, waiting=0)
2026-03-23 15:00:14.993 [HikariPool-1 housekeeper] DEBUG [N/A] [N/A] com.zaxxer.hikari.pool.HikariPool - HikariPool-1 - After cleanup  stats (total=5, active=0, idle=5, waiting=0)
2026-03-23 15:00:14.993 [HikariPool-1 housekeeper] DEBUG [N/A] [N/A] com.zaxxer.hikari.pool.HikariPool - HikariPool-1 - Fill pool skipped, pool has sufficient level or currently being filled.
2026-03-23 15:00:44.995 [HikariPool-1 housekeeper] DEBUG [N/A] [N/A] com.zaxxer.hikari.pool.HikariPool - HikariPool-1 - Before cleanup stats (total=5, active=0, idle=5, waiting=0)
2026-03-23 15:00:44.995 [HikariPool-1 housekeeper] DEBUG [N/A] [N/A] com.zaxxer.hikari.pool.HikariPool - HikariPool-1 - After cleanup  stats (total=5, active=0, idle=5, waiting=0)
2026-03-23 15:00:44.996 [HikariPool-1 housekeeper] DEBUG [N/A] [N/A] com.zaxxer.hikari.pool.HikariPool - HikariPool-1 - Fill pool skipped, pool has sufficient level or currently being filled.
2026-03-23 15:01:15.000 [HikariPool-1 housekeeper] DEBUG [N/A] [N/A] com.zaxxer.hikari.pool.HikariPool - HikariPool-1 - Before cleanup stats (total=5, active=0, idle=5, waiting=0)
2026-03-23 15:01:15.000 [HikariPool-1 housekeeper] DEBUG [N/A] [N/A] com.zaxxer.hikari.pool.HikariPool - HikariPool-1 - After cleanup  stats (total=5, active=0, idle=5, waiting=0)
2026-03-23 15:01:15.000 [HikariPool-1 housekeeper] DEBUG [N/A] [N/A] com.zaxxer.hikari.pool.HikariPool - HikariPool-1 - Fill pool skipped, pool has sufficient level or currently being filled.
2026-03-23 15:01:45.005 [HikariPool-1 housekeeper] DEBUG [N/A] [N/A] com.zaxxer.hikari.pool.HikariPool - HikariPool-1 - Before cleanup stats (total=5, active=0, idle=5, waiting=0)
2026-03-23 15:01:45.006 [HikariPool-1 housekeeper] DEBUG [N/A] [N/A] com.zaxxer.hikari.pool.HikariPool - HikariPool-1 - After cleanup  stats (total=5, active=0, idle=5, waiting=0)
2026-03-23 15:01:45.007 [HikariPool-1 housekeeper] DEBUG [N/A] [N/A] com.zaxxer.hikari.pool.HikariPool - HikariPool-1 - Fill pool skipped, pool has sufficient level or currently being filled.
2026-03-23 15:02:15.010 [HikariPool-1 housekeeper] DEBUG [N/A] [N/A] com.zaxxer.hikari.pool.HikariPool - HikariPool-1 - Before cleanup stats (total=5, active=0, idle=5, waiting=0)
2026-03-23 15:02:15.011 [HikariPool-1 housekeeper] DEBUG [N/A] [N/A] com.zaxxer.hikari.pool.HikariPool - HikariPool-1 - After cleanup  stats (total=5, active=0, idle=5, waiting=0)
2026-03-23 15:02:15.011 [HikariPool-1 housekeeper] DEBUG [N/A] [N/A] com.zaxxer.hikari.pool.HikariPool - HikariPool-1 - Fill pool skipped, pool has sufficient level or currently being filled.
2026-03-23 15:02:45.111 [HikariPool-1 housekeeper] DEBUG [N/A] [N/A] com.zaxxer.hikari.pool.HikariPool - HikariPool-1 - Before cleanup stats (total=5, active=0, idle=5, waiting=0)
2026-03-23 15:02:45.111 [HikariPool-1 housekeeper] DEBUG [N/A] [N/A] com.zaxxer.hikari.pool.HikariPool - HikariPool-1 - After cleanup  stats (total=5, active=0, idle=5, waiting=0)
2026-03-23 15:02:45.111 [HikariPool-1 housekeeper] DEBUG [N/A] [N/A] com.zaxxer.hikari.pool.HikariPool - HikariPool-1 - Fill pool skipped, pool has sufficient level or currently being filled.
2026-03-23 15:03:15.113 [HikariPool-1 housekeeper] DEBUG [N/A] [N/A] com.zaxxer.hikari.pool.HikariPool - HikariPool-1 - Before cleanup stats (total=5, active=0, idle=5, waiting=0)
2026-03-23 15:03:15.115 [HikariPool-1 housekeeper] DEBUG [N/A] [N/A] com.zaxxer.hikari.pool.HikariPool - HikariPool-1 - After cleanup  stats (total=5, active=0, idle=5, waiting=0)
2026-03-23 15:03:15.115 [HikariPool-1 housekeeper] DEBUG [N/A] [N/A] com.zaxxer.hikari.pool.HikariPool - HikariPool-1 - Fill pool skipped, pool has sufficient level or currently being filled.
2026-03-23 15:03:45.119 [HikariPool-1 housekeeper] DEBUG [N/A] [N/A] com.zaxxer.hikari.pool.HikariPool - HikariPool-1 - Before cleanup stats (total=5, active=0, idle=5, waiting=0)
2026-03-23 15:03:45.120 [HikariPool-1 housekeeper] DEBUG [N/A] [N/A] com.zaxxer.hikari.pool.HikariPool - HikariPool-1 - After cleanup  stats (total=5, active=0, idle=5, waiting=0)
2026-03-23 15:03:45.120 [HikariPool-1 housekeeper] DEBUG [N/A] [N/A] com.zaxxer.hikari.pool.HikariPool - HikariPool-1 - Fill pool skipped, pool has sufficient level or currently being filled.
2026-03-23 15:04:15.125 [HikariPool-1 housekeeper] DEBUG [N/A] [N/A] com.zaxxer.hikari.pool.HikariPool - HikariPool-1 - Before cleanup stats (total=5, active=0, idle=5, waiting=0)
2026-03-23 15:04:15.127 [HikariPool-1 housekeeper] DEBUG [N/A] [N/A] com.zaxxer.hikari.pool.HikariPool - HikariPool-1 - After cleanup  stats (total=5, active=0, idle=5, waiting=0)
2026-03-23 15:04:15.127 [HikariPool-1 housekeeper] DEBUG [N/A] [N/A] com.zaxxer.hikari.pool.HikariPool - HikariPool-1 - Fill pool skipped, pool has sufficient level or currently being filled.
2026-03-23 15:04:45.132 [HikariPool-1 housekeeper] DEBUG [N/A] [N/A] com.zaxxer.hikari.pool.HikariPool - HikariPool-1 - Before cleanup stats (total=5, active=0, idle=5, waiting=0)
2026-03-23 15:04:45.134 [HikariPool-1 housekeeper] DEBUG [N/A] [N/A] com.zaxxer.hikari.pool.HikariPool - HikariPool-1 - After cleanup  stats (total=5, active=0, idle=5, waiting=0)
2026-03-23 15:04:45.134 [HikariPool-1 housekeeper] DEBUG [N/A] [N/A] com.zaxxer.hikari.pool.HikariPool - HikariPool-1 - Fill pool skipped, pool has sufficient level or currently being filled.
2026-03-23 15:05:15.141 [HikariPool-1 housekeeper] DEBUG [N/A] [N/A] com.zaxxer.hikari.pool.HikariPool - HikariPool-1 - Before cleanup stats (total=5, active=0, idle=5, waiting=0)
2026-03-23 15:05:15.143 [HikariPool-1 housekeeper] DEBUG [N/A] [N/A] com.zaxxer.hikari.pool.HikariPool - HikariPool-1 - After cleanup  stats (total=5, active=0, idle=5, waiting=0)
2026-03-23 15:05:15.143 [HikariPool-1 housekeeper] DEBUG [N/A] [N/A] com.zaxxer.hikari.pool.HikariPool - HikariPool-1 - Fill pool skipped, pool has sufficient level or currently being filled.
2026-03-23 15:05:45.147 [HikariPool-1 housekeeper] DEBUG [N/A] [N/A] com.zaxxer.hikari.pool.HikariPool - HikariPool-1 - Before cleanup stats (total=5, active=0, idle=5, waiting=0)
2026-03-23 15:05:45.147 [HikariPool-1 housekeeper] DEBUG [N/A] [N/A] com.zaxxer.hikari.pool.HikariPool - HikariPool-1 - After cleanup  stats (total=5, active=0, idle=5, waiting=0)
2026-03-23 15:05:45.147 [HikariPool-1 housekeeper] DEBUG [N/A] [N/A] com.zaxxer.hikari.pool.HikariPool - HikariPool-1 - Fill pool skipped, pool has sufficient level or currently being filled.
2026-03-23 15:06:15.151 [HikariPool-1 housekeeper] DEBUG [N/A] [N/A] com.zaxxer.hikari.pool.HikariPool - HikariPool-1 - Before cleanup stats (total=5, active=0, idle=5, waiting=0)
2026-03-23 15:06:15.151 [HikariPool-1 housekeeper] DEBUG [N/A] [N/A] com.zaxxer.hikari.pool.HikariPool - HikariPool-1 - After cleanup  stats (total=5, active=0, idle=5, waiting=0)
2026-03-23 15:06:15.151 [HikariPool-1 housekeeper] DEBUG [N/A] [N/A] com.zaxxer.hikari.pool.HikariPool - HikariPool-1 - Fill pool skipped, pool has sufficient level or currently being filled.
2026-03-23 15:06:45.152 [HikariPool-1 housekeeper] DEBUG [N/A] [N/A] com.zaxxer.hikari.pool.HikariPool - HikariPool-1 - Before cleanup stats (total=5, active=0, idle=5, waiting=0)
2026-03-23 15:06:45.152 [HikariPool-1 housekeeper] DEBUG [N/A] [N/A] com.zaxxer.hikari.pool.HikariPool - HikariPool-1 - After cleanup  stats (total=5, active=0, idle=5, waiting=0)
2026-03-23 15:06:45.152 [HikariPool-1 housekeeper] DEBUG [N/A] [N/A] com.zaxxer.hikari.pool.HikariPool - HikariPool-1 - Fill pool skipped, pool has sufficient level or currently being filled.
2026-03-23 15:07:15.158 [HikariPool-1 housekeeper] DEBUG [N/A] [N/A] com.zaxxer.hikari.pool.HikariPool - HikariPool-1 - Before cleanup stats (total=5, active=0, idle=5, waiting=0)
2026-03-23 15:07:15.158 [HikariPool-1 housekeeper] DEBUG [N/A] [N/A] com.zaxxer.hikari.pool.HikariPool - HikariPool-1 - After cleanup  stats (total=5, active=0, idle=5, waiting=0)
2026-03-23 15:07:15.158 [HikariPool-1 housekeeper] DEBUG [N/A] [N/A] com.zaxxer.hikari.pool.HikariPool - HikariPool-1 - Fill pool skipped, pool has sufficient level or currently being filled.
2026-03-23 15:07:45.161 [HikariPool-1 housekeeper] DEBUG [N/A] [N/A] com.zaxxer.hikari.pool.HikariPool - HikariPool-1 - Before cleanup stats (total=5, active=0, idle=5, waiting=0)
2026-03-23 15:07:45.161 [HikariPool-1 housekeeper] DEBUG [N/A] [N/A] com.zaxxer.hikari.pool.HikariPool - HikariPool-1 - After cleanup  stats (total=5, active=0, idle=5, waiting=0)
2026-03-23 15:07:45.161 [HikariPool-1 housekeeper] DEBUG [N/A] [N/A] com.zaxxer.hikari.pool.HikariPool - HikariPool-1 - Fill pool skipped, pool has sufficient level or currently being filled.
2026-03-23 15:08:15.165 [HikariPool-1 housekeeper] DEBUG [N/A] [N/A] com.zaxxer.hikari.pool.HikariPool - HikariPool-1 - Before cleanup stats (total=5, active=0, idle=5, waiting=0)
2026-03-23 15:08:15.166 [HikariPool-1 housekeeper] DEBUG [N/A] [N/A] com.zaxxer.hikari.pool.HikariPool - HikariPool-1 - After cleanup  stats (total=5, active=0, idle=5, waiting=0)
2026-03-23 15:08:15.166 [HikariPool-1 housekeeper] DEBUG [N/A] [N/A] com.zaxxer.hikari.pool.HikariPool - HikariPool-1 - Fill pool skipped, pool has sufficient level or currently being filled.
2026-03-23 15:08:45.172 [HikariPool-1 housekeeper] DEBUG [N/A] [N/A] com.zaxxer.hikari.pool.HikariPool - HikariPool-1 - Before cleanup stats (total=5, active=0, idle=5, waiting=0)
2026-03-23 15:08:45.172 [HikariPool-1 housekeeper] DEBUG [N/A] [N/A] com.zaxxer.hikari.pool.HikariPool - HikariPool-1 - After cleanup  stats (total=5, active=0, idle=5, waiting=0)
2026-03-23 15:08:45.172 [HikariPool-1 housekeeper] DEBUG [N/A] [N/A] com.zaxxer.hikari.pool.HikariPool - HikariPool-1 - Fill pool skipped, pool has sufficient level or currently being filled.
2026-03-23 15:09:15.177 [HikariPool-1 housekeeper] DEBUG [N/A] [N/A] com.zaxxer.hikari.pool.HikariPool - HikariPool-1 - Before cleanup stats (total=5, active=0, idle=5, waiting=0)
2026-03-23 15:09:15.178 [HikariPool-1 housekeeper] DEBUG [N/A] [N/A] com.zaxxer.hikari.pool.HikariPool - HikariPool-1 - After cleanup  stats (total=5, active=0, idle=5, waiting=0)
2026-03-23 15:09:15.178 [HikariPool-1 housekeeper] DEBUG [N/A] [N/A] com.zaxxer.hikari.pool.HikariPool - HikariPool-1 - Fill pool skipped, pool has sufficient level or currently being filled.
2026-03-23 15:09:45.183 [HikariPool-1 housekeeper] DEBUG [N/A] [N/A] com.zaxxer.hikari.pool.HikariPool - HikariPool-1 - Before cleanup stats (total=5, active=0, idle=5, waiting=0)
2026-03-23 15:09:45.184 [HikariPool-1 housekeeper] DEBUG [N/A] [N/A] com.zaxxer.hikari.pool.HikariPool - HikariPool-1 - After cleanup  stats (total=5, active=0, idle=5, waiting=0)
2026-03-23 15:09:45.184 [HikariPool-1 housekeeper] DEBUG [N/A] [N/A] com.zaxxer.hikari.pool.HikariPool - HikariPool-1 - Fill pool skipped, pool has sufficient level or currently being filled.
2026-03-23 15:10:15.188 [HikariPool-1 housekeeper] DEBUG [N/A] [N/A] com.zaxxer.hikari.pool.HikariPool - HikariPool-1 - Before cleanup stats (total=5, active=0, idle=5, waiting=0)
2026-03-23 15:10:15.188 [HikariPool-1 housekeeper] DEBUG [N/A] [N/A] com.zaxxer.hikari.pool.HikariPool - HikariPool-1 - After cleanup  stats (total=5, active=0, idle=5, waiting=0)
2026-03-23 15:10:15.188 [HikariPool-1 housekeeper] DEBUG [N/A] [N/A] com.zaxxer.hikari.pool.HikariPool - HikariPool-1 - Fill pool skipped, pool has sufficient level or currently being filled.
2026-03-23 15:10:45.193 [HikariPool-1 housekeeper] DEBUG [N/A] [N/A] com.zaxxer.hikari.pool.HikariPool - HikariPool-1 - Before cleanup stats (total=5, active=0, idle=5, waiting=0)
2026-03-23 15:10:45.194 [HikariPool-1 housekeeper] DEBUG [N/A] [N/A] com.zaxxer.hikari.pool.HikariPool - HikariPool-1 - After cleanup  stats (total=5, active=0, idle=5, waiting=0)
2026-03-23 15:10:45.194 [HikariPool-1 housekeeper] DEBUG [N/A] [N/A] com.zaxxer.hikari.pool.HikariPool - HikariPool-1 - Fill pool skipped, pool has sufficient level or currently being filled.
2026-03-23 15:11:15.198 [HikariPool-1 housekeeper] DEBUG [N/A] [N/A] com.zaxxer.hikari.pool.HikariPool - HikariPool-1 - Before cleanup stats (total=5, active=0, idle=5, waiting=0)
2026-03-23 15:11:15.198 [HikariPool-1 housekeeper] DEBUG [N/A] [N/A] com.zaxxer.hikari.pool.HikariPool - HikariPool-1 - After cleanup  stats (total=5, active=0, idle=5, waiting=0)
2026-03-23 15:11:15.198 [HikariPool-1 housekeeper] DEBUG [N/A] [N/A] com.zaxxer.hikari.pool.HikariPool - HikariPool-1 - Fill pool skipped, pool has sufficient level or currently being filled.
2026-03-23 15:11:45.204 [HikariPool-1 housekeeper] DEBUG [N/A] [N/A] com.zaxxer.hikari.pool.HikariPool - HikariPool-1 - Before cleanup stats (total=5, active=0, idle=5, waiting=0)
2026-03-23 15:11:45.206 [HikariPool-1 housekeeper] DEBUG [N/A] [N/A] com.zaxxer.hikari.pool.HikariPool - HikariPool-1 - After cleanup  stats (total=5, active=0, idle=5, waiting=0)
2026-03-23 15:11:45.206 [HikariPool-1 housekeeper] DEBUG [N/A] [N/A] com.zaxxer.hikari.pool.HikariPool - HikariPool-1 - Fill pool skipped, pool has sufficient level or currently being filled.
2026-03-23 15:12:15.211 [HikariPool-1 housekeeper] DEBUG [N/A] [N/A] com.zaxxer.hikari.pool.HikariPool - HikariPool-1 - Before cleanup stats (total=5, active=0, idle=5, waiting=0)
2026-03-23 15:12:15.213 [HikariPool-1 housekeeper] DEBUG [N/A] [N/A] com.zaxxer.hikari.pool.HikariPool - HikariPool-1 - After cleanup  stats (total=5, active=0, idle=5, waiting=0)
2026-03-23 15:12:15.213 [HikariPool-1 housekeeper] DEBUG [N/A] [N/A] com.zaxxer.hikari.pool.HikariPool - HikariPool-1 - Fill pool skipped, pool has sufficient level or currently being filled.
2026-03-23 15:12:45.215 [HikariPool-1 housekeeper] DEBUG [N/A] [N/A] com.zaxxer.hikari.pool.HikariPool - HikariPool-1 - Before cleanup stats (total=5, active=0, idle=5, waiting=0)
2026-03-23 15:12:45.217 [HikariPool-1 housekeeper] DEBUG [N/A] [N/A] com.zaxxer.hikari.pool.HikariPool - HikariPool-1 - After cleanup  stats (total=5, active=0, idle=5, waiting=0)
2026-03-23 15:12:45.217 [HikariPool-1 housekeeper] DEBUG [N/A] [N/A] com.zaxxer.hikari.pool.HikariPool - HikariPool-1 - Fill pool skipped, pool has sufficient level or currently being filled.
2026-03-23 15:13:15.223 [HikariPool-1 housekeeper] DEBUG [N/A] [N/A] com.zaxxer.hikari.pool.HikariPool - HikariPool-1 - Before cleanup stats (total=5, active=0, idle=5, waiting=0)
2026-03-23 15:13:15.225 [HikariPool-1 housekeeper] DEBUG [N/A] [N/A] com.zaxxer.hikari.pool.HikariPool - HikariPool-1 - After cleanup  stats (total=5, active=0, idle=5, waiting=0)
2026-03-23 15:13:15.225 [HikariPool-1 housekeeper] DEBUG [N/A] [N/A] com.zaxxer.hikari.pool.HikariPool - HikariPool-1 - Fill pool skipped, pool has sufficient level or currently being filled.
2026-03-23 15:13:45.226 [HikariPool-1 housekeeper] DEBUG [N/A] [N/A] com.zaxxer.hikari.pool.HikariPool - HikariPool-1 - Before cleanup stats (total=5, active=0, idle=5, waiting=0)
2026-03-23 15:13:45.227 [HikariPool-1 housekeeper] DEBUG [N/A] [N/A] com.zaxxer.hikari.pool.HikariPool - HikariPool-1 - After cleanup  stats (total=5, active=0, idle=5, waiting=0)
2026-03-23 15:13:45.227 [HikariPool-1 housekeeper] DEBUG [N/A] [N/A] com.zaxxer.hikari.pool.HikariPool - HikariPool-1 - Fill pool skipped, pool has sufficient level or currently being filled.
2026-03-23 15:14:15.232 [HikariPool-1 housekeeper] DEBUG [N/A] [N/A] com.zaxxer.hikari.pool.HikariPool - HikariPool-1 - Before cleanup stats (total=5, active=0, idle=5, waiting=0)
2026-03-23 15:14:15.236 [HikariPool-1 housekeeper] DEBUG [N/A] [N/A] com.zaxxer.hikari.pool.HikariPool - HikariPool-1 - After cleanup  stats (total=5, active=0, idle=5, waiting=0)
2026-03-23 15:14:15.237 [HikariPool-1 housekeeper] DEBUG [N/A] [N/A] com.zaxxer.hikari.pool.HikariPool - HikariPool-1 - Fill pool skipped, pool has sufficient level or currently being filled.
2026-03-23 15:14:45.242 [HikariPool-1 housekeeper] DEBUG [N/A] [N/A] com.zaxxer.hikari.pool.HikariPool - HikariPool-1 - Before cleanup stats (total=5, active=0, idle=5, waiting=0)
2026-03-23 15:14:45.243 [HikariPool-1 housekeeper] DEBUG [N/A] [N/A] com.zaxxer.hikari.pool.HikariPool - HikariPool-1 - After cleanup  stats (total=5, active=0, idle=5, waiting=0)
2026-03-23 15:14:45.243 [HikariPool-1 housekeeper] DEBUG [N/A] [N/A] com.zaxxer.hikari.pool.HikariPool - HikariPool-1 - Fill pool skipped, pool has sufficient level or currently being filled.
2026-03-23 15:15:15.249 [HikariPool-1 housekeeper] DEBUG [N/A] [N/A] com.zaxxer.hikari.pool.HikariPool - HikariPool-1 - Before cleanup stats (total=5, active=0, idle=5, waiting=0)
2026-03-23 15:15:15.249 [HikariPool-1 housekeeper] DEBUG [N/A] [N/A] com.zaxxer.hikari.pool.HikariPool - HikariPool-1 - After cleanup  stats (total=5, active=0, idle=5, waiting=0)
2026-03-23 15:15:15.249 [HikariPool-1 housekeeper] DEBUG [N/A] [N/A] com.zaxxer.hikari.pool.HikariPool - HikariPool-1 - Fill pool skipped, pool has sufficient level or currently being filled.
2026-03-23 15:15:45.255 [HikariPool-1 housekeeper] DEBUG [N/A] [N/A] com.zaxxer.hikari.pool.HikariPool - HikariPool-1 - Before cleanup stats (total=5, active=0, idle=5, waiting=0)
2026-03-23 15:15:45.256 [HikariPool-1 housekeeper] DEBUG [N/A] [N/A] com.zaxxer.hikari.pool.HikariPool - HikariPool-1 - After cleanup  stats (total=5, active=0, idle=5, waiting=0)
2026-03-23 15:15:45.256 [HikariPool-1 housekeeper] DEBUG [N/A] [N/A] com.zaxxer.hikari.pool.HikariPool - HikariPool-1 - Fill pool skipped, pool has sufficient level or currently being filled.
2026-03-23 15:16:15.259 [HikariPool-1 housekeeper] DEBUG [N/A] [N/A] com.zaxxer.hikari.pool.HikariPool - HikariPool-1 - Before cleanup stats (total=5, active=0, idle=5, waiting=0)
2026-03-23 15:16:15.260 [HikariPool-1 housekeeper] DEBUG [N/A] [N/A] com.zaxxer.hikari.pool.HikariPool - HikariPool-1 - After cleanup  stats (total=5, active=0, idle=5, waiting=0)
2026-03-23 15:16:15.260 [HikariPool-1 housekeeper] DEBUG [N/A] [N/A] com.zaxxer.hikari.pool.HikariPool - HikariPool-1 - Fill pool skipped, pool has sufficient level or currently being filled.
2026-03-23 15:16:45.262 [HikariPool-1 housekeeper] DEBUG [N/A] [N/A] com.zaxxer.hikari.pool.HikariPool - HikariPool-1 - Before cleanup stats (total=5, active=0, idle=5, waiting=0)
2026-03-23 15:16:45.263 [HikariPool-1 housekeeper] DEBUG [N/A] [N/A] com.zaxxer.hikari.pool.HikariPool - HikariPool-1 - After cleanup  stats (total=5, active=0, idle=5, waiting=0)
2026-03-23 15:16:45.263 [HikariPool-1 housekeeper] DEBUG [N/A] [N/A] com.zaxxer.hikari.pool.HikariPool - HikariPool-1 - Fill pool skipped, pool has sufficient level or currently being filled.
2026-03-23 15:17:15.264 [HikariPool-1 housekeeper] DEBUG [N/A] [N/A] com.zaxxer.hikari.pool.HikariPool - HikariPool-1 - Before cleanup stats (total=5, active=0, idle=5, waiting=0)
2026-03-23 15:17:15.265 [HikariPool-1 housekeeper] DEBUG [N/A] [N/A] com.zaxxer.hikari.pool.HikariPool - HikariPool-1 - After cleanup  stats (total=5, active=0, idle=5, waiting=0)
2026-03-23 15:17:15.266 [HikariPool-1 housekeeper] DEBUG [N/A] [N/A] com.zaxxer.hikari.pool.HikariPool - HikariPool-1 - Fill pool skipped, pool has sufficient level or currently being filled.
2026-03-23 15:17:45.261 [HikariPool-1 housekeeper] DEBUG [N/A] [N/A] com.zaxxer.hikari.pool.HikariPool - HikariPool-1 - Before cleanup stats (total=5, active=0, idle=5, waiting=0)
2026-03-23 15:17:45.261 [HikariPool-1 housekeeper] DEBUG [N/A] [N/A] com.zaxxer.hikari.pool.HikariPool - HikariPool-1 - After cleanup  stats (total=5, active=0, idle=5, waiting=0)
2026-03-23 15:17:45.262 [HikariPool-1 housekeeper] DEBUG [N/A] [N/A] com.zaxxer.hikari.pool.HikariPool - HikariPool-1 - Fill pool skipped, pool has sufficient level or currently being filled.
2026-03-23 15:18:15.265 [HikariPool-1 housekeeper] DEBUG [N/A] [N/A] com.zaxxer.hikari.pool.HikariPool - HikariPool-1 - Before cleanup stats (total=5, active=0, idle=5, waiting=0)
2026-03-23 15:18:15.265 [HikariPool-1 housekeeper] DEBUG [N/A] [N/A] com.zaxxer.hikari.pool.HikariPool - HikariPool-1 - After cleanup  stats (total=5, active=0, idle=5, waiting=0)
2026-03-23 15:18:15.265 [HikariPool-1 housekeeper] DEBUG [N/A] [N/A] com.zaxxer.hikari.pool.HikariPool - HikariPool-1 - Fill pool skipped, pool has sufficient level or currently being filled.
2026-03-23 15:18:45.270 [HikariPool-1 housekeeper] DEBUG [N/A] [N/A] com.zaxxer.hikari.pool.HikariPool - HikariPool-1 - Before cleanup stats (total=5, active=0, idle=5, waiting=0)
2026-03-23 15:18:45.270 [HikariPool-1 housekeeper] DEBUG [N/A] [N/A] com.zaxxer.hikari.pool.HikariPool - HikariPool-1 - After cleanup  stats (total=5, active=0, idle=5, waiting=0)
2026-03-23 15:18:45.272 [HikariPool-1 housekeeper] DEBUG [N/A] [N/A] com.zaxxer.hikari.pool.HikariPool - HikariPool-1 - Fill pool skipped, pool has sufficient level or currently being filled.
2026-03-23 15:19:15.276 [HikariPool-1 housekeeper] DEBUG [N/A] [N/A] com.zaxxer.hikari.pool.HikariPool - HikariPool-1 - Before cleanup stats (total=5, active=0, idle=5, waiting=0)
2026-03-23 15:19:15.277 [HikariPool-1 housekeeper] DEBUG [N/A] [N/A] com.zaxxer.hikari.pool.HikariPool - HikariPool-1 - After cleanup  stats (total=5, active=0, idle=5, waiting=0)
2026-03-23 15:19:15.277 [HikariPool-1 housekeeper] DEBUG [N/A] [N/A] com.zaxxer.hikari.pool.HikariPool - HikariPool-1 - Fill pool skipped, pool has sufficient level or currently being filled.
2026-03-23 15:19:45.280 [HikariPool-1 housekeeper] DEBUG [N/A] [N/A] com.zaxxer.hikari.pool.HikariPool - HikariPool-1 - Before cleanup stats (total=5, active=0, idle=5, waiting=0)
2026-03-23 15:19:45.280 [HikariPool-1 housekeeper] DEBUG [N/A] [N/A] com.zaxxer.hikari.pool.HikariPool - HikariPool-1 - After cleanup  stats (total=5, active=0, idle=5, waiting=0)
2026-03-23 15:19:45.282 [HikariPool-1 housekeeper] DEBUG [N/A] [N/A] com.zaxxer.hikari.pool.HikariPool - HikariPool-1 - Fill pool skipped, pool has sufficient level or currently being filled.
2026-03-23 15:20:15.287 [HikariPool-1 housekeeper] DEBUG [N/A] [N/A] com.zaxxer.hikari.pool.HikariPool - HikariPool-1 - Before cleanup stats (total=5, active=0, idle=5, waiting=0)
2026-03-23 15:20:15.288 [HikariPool-1 housekeeper] DEBUG [N/A] [N/A] com.zaxxer.hikari.pool.HikariPool - HikariPool-1 - After cleanup  stats (total=5, active=0, idle=5, waiting=0)
2026-03-23 15:20:15.288 [HikariPool-1 housekeeper] DEBUG [N/A] [N/A] com.zaxxer.hikari.pool.HikariPool - HikariPool-1 - Fill pool skipped, pool has sufficient level or currently being filled.
2026-03-23 15:20:45.291 [HikariPool-1 housekeeper] DEBUG [N/A] [N/A] com.zaxxer.hikari.pool.HikariPool - HikariPool-1 - Before cleanup stats (total=5, active=0, idle=5, waiting=0)
2026-03-23 15:20:45.292 [HikariPool-1 housekeeper] DEBUG [N/A] [N/A] com.zaxxer.hikari.pool.HikariPool - HikariPool-1 - After cleanup  stats (total=5, active=0, idle=5, waiting=0)
2026-03-23 15:20:45.292 [HikariPool-1 housekeeper] DEBUG [N/A] [N/A] com.zaxxer.hikari.pool.HikariPool - HikariPool-1 - Fill pool skipped, pool has sufficient level or currently being filled.
2026-03-23 15:21:15.297 [HikariPool-1 housekeeper] DEBUG [N/A] [N/A] com.zaxxer.hikari.pool.HikariPool - HikariPool-1 - Before cleanup stats (total=5, active=0, idle=5, waiting=0)
2026-03-23 15:21:15.299 [HikariPool-1 housekeeper] DEBUG [N/A] [N/A] com.zaxxer.hikari.pool.HikariPool - HikariPool-1 - After cleanup  stats (total=5, active=0, idle=5, waiting=0)
2026-03-23 15:21:15.300 [HikariPool-1 housekeeper] DEBUG [N/A] [N/A] com.zaxxer.hikari.pool.HikariPool - HikariPool-1 - Fill pool skipped, pool has sufficient level or currently being filled.
2026-03-23 15:21:45.302 [HikariPool-1 housekeeper] DEBUG [N/A] [N/A] com.zaxxer.hikari.pool.HikariPool - HikariPool-1 - Before cleanup stats (total=5, active=0, idle=5, waiting=0)
2026-03-23 15:21:45.304 [HikariPool-1 housekeeper] DEBUG [N/A] [N/A] com.zaxxer.hikari.pool.HikariPool - HikariPool-1 - After cleanup  stats (total=5, active=0, idle=5, waiting=0)
2026-03-23 15:21:45.304 [HikariPool-1 housekeeper] DEBUG [N/A] [N/A] com.zaxxer.hikari.pool.HikariPool - HikariPool-1 - Fill pool skipped, pool has sufficient level or currently being filled.
2026-03-23 15:22:15.307 [HikariPool-1 housekeeper] DEBUG [N/A] [N/A] com.zaxxer.hikari.pool.HikariPool - HikariPool-1 - Before cleanup stats (total=5, active=0, idle=5, waiting=0)
2026-03-23 15:22:15.309 [HikariPool-1 housekeeper] DEBUG [N/A] [N/A] com.zaxxer.hikari.pool.HikariPool - HikariPool-1 - After cleanup  stats (total=5, active=0, idle=5, waiting=0)
2026-03-23 15:22:15.309 [HikariPool-1 housekeeper] DEBUG [N/A] [N/A] com.zaxxer.hikari.pool.HikariPool - HikariPool-1 - Fill pool skipped, pool has sufficient level or currently being filled.
2026-03-23 15:22:45.314 [HikariPool-1 housekeeper] DEBUG [N/A] [N/A] com.zaxxer.hikari.pool.HikariPool - HikariPool-1 - Before cleanup stats (total=5, active=0, idle=5, waiting=0)
2026-03-23 15:22:45.314 [HikariPool-1 housekeeper] DEBUG [N/A] [N/A] com.zaxxer.hikari.pool.HikariPool - HikariPool-1 - After cleanup  stats (total=5, active=0, idle=5, waiting=0)
2026-03-23 15:22:45.315 [HikariPool-1 housekeeper] DEBUG [N/A] [N/A] com.zaxxer.hikari.pool.HikariPool - HikariPool-1 - Fill pool skipped, pool has sufficient level or currently being filled.
2026-03-23 15:23:15.320 [HikariPool-1 housekeeper] DEBUG [N/A] [N/A] com.zaxxer.hikari.pool.HikariPool - HikariPool-1 - Before cleanup stats (total=5, active=0, idle=5, waiting=0)
2026-03-23 15:23:15.322 [HikariPool-1 housekeeper] DEBUG [N/A] [N/A] com.zaxxer.hikari.pool.HikariPool - HikariPool-1 - After cleanup  stats (total=5, active=0, idle=5, waiting=0)
2026-03-23 15:23:15.322 [HikariPool-1 housekeeper] DEBUG [N/A] [N/A] com.zaxxer.hikari.pool.HikariPool - HikariPool-1 - Fill pool skipped, pool has sufficient level or currently being filled.
2026-03-23 15:23:45.323 [HikariPool-1 housekeeper] DEBUG [N/A] [N/A] com.zaxxer.hikari.pool.HikariPool - HikariPool-1 - Before cleanup stats (total=5, active=0, idle=5, waiting=0)
2026-03-23 15:23:45.324 [HikariPool-1 housekeeper] DEBUG [N/A] [N/A] com.zaxxer.hikari.pool.HikariPool - HikariPool-1 - After cleanup  stats (total=5, active=0, idle=5, waiting=0)
2026-03-23 15:23:45.324 [HikariPool-1 housekeeper] DEBUG [N/A] [N/A] com.zaxxer.hikari.pool.HikariPool - HikariPool-1 - Fill pool skipped, pool has sufficient level or currently being filled.
2026-03-23 15:24:15.330 [HikariPool-1 housekeeper] DEBUG [N/A] [N/A] com.zaxxer.hikari.pool.HikariPool - HikariPool-1 - Before cleanup stats (total=5, active=0, idle=5, waiting=0)
2026-03-23 15:24:15.331 [HikariPool-1 housekeeper] DEBUG [N/A] [N/A] com.zaxxer.hikari.pool.HikariPool - HikariPool-1 - After cleanup  stats (total=5, active=0, idle=5, waiting=0)
2026-03-23 15:24:15.331 [HikariPool-1 housekeeper] DEBUG [N/A] [N/A] com.zaxxer.hikari.pool.HikariPool - HikariPool-1 - Fill pool skipped, pool has sufficient level or currently being filled.
2026-03-23 15:24:45.333 [HikariPool-1 housekeeper] DEBUG [N/A] [N/A] com.zaxxer.hikari.pool.HikariPool - HikariPool-1 - Before cleanup stats (total=5, active=0, idle=5, waiting=0)
2026-03-23 15:24:45.334 [HikariPool-1 housekeeper] DEBUG [N/A] [N/A] com.zaxxer.hikari.pool.HikariPool - HikariPool-1 - After cleanup  stats (total=5, active=0, idle=5, waiting=0)
2026-03-23 15:24:45.334 [HikariPool-1 housekeeper] DEBUG [N/A] [N/A] com.zaxxer.hikari.pool.HikariPool - HikariPool-1 - Fill pool skipped, pool has sufficient level or currently being filled.
2026-03-23 15:25:15.335 [HikariPool-1 housekeeper] DEBUG [N/A] [N/A] com.zaxxer.hikari.pool.HikariPool - HikariPool-1 - Before cleanup stats (total=5, active=0, idle=5, waiting=0)
2026-03-23 15:25:15.336 [HikariPool-1 housekeeper] DEBUG [N/A] [N/A] com.zaxxer.hikari.pool.HikariPool - HikariPool-1 - After cleanup  stats (total=5, active=0, idle=5, waiting=0)
2026-03-23 15:25:15.336 [HikariPool-1 housekeeper] DEBUG [N/A] [N/A] com.zaxxer.hikari.pool.HikariPool - HikariPool-1 - Fill pool skipped, pool has sufficient level or currently being filled.
2026-03-23 15:25:45.337 [HikariPool-1 housekeeper] DEBUG [N/A] [N/A] com.zaxxer.hikari.pool.HikariPool - HikariPool-1 - Before cleanup stats (total=5, active=0, idle=5, waiting=0)
2026-03-23 15:25:45.337 [HikariPool-1 housekeeper] DEBUG [N/A] [N/A] com.zaxxer.hikari.pool.HikariPool - HikariPool-1 - After cleanup  stats (total=5, active=0, idle=5, waiting=0)
2026-03-23 15:25:45.337 [HikariPool-1 housekeeper] DEBUG [N/A] [N/A] com.zaxxer.hikari.pool.HikariPool - HikariPool-1 - Fill pool skipped, pool has sufficient level or currently being filled.
2026-03-23 15:26:15.342 [HikariPool-1 housekeeper] DEBUG [N/A] [N/A] com.zaxxer.hikari.pool.HikariPool - HikariPool-1 - Before cleanup stats (total=5, active=0, idle=5, waiting=0)
2026-03-23 15:26:15.344 [HikariPool-1 housekeeper] DEBUG [N/A] [N/A] com.zaxxer.hikari.pool.HikariPool - HikariPool-1 - After cleanup  stats (total=5, active=0, idle=5, waiting=0)
2026-03-23 15:26:15.344 [HikariPool-1 housekeeper] DEBUG [N/A] [N/A] com.zaxxer.hikari.pool.HikariPool - HikariPool-1 - Fill pool skipped, pool has sufficient level or currently being filled.
2026-03-23 15:26:45.349 [HikariPool-1 housekeeper] DEBUG [N/A] [N/A] com.zaxxer.hikari.pool.HikariPool - HikariPool-1 - Before cleanup stats (total=5, active=0, idle=5, waiting=0)
2026-03-23 15:26:45.351 [HikariPool-1 housekeeper] DEBUG [N/A] [N/A] com.zaxxer.hikari.pool.HikariPool - HikariPool-1 - After cleanup  stats (total=5, active=0, idle=5, waiting=0)
2026-03-23 15:26:45.351 [HikariPool-1 housekeeper] DEBUG [N/A] [N/A] com.zaxxer.hikari.pool.HikariPool - HikariPool-1 - Fill pool skipped, pool has sufficient level or currently being filled.
2026-03-23 15:27:15.357 [HikariPool-1 housekeeper] DEBUG [N/A] [N/A] com.zaxxer.hikari.pool.HikariPool - HikariPool-1 - Before cleanup stats (total=5, active=0, idle=5, waiting=0)
2026-03-23 15:27:15.359 [HikariPool-1 housekeeper] DEBUG [N/A] [N/A] com.zaxxer.hikari.pool.HikariPool - HikariPool-1 - After cleanup  stats (total=5, active=0, idle=5, waiting=0)
2026-03-23 15:27:15.359 [HikariPool-1 housekeeper] DEBUG [N/A] [N/A] com.zaxxer.hikari.pool.HikariPool - HikariPool-1 - Fill pool skipped, pool has sufficient level or currently being filled.
2026-03-23 15:27:32.292 [HikariPool-1 connection closer] DEBUG [N/A] [N/A] com.zaxxer.hikari.pool.PoolBase - HikariPool-1 - Closing connection org.postgresql.jdbc.PgConnection@7f9decdf: (connection has passed maxLifetime)
2026-03-23 15:27:32.526 [HikariPool-1 connection adder] DEBUG [N/A] [N/A] com.zaxxer.hikari.pool.HikariPool - HikariPool-1 - Added connection org.postgresql.jdbc.PgConnection@16dec5f0
2026-03-23 15:27:32.558 [HikariPool-1 connection adder] DEBUG [N/A] [N/A] com.zaxxer.hikari.pool.HikariPool - HikariPool-1 - Connection not added, stats (total=5, active=0, idle=5, waiting=0)
2026-03-23 15:27:45.363 [HikariPool-1 housekeeper] DEBUG [N/A] [N/A] com.zaxxer.hikari.pool.HikariPool - HikariPool-1 - Before cleanup stats (total=5, active=0, idle=5, waiting=0)
2026-03-23 15:27:45.372 [HikariPool-1 housekeeper] DEBUG [N/A] [N/A] com.zaxxer.hikari.pool.HikariPool - HikariPool-1 - After cleanup  stats (total=5, active=0, idle=5, waiting=0)
2026-03-23 15:27:45.373 [HikariPool-1 housekeeper] DEBUG [N/A] [N/A] com.zaxxer.hikari.pool.HikariPool - HikariPool-1 - Fill pool skipped, pool has sufficient level or currently being filled.
2026-03-23 15:28:00.356 [HikariPool-1 connection closer] DEBUG [N/A] [N/A] com.zaxxer.hikari.pool.PoolBase - HikariPool-1 - Closing connection org.postgresql.jdbc.PgConnection@468d0161: (connection has passed maxLifetime)
2026-03-23 15:28:00.697 [HikariPool-1 connection adder] DEBUG [N/A] [N/A] com.zaxxer.hikari.pool.HikariPool - HikariPool-1 - Added connection org.postgresql.jdbc.PgConnection@69e0cc7b
2026-03-23 15:28:00.731 [HikariPool-1 connection adder] DEBUG [N/A] [N/A] com.zaxxer.hikari.pool.HikariPool - HikariPool-1 - Connection not added, stats (total=5, active=0, idle=5, waiting=0)
2026-03-23 15:28:12.352 [HikariPool-1 connection closer] DEBUG [N/A] [N/A] com.zaxxer.hikari.pool.PoolBase - HikariPool-1 - Closing connection org.postgresql.jdbc.PgConnection@6a65f362: (connection has passed maxLifetime)
2026-03-23 15:28:12.552 [HikariPool-1 connection adder] DEBUG [N/A] [N/A] com.zaxxer.hikari.pool.HikariPool - HikariPool-1 - Added connection org.postgresql.jdbc.PgConnection@2777beb
2026-03-23 15:28:12.587 [HikariPool-1 connection adder] DEBUG [N/A] [N/A] com.zaxxer.hikari.pool.HikariPool - HikariPool-1 - Connection not added, stats (total=5, active=0, idle=5, waiting=0)
2026-03-23 15:28:15.376 [HikariPool-1 housekeeper] DEBUG [N/A] [N/A] com.zaxxer.hikari.pool.HikariPool - HikariPool-1 - Before cleanup stats (total=5, active=0, idle=5, waiting=0)
2026-03-23 15:28:15.377 [HikariPool-1 housekeeper] DEBUG [N/A] [N/A] com.zaxxer.hikari.pool.HikariPool - HikariPool-1 - After cleanup  stats (total=5, active=0, idle=5, waiting=0)
2026-03-23 15:28:15.377 [HikariPool-1 housekeeper] DEBUG [N/A] [N/A] com.zaxxer.hikari.pool.HikariPool - HikariPool-1 - Fill pool skipped, pool has sufficient level or currently being filled.
2026-03-23 15:28:26.143 [HikariPool-1 connection closer] DEBUG [N/A] [N/A] com.zaxxer.hikari.pool.PoolBase - HikariPool-1 - Closing connection org.postgresql.jdbc.PgConnection@64a2105e: (connection has passed maxLifetime)
2026-03-23 15:28:26.722 [HikariPool-1 connection adder] DEBUG [N/A] [N/A] com.zaxxer.hikari.pool.HikariPool - HikariPool-1 - Added connection org.postgresql.jdbc.PgConnection@4433a89b
2026-03-23 15:28:26.757 [HikariPool-1 connection adder] DEBUG [N/A] [N/A] com.zaxxer.hikari.pool.HikariPool - HikariPool-1 - Connection not added, stats (total=5, active=0, idle=5, waiting=0)
2026-03-23 15:28:40.479 [HikariPool-1 connection closer] DEBUG [N/A] [N/A] com.zaxxer.hikari.pool.PoolBase - HikariPool-1 - Closing connection org.postgresql.jdbc.PgConnection@609d9812: (connection has passed maxLifetime)
2026-03-23 15:28:40.774 [HikariPool-1 connection adder] DEBUG [N/A] [N/A] com.zaxxer.hikari.pool.HikariPool - HikariPool-1 - Added connection org.postgresql.jdbc.PgConnection@6a8fab4a
2026-03-23 15:28:40.805 [HikariPool-1 connection adder] DEBUG [N/A] [N/A] com.zaxxer.hikari.pool.HikariPool - HikariPool-1 - Connection not added, stats (total=5, active=0, idle=5, waiting=0)
2026-03-23 15:28:45.382 [HikariPool-1 housekeeper] DEBUG [N/A] [N/A] com.zaxxer.hikari.pool.HikariPool - HikariPool-1 - Before cleanup stats (total=5, active=0, idle=5, waiting=0)
2026-03-23 15:28:45.384 [HikariPool-1 housekeeper] DEBUG [N/A] [N/A] com.zaxxer.hikari.pool.HikariPool - HikariPool-1 - After cleanup  stats (total=5, active=0, idle=5, waiting=0)
2026-03-23 15:28:45.385 [HikariPool-1 housekeeper] DEBUG [N/A] [N/A] com.zaxxer.hikari.pool.HikariPool - HikariPool-1 - Fill pool skipped, pool has sufficient level or currently being filled.
2026-03-23 15:29:15.390 [HikariPool-1 housekeeper] DEBUG [N/A] [N/A] com.zaxxer.hikari.pool.HikariPool - HikariPool-1 - Before cleanup stats (total=5, active=0, idle=5, waiting=0)
2026-03-23 15:29:15.391 [HikariPool-1 housekeeper] DEBUG [N/A] [N/A] com.zaxxer.hikari.pool.HikariPool - HikariPool-1 - After cleanup  stats (total=5, active=0, idle=5, waiting=0)
2026-03-23 15:29:15.391 [HikariPool-1 housekeeper] DEBUG [N/A] [N/A] com.zaxxer.hikari.pool.HikariPool - HikariPool-1 - Fill pool skipped, pool has sufficient level or currently being filled.
2026-03-23 15:29:45.395 [HikariPool-1 housekeeper] DEBUG [N/A] [N/A] com.zaxxer.hikari.pool.HikariPool - HikariPool-1 - Before cleanup stats (total=5, active=0, idle=5, waiting=0)
2026-03-23 15:29:45.396 [HikariPool-1 housekeeper] DEBUG [N/A] [N/A] com.zaxxer.hikari.pool.HikariPool - HikariPool-1 - After cleanup  stats (total=5, active=0, idle=5, waiting=0)
2026-03-23 15:29:45.396 [HikariPool-1 housekeeper] DEBUG [N/A] [N/A] com.zaxxer.hikari.pool.HikariPool - HikariPool-1 - Fill pool skipped, pool has sufficient level or currently being filled.
2026-03-23 15:30:15.401 [HikariPool-1 housekeeper] DEBUG [N/A] [N/A] com.zaxxer.hikari.pool.HikariPool - HikariPool-1 - Before cleanup stats (total=5, active=0, idle=5, waiting=0)
2026-03-23 15:30:15.403 [HikariPool-1 housekeeper] DEBUG [N/A] [N/A] com.zaxxer.hikari.pool.HikariPool - HikariPool-1 - After cleanup  stats (total=5, active=0, idle=5, waiting=0)
2026-03-23 15:30:15.403 [HikariPool-1 housekeeper] DEBUG [N/A] [N/A] com.zaxxer.hikari.pool.HikariPool - HikariPool-1 - Fill pool skipped, pool has sufficient level or currently being filled.
2026-03-23 15:30:45.408 [HikariPool-1 housekeeper] DEBUG [N/A] [N/A] com.zaxxer.hikari.pool.HikariPool - HikariPool-1 - Before cleanup stats (total=5, active=0, idle=5, waiting=0)
2026-03-23 15:30:45.410 [HikariPool-1 housekeeper] DEBUG [N/A] [N/A] com.zaxxer.hikari.pool.HikariPool - HikariPool-1 - After cleanup  stats (total=5, active=0, idle=5, waiting=0)
2026-03-23 15:30:45.410 [HikariPool-1 housekeeper] DEBUG [N/A] [N/A] com.zaxxer.hikari.pool.HikariPool - HikariPool-1 - Fill pool skipped, pool has sufficient level or currently being filled.
2026-03-23 15:31:15.416 [HikariPool-1 housekeeper] DEBUG [N/A] [N/A] com.zaxxer.hikari.pool.HikariPool - HikariPool-1 - Before cleanup stats (total=5, active=0, idle=5, waiting=0)
2026-03-23 15:31:15.417 [HikariPool-1 housekeeper] DEBUG [N/A] [N/A] com.zaxxer.hikari.pool.HikariPool - HikariPool-1 - After cleanup  stats (total=5, active=0, idle=5, waiting=0)
2026-03-23 15:31:15.417 [HikariPool-1 housekeeper] DEBUG [N/A] [N/A] com.zaxxer.hikari.pool.HikariPool - HikariPool-1 - Fill pool skipped, pool has sufficient level or currently being filled.
2026-03-23 15:31:45.423 [HikariPool-1 housekeeper] DEBUG [N/A] [N/A] com.zaxxer.hikari.pool.HikariPool - HikariPool-1 - Before cleanup stats (total=5, active=0, idle=5, waiting=0)
2026-03-23 15:31:45.424 [HikariPool-1 housekeeper] DEBUG [N/A] [N/A] com.zaxxer.hikari.pool.HikariPool - HikariPool-1 - After cleanup  stats (total=5, active=0, idle=5, waiting=0)
2026-03-23 15:31:45.424 [HikariPool-1 housekeeper] DEBUG [N/A] [N/A] com.zaxxer.hikari.pool.HikariPool - HikariPool-1 - Fill pool skipped, pool has sufficient level or currently being filled.
2026-03-23 15:32:15.427 [HikariPool-1 housekeeper] DEBUG [N/A] [N/A] com.zaxxer.hikari.pool.HikariPool - HikariPool-1 - Before cleanup stats (total=5, active=0, idle=5, waiting=0)
2026-03-23 15:32:15.427 [HikariPool-1 housekeeper] DEBUG [N/A] [N/A] com.zaxxer.hikari.pool.HikariPool - HikariPool-1 - After cleanup  stats (total=5, active=0, idle=5, waiting=0)
2026-03-23 15:32:15.427 [HikariPool-1 housekeeper] DEBUG [N/A] [N/A] com.zaxxer.hikari.pool.HikariPool - HikariPool-1 - Fill pool skipped, pool has sufficient level or currently being filled.
2026-03-23 15:32:45.425 [HikariPool-1 housekeeper] DEBUG [N/A] [N/A] com.zaxxer.hikari.pool.HikariPool - HikariPool-1 - Before cleanup stats (total=5, active=0, idle=5, waiting=0)
2026-03-23 15:32:45.426 [HikariPool-1 housekeeper] DEBUG [N/A] [N/A] com.zaxxer.hikari.pool.HikariPool - HikariPool-1 - After cleanup  stats (total=5, active=0, idle=5, waiting=0)
2026-03-23 15:32:45.426 [HikariPool-1 housekeeper] DEBUG [N/A] [N/A] com.zaxxer.hikari.pool.HikariPool - HikariPool-1 - Fill pool skipped, pool has sufficient level or currently being filled.
2026-03-23 15:33:15.428 [HikariPool-1 housekeeper] DEBUG [N/A] [N/A] com.zaxxer.hikari.pool.HikariPool - HikariPool-1 - Before cleanup stats (total=5, active=0, idle=5, waiting=0)
2026-03-23 15:33:15.430 [HikariPool-1 housekeeper] DEBUG [N/A] [N/A] com.zaxxer.hikari.pool.HikariPool - HikariPool-1 - After cleanup  stats (total=5, active=0, idle=5, waiting=0)
2026-03-23 15:33:15.430 [HikariPool-1 housekeeper] DEBUG [N/A] [N/A] com.zaxxer.hikari.pool.HikariPool - HikariPool-1 - Fill pool skipped, pool has sufficient level or currently being filled.
2026-03-23 15:33:45.434 [HikariPool-1 housekeeper] DEBUG [N/A] [N/A] com.zaxxer.hikari.pool.HikariPool - HikariPool-1 - Before cleanup stats (total=5, active=0, idle=5, waiting=0)
2026-03-23 15:33:45.436 [HikariPool-1 housekeeper] DEBUG [N/A] [N/A] com.zaxxer.hikari.pool.HikariPool - HikariPool-1 - After cleanup  stats (total=5, active=0, idle=5, waiting=0)
2026-03-23 15:33:45.436 [HikariPool-1 housekeeper] DEBUG [N/A] [N/A] com.zaxxer.hikari.pool.HikariPool - HikariPool-1 - Fill pool skipped, pool has sufficient level or currently being filled.
2026-03-23 15:34:15.441 [HikariPool-1 housekeeper] DEBUG [N/A] [N/A] com.zaxxer.hikari.pool.HikariPool - HikariPool-1 - Before cleanup stats (total=5, active=0, idle=5, waiting=0)
2026-03-23 15:34:15.443 [HikariPool-1 housekeeper] DEBUG [N/A] [N/A] com.zaxxer.hikari.pool.HikariPool - HikariPool-1 - After cleanup  stats (total=5, active=0, idle=5, waiting=0)
2026-03-23 15:34:15.443 [HikariPool-1 housekeeper] DEBUG [N/A] [N/A] com.zaxxer.hikari.pool.HikariPool - HikariPool-1 - Fill pool skipped, pool has sufficient level or currently being filled.
2026-03-23 15:34:45.448 [HikariPool-1 housekeeper] DEBUG [N/A] [N/A] com.zaxxer.hikari.pool.HikariPool - HikariPool-1 - Before cleanup stats (total=5, active=0, idle=5, waiting=0)
2026-03-23 15:34:45.448 [HikariPool-1 housekeeper] DEBUG [N/A] [N/A] com.zaxxer.hikari.pool.HikariPool - HikariPool-1 - After cleanup  stats (total=5, active=0, idle=5, waiting=0)
2026-03-23 15:34:45.449 [HikariPool-1 housekeeper] DEBUG [N/A] [N/A] com.zaxxer.hikari.pool.HikariPool - HikariPool-1 - Fill pool skipped, pool has sufficient level or currently being filled.
2026-03-23 15:35:15.454 [HikariPool-1 housekeeper] DEBUG [N/A] [N/A] com.zaxxer.hikari.pool.HikariPool - HikariPool-1 - Before cleanup stats (total=5, active=0, idle=5, waiting=0)
2026-03-23 15:35:15.454 [HikariPool-1 housekeeper] DEBUG [N/A] [N/A] com.zaxxer.hikari.pool.HikariPool - HikariPool-1 - After cleanup  stats (total=5, active=0, idle=5, waiting=0)
2026-03-23 15:35:15.454 [HikariPool-1 housekeeper] DEBUG [N/A] [N/A] com.zaxxer.hikari.pool.HikariPool - HikariPool-1 - Fill pool skipped, pool has sufficient level or currently being filled.
2026-03-23 15:35:45.459 [HikariPool-1 housekeeper] DEBUG [N/A] [N/A] com.zaxxer.hikari.pool.HikariPool - HikariPool-1 - Before cleanup stats (total=5, active=0, idle=5, waiting=0)
2026-03-23 15:35:45.459 [HikariPool-1 housekeeper] DEBUG [N/A] [N/A] com.zaxxer.hikari.pool.HikariPool - HikariPool-1 - After cleanup  stats (total=5, active=0, idle=5, waiting=0)
2026-03-23 15:35:45.459 [HikariPool-1 housekeeper] DEBUG [N/A] [N/A] com.zaxxer.hikari.pool.HikariPool - HikariPool-1 - Fill pool skipped, pool has sufficient level or currently being filled.
2026-03-23 15:36:15.465 [HikariPool-1 housekeeper] DEBUG [N/A] [N/A] com.zaxxer.hikari.pool.HikariPool - HikariPool-1 - Before cleanup stats (total=5, active=0, idle=5, waiting=0)
2026-03-23 15:36:15.467 [HikariPool-1 housekeeper] DEBUG [N/A] [N/A] com.zaxxer.hikari.pool.HikariPool - HikariPool-1 - After cleanup  stats (total=5, active=0, idle=5, waiting=0)
2026-03-23 15:36:15.468 [HikariPool-1 housekeeper] DEBUG [N/A] [N/A] com.zaxxer.hikari.pool.HikariPool - HikariPool-1 - Fill pool skipped, pool has sufficient level or currently being filled.
2026-03-23 15:36:45.474 [HikariPool-1 housekeeper] DEBUG [N/A] [N/A] com.zaxxer.hikari.pool.HikariPool - HikariPool-1 - Before cleanup stats (total=5, active=0, idle=5, waiting=0)
2026-03-23 15:36:45.475 [HikariPool-1 housekeeper] DEBUG [N/A] [N/A] com.zaxxer.hikari.pool.HikariPool - HikariPool-1 - After cleanup  stats (total=5, active=0, idle=5, waiting=0)
2026-03-23 15:36:45.476 [HikariPool-1 housekeeper] DEBUG [N/A] [N/A] com.zaxxer.hikari.pool.HikariPool - HikariPool-1 - Fill pool skipped, pool has sufficient level or currently being filled.
2026-03-23 15:37:15.477 [HikariPool-1 housekeeper] DEBUG [N/A] [N/A] com.zaxxer.hikari.pool.HikariPool - HikariPool-1 - Before cleanup stats (total=5, active=0, idle=5, waiting=0)
2026-03-23 15:37:15.477 [HikariPool-1 housekeeper] DEBUG [N/A] [N/A] com.zaxxer.hikari.pool.HikariPool - HikariPool-1 - After cleanup  stats (total=5, active=0, idle=5, waiting=0)
2026-03-23 15:37:15.478 [HikariPool-1 housekeeper] DEBUG [N/A] [N/A] com.zaxxer.hikari.pool.HikariPool - HikariPool-1 - Fill pool skipped, pool has sufficient level or currently being filled.
2026-03-23 15:37:45.480 [HikariPool-1 housekeeper] DEBUG [N/A] [N/A] com.zaxxer.hikari.pool.HikariPool - HikariPool-1 - Before cleanup stats (total=5, active=0, idle=5, waiting=0)
2026-03-23 15:37:45.481 [HikariPool-1 housekeeper] DEBUG [N/A] [N/A] com.zaxxer.hikari.pool.HikariPool - HikariPool-1 - After cleanup  stats (total=5, active=0, idle=5, waiting=0)
2026-03-23 15:37:45.482 [HikariPool-1 housekeeper] DEBUG [N/A] [N/A] com.zaxxer.hikari.pool.HikariPool - HikariPool-1 - Fill pool skipped, pool has sufficient level or currently being filled.
2026-03-23 15:38:15.489 [HikariPool-1 housekeeper] DEBUG [N/A] [N/A] com.zaxxer.hikari.pool.HikariPool - HikariPool-1 - Before cleanup stats (total=5, active=0, idle=5, waiting=0)
2026-03-23 15:38:15.489 [HikariPool-1 housekeeper] DEBUG [N/A] [N/A] com.zaxxer.hikari.pool.HikariPool - HikariPool-1 - After cleanup  stats (total=5, active=0, idle=5, waiting=0)
2026-03-23 15:38:15.489 [HikariPool-1 housekeeper] DEBUG [N/A] [N/A] com.zaxxer.hikari.pool.HikariPool - HikariPool-1 - Fill pool skipped, pool has sufficient level or currently being filled.
2026-03-23 15:38:45.491 [HikariPool-1 housekeeper] DEBUG [N/A] [N/A] com.zaxxer.hikari.pool.HikariPool - HikariPool-1 - Before cleanup stats (total=5, active=0, idle=5, waiting=0)
2026-03-23 15:38:45.491 [HikariPool-1 housekeeper] DEBUG [N/A] [N/A] com.zaxxer.hikari.pool.HikariPool - HikariPool-1 - After cleanup  stats (total=5, active=0, idle=5, waiting=0)
2026-03-23 15:38:45.491 [HikariPool-1 housekeeper] DEBUG [N/A] [N/A] com.zaxxer.hikari.pool.HikariPool - HikariPool-1 - Fill pool skipped, pool has sufficient level or currently being filled.
2026-03-23 15:39:15.495 [HikariPool-1 housekeeper] DEBUG [N/A] [N/A] com.zaxxer.hikari.pool.HikariPool - HikariPool-1 - Before cleanup stats (total=5, active=0, idle=5, waiting=0)
2026-03-23 15:39:15.496 [HikariPool-1 housekeeper] DEBUG [N/A] [N/A] com.zaxxer.hikari.pool.HikariPool - HikariPool-1 - After cleanup  stats (total=5, active=0, idle=5, waiting=0)
2026-03-23 15:39:15.496 [HikariPool-1 housekeeper] DEBUG [N/A] [N/A] com.zaxxer.hikari.pool.HikariPool - HikariPool-1 - Fill pool skipped, pool has sufficient level or currently being filled.
2026-03-23 15:39:45.499 [HikariPool-1 housekeeper] DEBUG [N/A] [N/A] com.zaxxer.hikari.pool.HikariPool - HikariPool-1 - Before cleanup stats (total=5, active=0, idle=5, waiting=0)
2026-03-23 15:39:45.499 [HikariPool-1 housekeeper] DEBUG [N/A] [N/A] com.zaxxer.hikari.pool.HikariPool - HikariPool-1 - After cleanup  stats (total=5, active=0, idle=5, waiting=0)
2026-03-23 15:39:45.500 [HikariPool-1 housekeeper] DEBUG [N/A] [N/A] com.zaxxer.hikari.pool.HikariPool - HikariPool-1 - Fill pool skipped, pool has sufficient level or currently being filled.
2026-03-23 15:40:15.505 [HikariPool-1 housekeeper] DEBUG [N/A] [N/A] com.zaxxer.hikari.pool.HikariPool - HikariPool-1 - Before cleanup stats (total=5, active=0, idle=5, waiting=0)
2026-03-23 15:40:15.507 [HikariPool-1 housekeeper] DEBUG [N/A] [N/A] com.zaxxer.hikari.pool.HikariPool - HikariPool-1 - After cleanup  stats (total=5, active=0, idle=5, waiting=0)
2026-03-23 15:40:15.508 [HikariPool-1 housekeeper] DEBUG [N/A] [N/A] com.zaxxer.hikari.pool.HikariPool - HikariPool-1 - Fill pool skipped, pool has sufficient level or currently being filled.
2026-03-23 15:40:45.510 [HikariPool-1 housekeeper] DEBUG [N/A] [N/A] com.zaxxer.hikari.pool.HikariPool - HikariPool-1 - Before cleanup stats (total=5, active=0, idle=5, waiting=0)
2026-03-23 15:40:45.510 [HikariPool-1 housekeeper] DEBUG [N/A] [N/A] com.zaxxer.hikari.pool.HikariPool - HikariPool-1 - After cleanup  stats (total=5, active=0, idle=5, waiting=0)
2026-03-23 15:40:45.510 [HikariPool-1 housekeeper] DEBUG [N/A] [N/A] com.zaxxer.hikari.pool.HikariPool - HikariPool-1 - Fill pool skipped, pool has sufficient level or currently being filled.
2026-03-23 15:41:15.516 [HikariPool-1 housekeeper] DEBUG [N/A] [N/A] com.zaxxer.hikari.pool.HikariPool - HikariPool-1 - Before cleanup stats (total=5, active=0, idle=5, waiting=0)
2026-03-23 15:41:15.517 [HikariPool-1 housekeeper] DEBUG [N/A] [N/A] com.zaxxer.hikari.pool.HikariPool - HikariPool-1 - After cleanup  stats (total=5, active=0, idle=5, waiting=0)
2026-03-23 15:41:15.517 [HikariPool-1 housekeeper] DEBUG [N/A] [N/A] com.zaxxer.hikari.pool.HikariPool - HikariPool-1 - Fill pool skipped, pool has sufficient level or currently being filled.
2026-03-23 15:41:45.520 [HikariPool-1 housekeeper] DEBUG [N/A] [N/A] com.zaxxer.hikari.pool.HikariPool - HikariPool-1 - Before cleanup stats (total=5, active=0, idle=5, waiting=0)
2026-03-23 15:41:45.522 [HikariPool-1 housekeeper] DEBUG [N/A] [N/A] com.zaxxer.hikari.pool.HikariPool - HikariPool-1 - After cleanup  stats (total=5, active=0, idle=5, waiting=0)
2026-03-23 15:41:45.522 [HikariPool-1 housekeeper] DEBUG [N/A] [N/A] com.zaxxer.hikari.pool.HikariPool - HikariPool-1 - Fill pool skipped, pool has sufficient level or currently being filled.
2026-03-23 15:42:15.524 [HikariPool-1 housekeeper] DEBUG [N/A] [N/A] com.zaxxer.hikari.pool.HikariPool - HikariPool-1 - Before cleanup stats (total=5, active=0, idle=5, waiting=0)
2026-03-23 15:42:15.524 [HikariPool-1 housekeeper] DEBUG [N/A] [N/A] com.zaxxer.hikari.pool.HikariPool - HikariPool-1 - After cleanup  stats (total=5, active=0, idle=5, waiting=0)
2026-03-23 15:42:15.524 [HikariPool-1 housekeeper] DEBUG [N/A] [N/A] com.zaxxer.hikari.pool.HikariPool - HikariPool-1 - Fill pool skipped, pool has sufficient level or currently being filled.
2026-03-23 15:42:45.527 [HikariPool-1 housekeeper] DEBUG [N/A] [N/A] com.zaxxer.hikari.pool.HikariPool - HikariPool-1 - Before cleanup stats (total=5, active=0, idle=5, waiting=0)
2026-03-23 15:42:45.527 [HikariPool-1 housekeeper] DEBUG [N/A] [N/A] com.zaxxer.hikari.pool.HikariPool - HikariPool-1 - After cleanup  stats (total=5, active=0, idle=5, waiting=0)
2026-03-23 15:42:45.527 [HikariPool-1 housekeeper] DEBUG [N/A] [N/A] com.zaxxer.hikari.pool.HikariPool - HikariPool-1 - Fill pool skipped, pool has sufficient level or currently being filled.
2026-03-23 15:43:15.533 [HikariPool-1 housekeeper] DEBUG [N/A] [N/A] com.zaxxer.hikari.pool.HikariPool - HikariPool-1 - Before cleanup stats (total=5, active=0, idle=5, waiting=0)
2026-03-23 15:43:15.533 [HikariPool-1 housekeeper] DEBUG [N/A] [N/A] com.zaxxer.hikari.pool.HikariPool - HikariPool-1 - After cleanup  stats (total=5, active=0, idle=5, waiting=0)
2026-03-23 15:43:15.533 [HikariPool-1 housekeeper] DEBUG [N/A] [N/A] com.zaxxer.hikari.pool.HikariPool - HikariPool-1 - Fill pool skipped, pool has sufficient level or currently being filled.
2026-03-23 15:43:45.534 [HikariPool-1 housekeeper] DEBUG [N/A] [N/A] com.zaxxer.hikari.pool.HikariPool - HikariPool-1 - Before cleanup stats (total=5, active=0, idle=5, waiting=0)
2026-03-23 15:43:45.534 [HikariPool-1 housekeeper] DEBUG [N/A] [N/A] com.zaxxer.hikari.pool.HikariPool - HikariPool-1 - After cleanup  stats (total=5, active=0, idle=5, waiting=0)
2026-03-23 15:43:45.534 [HikariPool-1 housekeeper] DEBUG [N/A] [N/A] com.zaxxer.hikari.pool.HikariPool - HikariPool-1 - Fill pool skipped, pool has sufficient level or currently being filled.
2026-03-23 15:44:15.538 [HikariPool-1 housekeeper] DEBUG [N/A] [N/A] com.zaxxer.hikari.pool.HikariPool - HikariPool-1 - Before cleanup stats (total=5, active=0, idle=5, waiting=0)
2026-03-23 15:44:15.539 [HikariPool-1 housekeeper] DEBUG [N/A] [N/A] com.zaxxer.hikari.pool.HikariPool - HikariPool-1 - After cleanup  stats (total=5, active=0, idle=5, waiting=0)
2026-03-23 15:44:15.539 [HikariPool-1 housekeeper] DEBUG [N/A] [N/A] com.zaxxer.hikari.pool.HikariPool - HikariPool-1 - Fill pool skipped, pool has sufficient level or currently being filled.
2026-03-23 15:44:45.544 [HikariPool-1 housekeeper] DEBUG [N/A] [N/A] com.zaxxer.hikari.pool.HikariPool - HikariPool-1 - Before cleanup stats (total=5, active=0, idle=5, waiting=0)
2026-03-23 15:44:45.545 [HikariPool-1 housekeeper] DEBUG [N/A] [N/A] com.zaxxer.hikari.pool.HikariPool - HikariPool-1 - After cleanup  stats (total=5, active=0, idle=5, waiting=0)
2026-03-23 15:44:45.545 [HikariPool-1 housekeeper] DEBUG [N/A] [N/A] com.zaxxer.hikari.pool.HikariPool - HikariPool-1 - Fill pool skipped, pool has sufficient level or currently being filled.
2026-03-23 15:45:15.551 [HikariPool-1 housekeeper] DEBUG [N/A] [N/A] com.zaxxer.hikari.pool.HikariPool - HikariPool-1 - Before cleanup stats (total=5, active=0, idle=5, waiting=0)
2026-03-23 15:45:15.551 [HikariPool-1 housekeeper] DEBUG [N/A] [N/A] com.zaxxer.hikari.pool.HikariPool - HikariPool-1 - After cleanup  stats (total=5, active=0, idle=5, waiting=0)
2026-03-23 15:45:15.551 [HikariPool-1 housekeeper] DEBUG [N/A] [N/A] com.zaxxer.hikari.pool.HikariPool - HikariPool-1 - Fill pool skipped, pool has sufficient level or currently being filled.
2026-03-23 15:45:45.556 [HikariPool-1 housekeeper] DEBUG [N/A] [N/A] com.zaxxer.hikari.pool.HikariPool - HikariPool-1 - Before cleanup stats (total=5, active=0, idle=5, waiting=0)
2026-03-23 15:45:45.557 [HikariPool-1 housekeeper] DEBUG [N/A] [N/A] com.zaxxer.hikari.pool.HikariPool - HikariPool-1 - After cleanup  stats (total=5, active=0, idle=5, waiting=0)
2026-03-23 15:45:45.557 [HikariPool-1 housekeeper] DEBUG [N/A] [N/A] com.zaxxer.hikari.pool.HikariPool - HikariPool-1 - Fill pool skipped, pool has sufficient level or currently being filled.
2026-03-23 15:46:15.563 [HikariPool-1 housekeeper] DEBUG [N/A] [N/A] com.zaxxer.hikari.pool.HikariPool - HikariPool-1 - Before cleanup stats (total=5, active=0, idle=5, waiting=0)
2026-03-23 15:46:15.565 [HikariPool-1 housekeeper] DEBUG [N/A] [N/A] com.zaxxer.hikari.pool.HikariPool - HikariPool-1 - After cleanup  stats (total=5, active=0, idle=5, waiting=0)
2026-03-23 15:46:15.565 [HikariPool-1 housekeeper] DEBUG [N/A] [N/A] com.zaxxer.hikari.pool.HikariPool - HikariPool-1 - Fill pool skipped, pool has sufficient level or currently being filled.
2026-03-23 15:46:45.570 [HikariPool-1 housekeeper] DEBUG [N/A] [N/A] com.zaxxer.hikari.pool.HikariPool - HikariPool-1 - Before cleanup stats (total=5, active=0, idle=5, waiting=0)
2026-03-23 15:46:45.571 [HikariPool-1 housekeeper] DEBUG [N/A] [N/A] com.zaxxer.hikari.pool.HikariPool - HikariPool-1 - After cleanup  stats (total=5, active=0, idle=5, waiting=0)
2026-03-23 15:46:45.571 [HikariPool-1 housekeeper] DEBUG [N/A] [N/A] com.zaxxer.hikari.pool.HikariPool - HikariPool-1 - Fill pool skipped, pool has sufficient level or currently being filled.
2026-03-23 15:47:15.573 [HikariPool-1 housekeeper] DEBUG [N/A] [N/A] com.zaxxer.hikari.pool.HikariPool - HikariPool-1 - Before cleanup stats (total=5, active=0, idle=5, waiting=0)
2026-03-23 15:47:15.574 [HikariPool-1 housekeeper] DEBUG [N/A] [N/A] com.zaxxer.hikari.pool.HikariPool - HikariPool-1 - After cleanup  stats (total=5, active=0, idle=5, waiting=0)
2026-03-23 15:47:15.574 [HikariPool-1 housekeeper] DEBUG [N/A] [N/A] com.zaxxer.hikari.pool.HikariPool - HikariPool-1 - Fill pool skipped, pool has sufficient level or currently being filled.
2026-03-23 15:47:45.580 [HikariPool-1 housekeeper] DEBUG [N/A] [N/A] com.zaxxer.hikari.pool.HikariPool - HikariPool-1 - Before cleanup stats (total=5, active=0, idle=5, waiting=0)
2026-03-23 15:47:45.581 [HikariPool-1 housekeeper] DEBUG [N/A] [N/A] com.zaxxer.hikari.pool.HikariPool - HikariPool-1 - After cleanup  stats (total=5, active=0, idle=5, waiting=0)
2026-03-23 15:47:45.581 [HikariPool-1 housekeeper] DEBUG [N/A] [N/A] com.zaxxer.hikari.pool.HikariPool - HikariPool-1 - Fill pool skipped, pool has sufficient level or currently being filled.
2026-03-23 15:48:15.583 [HikariPool-1 housekeeper] DEBUG [N/A] [N/A] com.zaxxer.hikari.pool.HikariPool - HikariPool-1 - Before cleanup stats (total=5, active=0, idle=5, waiting=0)
2026-03-23 15:48:15.583 [HikariPool-1 housekeeper] DEBUG [N/A] [N/A] com.zaxxer.hikari.pool.HikariPool - HikariPool-1 - After cleanup  stats (total=5, active=0, idle=5, waiting=0)
2026-03-23 15:48:15.583 [HikariPool-1 housekeeper] DEBUG [N/A] [N/A] com.zaxxer.hikari.pool.HikariPool - HikariPool-1 - Fill pool skipped, pool has sufficient level or currently being filled.
2026-03-23 15:48:45.587 [HikariPool-1 housekeeper] DEBUG [N/A] [N/A] com.zaxxer.hikari.pool.HikariPool - HikariPool-1 - Before cleanup stats (total=5, active=0, idle=5, waiting=0)
2026-03-23 15:48:45.587 [HikariPool-1 housekeeper] DEBUG [N/A] [N/A] com.zaxxer.hikari.pool.HikariPool - HikariPool-1 - After cleanup  stats (total=5, active=0, idle=5, waiting=0)
2026-03-23 15:48:45.587 [HikariPool-1 housekeeper] DEBUG [N/A] [N/A] com.zaxxer.hikari.pool.HikariPool - HikariPool-1 - Fill pool skipped, pool has sufficient level or currently being filled.
2026-03-23 15:49:15.589 [HikariPool-1 housekeeper] DEBUG [N/A] [N/A] com.zaxxer.hikari.pool.HikariPool - HikariPool-1 - Before cleanup stats (total=5, active=0, idle=5, waiting=0)
2026-03-23 15:49:15.590 [HikariPool-1 housekeeper] DEBUG [N/A] [N/A] com.zaxxer.hikari.pool.HikariPool - HikariPool-1 - After cleanup  stats (total=5, active=0, idle=5, waiting=0)
2026-03-23 15:49:15.590 [HikariPool-1 housekeeper] DEBUG [N/A] [N/A] com.zaxxer.hikari.pool.HikariPool - HikariPool-1 - Fill pool skipped, pool has sufficient level or currently being filled.
2026-03-23 15:49:45.593 [HikariPool-1 housekeeper] DEBUG [N/A] [N/A] com.zaxxer.hikari.pool.HikariPool - HikariPool-1 - Before cleanup stats (total=5, active=0, idle=5, waiting=0)
2026-03-23 15:49:45.593 [HikariPool-1 housekeeper] DEBUG [N/A] [N/A] com.zaxxer.hikari.pool.HikariPool - HikariPool-1 - After cleanup  stats (total=5, active=0, idle=5, waiting=0)
2026-03-23 15:49:45.593 [HikariPool-1 housekeeper] DEBUG [N/A] [N/A] com.zaxxer.hikari.pool.HikariPool - HikariPool-1 - Fill pool skipped, pool has sufficient level or currently being filled.
2026-03-23 15:50:15.596 [HikariPool-1 housekeeper] DEBUG [N/A] [N/A] com.zaxxer.hikari.pool.HikariPool - HikariPool-1 - Before cleanup stats (total=5, active=0, idle=5, waiting=0)
2026-03-23 15:50:15.596 [HikariPool-1 housekeeper] DEBUG [N/A] [N/A] com.zaxxer.hikari.pool.HikariPool - HikariPool-1 - After cleanup  stats (total=5, active=0, idle=5, waiting=0)
2026-03-23 15:50:15.596 [HikariPool-1 housekeeper] DEBUG [N/A] [N/A] com.zaxxer.hikari.pool.HikariPool - HikariPool-1 - Fill pool skipped, pool has sufficient level or currently being filled.
2026-03-23 15:50:45.601 [HikariPool-1 housekeeper] DEBUG [N/A] [N/A] com.zaxxer.hikari.pool.HikariPool - HikariPool-1 - Before cleanup stats (total=5, active=0, idle=5, waiting=0)
2026-03-23 15:50:45.602 [HikariPool-1 housekeeper] DEBUG [N/A] [N/A] com.zaxxer.hikari.pool.HikariPool - HikariPool-1 - After cleanup  stats (total=5, active=0, idle=5, waiting=0)
2026-03-23 15:50:45.602 [HikariPool-1 housekeeper] DEBUG [N/A] [N/A] com.zaxxer.hikari.pool.HikariPool - HikariPool-1 - Fill pool skipped, pool has sufficient level or currently being filled.
2026-03-23 15:51:15.607 [HikariPool-1 housekeeper] DEBUG [N/A] [N/A] com.zaxxer.hikari.pool.HikariPool - HikariPool-1 - Before cleanup stats (total=5, active=0, idle=5, waiting=0)
2026-03-23 15:51:15.607 [HikariPool-1 housekeeper] DEBUG [N/A] [N/A] com.zaxxer.hikari.pool.HikariPool - HikariPool-1 - After cleanup  stats (total=5, active=0, idle=5, waiting=0)
2026-03-23 15:51:15.607 [HikariPool-1 housekeeper] DEBUG [N/A] [N/A] com.zaxxer.hikari.pool.HikariPool - HikariPool-1 - Fill pool skipped, pool has sufficient level or currently being filled.
2026-03-23 15:51:45.608 [HikariPool-1 housekeeper] DEBUG [N/A] [N/A] com.zaxxer.hikari.pool.HikariPool - HikariPool-1 - Before cleanup stats (total=5, active=0, idle=5, waiting=0)
2026-03-23 15:51:45.608 [HikariPool-1 housekeeper] DEBUG [N/A] [N/A] com.zaxxer.hikari.pool.HikariPool - HikariPool-1 - After cleanup  stats (total=5, active=0, idle=5, waiting=0)
2026-03-23 15:51:45.608 [HikariPool-1 housekeeper] DEBUG [N/A] [N/A] com.zaxxer.hikari.pool.HikariPool - HikariPool-1 - Fill pool skipped, pool has sufficient level or currently being filled.
2026-03-23 15:52:15.613 [HikariPool-1 housekeeper] DEBUG [N/A] [N/A] com.zaxxer.hikari.pool.HikariPool - HikariPool-1 - Before cleanup stats (total=5, active=0, idle=5, waiting=0)
2026-03-23 15:52:15.613 [HikariPool-1 housekeeper] DEBUG [N/A] [N/A] com.zaxxer.hikari.pool.HikariPool - HikariPool-1 - After cleanup  stats (total=5, active=0, idle=5, waiting=0)
2026-03-23 15:52:15.614 [HikariPool-1 housekeeper] DEBUG [N/A] [N/A] com.zaxxer.hikari.pool.HikariPool - HikariPool-1 - Fill pool skipped, pool has sufficient level or currently being filled.
2026-03-23 15:52:45.618 [HikariPool-1 housekeeper] DEBUG [N/A] [N/A] com.zaxxer.hikari.pool.HikariPool - HikariPool-1 - Before cleanup stats (total=5, active=0, idle=5, waiting=0)
2026-03-23 15:52:45.619 [HikariPool-1 housekeeper] DEBUG [N/A] [N/A] com.zaxxer.hikari.pool.HikariPool - HikariPool-1 - After cleanup  stats (total=5, active=0, idle=5, waiting=0)
2026-03-23 15:52:45.619 [HikariPool-1 housekeeper] DEBUG [N/A] [N/A] com.zaxxer.hikari.pool.HikariPool - HikariPool-1 - Fill pool skipped, pool has sufficient level or currently being filled.
2026-03-23 15:53:15.623 [HikariPool-1 housekeeper] DEBUG [N/A] [N/A] com.zaxxer.hikari.pool.HikariPool - HikariPool-1 - Before cleanup stats (total=5, active=0, idle=5, waiting=0)
2026-03-23 15:53:15.624 [HikariPool-1 housekeeper] DEBUG [N/A] [N/A] com.zaxxer.hikari.pool.HikariPool - HikariPool-1 - After cleanup  stats (total=5, active=0, idle=5, waiting=0)
2026-03-23 15:53:15.624 [HikariPool-1 housekeeper] DEBUG [N/A] [N/A] com.zaxxer.hikari.pool.HikariPool - HikariPool-1 - Fill pool skipped, pool has sufficient level or currently being filled.
2026-03-23 15:53:45.628 [HikariPool-1 housekeeper] DEBUG [N/A] [N/A] com.zaxxer.hikari.pool.HikariPool - HikariPool-1 - Before cleanup stats (total=5, active=0, idle=5, waiting=0)
2026-03-23 15:53:45.631 [HikariPool-1 housekeeper] DEBUG [N/A] [N/A] com.zaxxer.hikari.pool.HikariPool - HikariPool-1 - After cleanup  stats (total=5, active=0, idle=5, waiting=0)
2026-03-23 15:53:45.631 [HikariPool-1 housekeeper] DEBUG [N/A] [N/A] com.zaxxer.hikari.pool.HikariPool - HikariPool-1 - Fill pool skipped, pool has sufficient level or currently being filled.
2026-03-23 15:54:15.634 [HikariPool-1 housekeeper] DEBUG [N/A] [N/A] com.zaxxer.hikari.pool.HikariPool - HikariPool-1 - Before cleanup stats (total=5, active=0, idle=5, waiting=0)
2026-03-23 15:54:15.636 [HikariPool-1 housekeeper] DEBUG [N/A] [N/A] com.zaxxer.hikari.pool.HikariPool - HikariPool-1 - After cleanup  stats (total=5, active=0, idle=5, waiting=0)
2026-03-23 15:54:15.637 [HikariPool-1 housekeeper] DEBUG [N/A] [N/A] com.zaxxer.hikari.pool.HikariPool - HikariPool-1 - Fill pool skipped, pool has sufficient level or currently being filled.
2026-03-23 15:54:45.639 [HikariPool-1 housekeeper] DEBUG [N/A] [N/A] com.zaxxer.hikari.pool.HikariPool - HikariPool-1 - Before cleanup stats (total=5, active=0, idle=5, waiting=0)
2026-03-23 15:54:45.640 [HikariPool-1 housekeeper] DEBUG [N/A] [N/A] com.zaxxer.hikari.pool.HikariPool - HikariPool-1 - After cleanup  stats (total=5, active=0, idle=5, waiting=0)
2026-03-23 15:54:45.640 [HikariPool-1 housekeeper] DEBUG [N/A] [N/A] com.zaxxer.hikari.pool.HikariPool - HikariPool-1 - Fill pool skipped, pool has sufficient level or currently being filled.
2026-03-23 15:55:15.641 [HikariPool-1 housekeeper] DEBUG [N/A] [N/A] com.zaxxer.hikari.pool.HikariPool - HikariPool-1 - Before cleanup stats (total=5, active=0, idle=5, waiting=0)
2026-03-23 15:55:15.641 [HikariPool-1 housekeeper] DEBUG [N/A] [N/A] com.zaxxer.hikari.pool.HikariPool - HikariPool-1 - After cleanup  stats (total=5, active=0, idle=5, waiting=0)
2026-03-23 15:55:15.641 [HikariPool-1 housekeeper] DEBUG [N/A] [N/A] com.zaxxer.hikari.pool.HikariPool - HikariPool-1 - Fill pool skipped, pool has sufficient level or currently being filled.
2026-03-23 15:55:45.647 [HikariPool-1 housekeeper] DEBUG [N/A] [N/A] com.zaxxer.hikari.pool.HikariPool - HikariPool-1 - Before cleanup stats (total=5, active=0, idle=5, waiting=0)
2026-03-23 15:55:45.647 [HikariPool-1 housekeeper] DEBUG [N/A] [N/A] com.zaxxer.hikari.pool.HikariPool - HikariPool-1 - After cleanup  stats (total=5, active=0, idle=5, waiting=0)
2026-03-23 15:55:45.648 [HikariPool-1 housekeeper] DEBUG [N/A] [N/A] com.zaxxer.hikari.pool.HikariPool - HikariPool-1 - Fill pool skipped, pool has sufficient level or currently being filled.
2026-03-23 15:56:15.652 [HikariPool-1 housekeeper] DEBUG [N/A] [N/A] com.zaxxer.hikari.pool.HikariPool - HikariPool-1 - Before cleanup stats (total=5, active=0, idle=5, waiting=0)
2026-03-23 15:56:15.652 [HikariPool-1 housekeeper] DEBUG [N/A] [N/A] com.zaxxer.hikari.pool.HikariPool - HikariPool-1 - After cleanup  stats (total=5, active=0, idle=5, waiting=0)
2026-03-23 15:56:15.652 [HikariPool-1 housekeeper] DEBUG [N/A] [N/A] com.zaxxer.hikari.pool.HikariPool - HikariPool-1 - Fill pool skipped, pool has sufficient level or currently being filled.
2026-03-23 15:56:45.659 [HikariPool-1 housekeeper] DEBUG [N/A] [N/A] com.zaxxer.hikari.pool.HikariPool - HikariPool-1 - Before cleanup stats (total=5, active=0, idle=5, waiting=0)
2026-03-23 15:56:45.659 [HikariPool-1 housekeeper] DEBUG [N/A] [N/A] com.zaxxer.hikari.pool.HikariPool - HikariPool-1 - After cleanup  stats (total=5, active=0, idle=5, waiting=0)
2026-03-23 15:56:45.660 [HikariPool-1 housekeeper] DEBUG [N/A] [N/A] com.zaxxer.hikari.pool.HikariPool - HikariPool-1 - Fill pool skipped, pool has sufficient level or currently being filled.
2026-03-23 15:57:00.660 [HikariPool-1 connection closer] DEBUG [N/A] [N/A] com.zaxxer.hikari.pool.PoolBase - HikariPool-1 - Closing connection org.postgresql.jdbc.PgConnection@16dec5f0: (connection has passed maxLifetime)
2026-03-23 15:57:00.970 [HikariPool-1 connection adder] DEBUG [N/A] [N/A] com.zaxxer.hikari.pool.HikariPool - HikariPool-1 - Added connection org.postgresql.jdbc.PgConnection@af456d1
2026-03-23 15:57:01.001 [HikariPool-1 connection adder] DEBUG [N/A] [N/A] com.zaxxer.hikari.pool.HikariPool - HikariPool-1 - Connection not added, stats (total=5, active=0, idle=5, waiting=0)
2026-03-23 15:57:15.665 [HikariPool-1 housekeeper] DEBUG [N/A] [N/A] com.zaxxer.hikari.pool.HikariPool - HikariPool-1 - Before cleanup stats (total=5, active=0, idle=5, waiting=0)
2026-03-23 15:57:15.667 [HikariPool-1 housekeeper] DEBUG [N/A] [N/A] com.zaxxer.hikari.pool.HikariPool - HikariPool-1 - After cleanup  stats (total=5, active=0, idle=5, waiting=0)
2026-03-23 15:57:15.667 [HikariPool-1 housekeeper] DEBUG [N/A] [N/A] com.zaxxer.hikari.pool.HikariPool - HikariPool-1 - Fill pool skipped, pool has sufficient level or currently being filled.
2026-03-23 15:57:20.461 [HikariPool-1 connection closer] DEBUG [N/A] [N/A] com.zaxxer.hikari.pool.PoolBase - HikariPool-1 - Closing connection org.postgresql.jdbc.PgConnection@69e0cc7b: (connection has passed maxLifetime)
2026-03-23 15:57:20.877 [HikariPool-1 connection adder] DEBUG [N/A] [N/A] com.zaxxer.hikari.pool.HikariPool - HikariPool-1 - Added connection org.postgresql.jdbc.PgConnection@c1ad286
2026-03-23 15:57:20.910 [HikariPool-1 connection adder] DEBUG [N/A] [N/A] com.zaxxer.hikari.pool.HikariPool - HikariPool-1 - Connection not added, stats (total=5, active=0, idle=5, waiting=0)
2026-03-23 15:57:45.671 [HikariPool-1 housekeeper] DEBUG [N/A] [N/A] com.zaxxer.hikari.pool.HikariPool - HikariPool-1 - Before cleanup stats (total=5, active=0, idle=5, waiting=0)
2026-03-23 15:57:45.671 [HikariPool-1 housekeeper] DEBUG [N/A] [N/A] com.zaxxer.hikari.pool.HikariPool - HikariPool-1 - After cleanup  stats (total=5, active=0, idle=5, waiting=0)
2026-03-23 15:57:45.671 [HikariPool-1 housekeeper] DEBUG [N/A] [N/A] com.zaxxer.hikari.pool.HikariPool - HikariPool-1 - Fill pool skipped, pool has sufficient level or currently being filled.
2026-03-23 15:57:52.799 [HikariPool-1 connection closer] DEBUG [N/A] [N/A] com.zaxxer.hikari.pool.PoolBase - HikariPool-1 - Closing connection org.postgresql.jdbc.PgConnection@2777beb: (connection has passed maxLifetime)
2026-03-23 15:57:53.006 [HikariPool-1 connection adder] DEBUG [N/A] [N/A] com.zaxxer.hikari.pool.HikariPool - HikariPool-1 - Added connection org.postgresql.jdbc.PgConnection@5b75cdb4
2026-03-23 15:57:53.037 [HikariPool-1 connection adder] DEBUG [N/A] [N/A] com.zaxxer.hikari.pool.HikariPool - HikariPool-1 - Connection not added, stats (total=5, active=0, idle=5, waiting=0)
2026-03-23 15:58:15.676 [HikariPool-1 housekeeper] DEBUG [N/A] [N/A] com.zaxxer.hikari.pool.HikariPool - HikariPool-1 - Before cleanup stats (total=5, active=0, idle=5, waiting=0)
2026-03-23 15:58:15.676 [HikariPool-1 housekeeper] DEBUG [N/A] [N/A] com.zaxxer.hikari.pool.HikariPool - HikariPool-1 - After cleanup  stats (total=5, active=0, idle=5, waiting=0)
2026-03-23 15:58:15.676 [HikariPool-1 housekeeper] DEBUG [N/A] [N/A] com.zaxxer.hikari.pool.HikariPool - HikariPool-1 - Fill pool skipped, pool has sufficient level or currently being filled.
2026-03-23 15:58:22.035 [HikariPool-1 connection closer] DEBUG [N/A] [N/A] com.zaxxer.hikari.pool.PoolBase - HikariPool-1 - Closing connection org.postgresql.jdbc.PgConnection@4433a89b: (connection has passed maxLifetime)
2026-03-23 15:58:22.252 [HikariPool-1 connection adder] DEBUG [N/A] [N/A] com.zaxxer.hikari.pool.HikariPool - HikariPool-1 - Added connection org.postgresql.jdbc.PgConnection@55e13c14
2026-03-23 15:58:22.285 [HikariPool-1 connection adder] DEBUG [N/A] [N/A] com.zaxxer.hikari.pool.HikariPool - HikariPool-1 - Connection not added, stats (total=5, active=0, idle=5, waiting=0)
2026-03-23 15:58:37.863 [HikariPool-1 connection closer] DEBUG [N/A] [N/A] com.zaxxer.hikari.pool.PoolBase - HikariPool-1 - Closing connection org.postgresql.jdbc.PgConnection@6a8fab4a: (connection has passed maxLifetime)
2026-03-23 15:58:38.165 [HikariPool-1 connection adder] DEBUG [N/A] [N/A] com.zaxxer.hikari.pool.HikariPool - HikariPool-1 - Added connection org.postgresql.jdbc.PgConnection@6e3019e5
2026-03-23 15:58:38.199 [HikariPool-1 connection adder] DEBUG [N/A] [N/A] com.zaxxer.hikari.pool.HikariPool - HikariPool-1 - Connection not added, stats (total=5, active=0, idle=5, waiting=0)
2026-03-23 15:58:45.682 [HikariPool-1 housekeeper] DEBUG [N/A] [N/A] com.zaxxer.hikari.pool.HikariPool - HikariPool-1 - Before cleanup stats (total=5, active=0, idle=5, waiting=0)
2026-03-23 15:58:45.682 [HikariPool-1 housekeeper] DEBUG [N/A] [N/A] com.zaxxer.hikari.pool.HikariPool - HikariPool-1 - After cleanup  stats (total=5, active=0, idle=5, waiting=0)
2026-03-23 15:58:45.682 [HikariPool-1 housekeeper] DEBUG [N/A] [N/A] com.zaxxer.hikari.pool.HikariPool - HikariPool-1 - Fill pool skipped, pool has sufficient level or currently being filled.
2026-03-23 15:59:15.686 [HikariPool-1 housekeeper] DEBUG [N/A] [N/A] com.zaxxer.hikari.pool.HikariPool - HikariPool-1 - Before cleanup stats (total=5, active=0, idle=5, waiting=0)
2026-03-23 15:59:15.686 [HikariPool-1 housekeeper] DEBUG [N/A] [N/A] com.zaxxer.hikari.pool.HikariPool - HikariPool-1 - After cleanup  stats (total=5, active=0, idle=5, waiting=0)
2026-03-23 15:59:15.687 [HikariPool-1 housekeeper] DEBUG [N/A] [N/A] com.zaxxer.hikari.pool.HikariPool - HikariPool-1 - Fill pool skipped, pool has sufficient level or currently being filled.
2026-03-23 15:59:45.692 [HikariPool-1 housekeeper] DEBUG [N/A] [N/A] com.zaxxer.hikari.pool.HikariPool - HikariPool-1 - Before cleanup stats (total=5, active=0, idle=5, waiting=0)
2026-03-23 15:59:45.693 [HikariPool-1 housekeeper] DEBUG [N/A] [N/A] com.zaxxer.hikari.pool.HikariPool - HikariPool-1 - After cleanup  stats (total=5, active=0, idle=5, waiting=0)
2026-03-23 15:59:45.693 [HikariPool-1 housekeeper] DEBUG [N/A] [N/A] com.zaxxer.hikari.pool.HikariPool - HikariPool-1 - Fill pool skipped, pool has sufficient level or currently being filled.
2026-03-23 16:00:15.697 [HikariPool-1 housekeeper] DEBUG [N/A] [N/A] com.zaxxer.hikari.pool.HikariPool - HikariPool-1 - Before cleanup stats (total=5, active=0, idle=5, waiting=0)
2026-03-23 16:00:15.697 [HikariPool-1 housekeeper] DEBUG [N/A] [N/A] com.zaxxer.hikari.pool.HikariPool - HikariPool-1 - After cleanup  stats (total=5, active=0, idle=5, waiting=0)
2026-03-23 16:00:15.698 [HikariPool-1 housekeeper] DEBUG [N/A] [N/A] com.zaxxer.hikari.pool.HikariPool - HikariPool-1 - Fill pool skipped, pool has sufficient level or currently being filled.
2026-03-23 16:00:45.701 [HikariPool-1 housekeeper] DEBUG [N/A] [N/A] com.zaxxer.hikari.pool.HikariPool - HikariPool-1 - Before cleanup stats (total=5, active=0, idle=5, waiting=0)
2026-03-23 16:00:45.701 [HikariPool-1 housekeeper] DEBUG [N/A] [N/A] com.zaxxer.hikari.pool.HikariPool - HikariPool-1 - After cleanup  stats (total=5, active=0, idle=5, waiting=0)
2026-03-23 16:00:45.701 [HikariPool-1 housekeeper] DEBUG [N/A] [N/A] com.zaxxer.hikari.pool.HikariPool - HikariPool-1 - Fill pool skipped, pool has sufficient level or currently being filled.
2026-03-23 16:01:15.706 [HikariPool-1 housekeeper] DEBUG [N/A] [N/A] com.zaxxer.hikari.pool.HikariPool - HikariPool-1 - Before cleanup stats (total=5, active=0, idle=5, waiting=0)
2026-03-23 16:01:15.708 [HikariPool-1 housekeeper] DEBUG [N/A] [N/A] com.zaxxer.hikari.pool.HikariPool - HikariPool-1 - After cleanup  stats (total=5, active=0, idle=5, waiting=0)
2026-03-23 16:01:15.708 [HikariPool-1 housekeeper] DEBUG [N/A] [N/A] com.zaxxer.hikari.pool.HikariPool - HikariPool-1 - Fill pool skipped, pool has sufficient level or currently being filled.
2026-03-23 16:01:45.711 [HikariPool-1 housekeeper] DEBUG [N/A] [N/A] com.zaxxer.hikari.pool.HikariPool - HikariPool-1 - Before cleanup stats (total=5, active=0, idle=5, waiting=0)
2026-03-23 16:01:45.713 [HikariPool-1 housekeeper] DEBUG [N/A] [N/A] com.zaxxer.hikari.pool.HikariPool - HikariPool-1 - After cleanup  stats (total=5, active=0, idle=5, waiting=0)
2026-03-23 16:01:45.713 [HikariPool-1 housekeeper] DEBUG [N/A] [N/A] com.zaxxer.hikari.pool.HikariPool - HikariPool-1 - Fill pool skipped, pool has sufficient level or currently being filled.
2026-03-23 16:02:15.715 [HikariPool-1 housekeeper] DEBUG [N/A] [N/A] com.zaxxer.hikari.pool.HikariPool - HikariPool-1 - Before cleanup stats (total=5, active=0, idle=5, waiting=0)
2026-03-23 16:02:15.717 [HikariPool-1 housekeeper] DEBUG [N/A] [N/A] com.zaxxer.hikari.pool.HikariPool - HikariPool-1 - After cleanup  stats (total=5, active=0, idle=5, waiting=0)
2026-03-23 16:02:15.717 [HikariPool-1 housekeeper] DEBUG [N/A] [N/A] com.zaxxer.hikari.pool.HikariPool - HikariPool-1 - Fill pool skipped, pool has sufficient level or currently being filled.
2026-03-23 16:02:45.703 [HikariPool-1 housekeeper] DEBUG [N/A] [N/A] com.zaxxer.hikari.pool.HikariPool - HikariPool-1 - Before cleanup stats (total=5, active=0, idle=5, waiting=0)
2026-03-23 16:02:45.704 [HikariPool-1 housekeeper] DEBUG [N/A] [N/A] com.zaxxer.hikari.pool.HikariPool - HikariPool-1 - After cleanup  stats (total=5, active=0, idle=5, waiting=0)
2026-03-23 16:02:45.704 [HikariPool-1 housekeeper] DEBUG [N/A] [N/A] com.zaxxer.hikari.pool.HikariPool - HikariPool-1 - Fill pool skipped, pool has sufficient level or currently being filled.
2026-03-23 16:03:15.707 [HikariPool-1 housekeeper] DEBUG [N/A] [N/A] com.zaxxer.hikari.pool.HikariPool - HikariPool-1 - Before cleanup stats (total=5, active=0, idle=5, waiting=0)
2026-03-23 16:03:15.708 [HikariPool-1 housekeeper] DEBUG [N/A] [N/A] com.zaxxer.hikari.pool.HikariPool - HikariPool-1 - After cleanup  stats (total=5, active=0, idle=5, waiting=0)
2026-03-23 16:03:15.708 [HikariPool-1 housekeeper] DEBUG [N/A] [N/A] com.zaxxer.hikari.pool.HikariPool - HikariPool-1 - Fill pool skipped, pool has sufficient level or currently being filled.
2026-03-23 16:03:45.713 [HikariPool-1 housekeeper] DEBUG [N/A] [N/A] com.zaxxer.hikari.pool.HikariPool - HikariPool-1 - Before cleanup stats (total=5, active=0, idle=5, waiting=0)
2026-03-23 16:03:45.716 [HikariPool-1 housekeeper] DEBUG [N/A] [N/A] com.zaxxer.hikari.pool.HikariPool - HikariPool-1 - After cleanup  stats (total=5, active=0, idle=5, waiting=0)
2026-03-23 16:03:45.716 [HikariPool-1 housekeeper] DEBUG [N/A] [N/A] com.zaxxer.hikari.pool.HikariPool - HikariPool-1 - Fill pool skipped, pool has sufficient level or currently being filled.
2026-03-23 16:04:15.721 [HikariPool-1 housekeeper] DEBUG [N/A] [N/A] com.zaxxer.hikari.pool.HikariPool - HikariPool-1 - Before cleanup stats (total=5, active=0, idle=5, waiting=0)
2026-03-23 16:04:15.722 [HikariPool-1 housekeeper] DEBUG [N/A] [N/A] com.zaxxer.hikari.pool.HikariPool - HikariPool-1 - After cleanup  stats (total=5, active=0, idle=5, waiting=0)
2026-03-23 16:04:15.722 [HikariPool-1 housekeeper] DEBUG [N/A] [N/A] com.zaxxer.hikari.pool.HikariPool - HikariPool-1 - Fill pool skipped, pool has sufficient level or currently being filled.
2026-03-23 16:04:45.727 [HikariPool-1 housekeeper] DEBUG [N/A] [N/A] com.zaxxer.hikari.pool.HikariPool - HikariPool-1 - Before cleanup stats (total=5, active=0, idle=5, waiting=0)
2026-03-23 16:04:45.729 [HikariPool-1 housekeeper] DEBUG [N/A] [N/A] com.zaxxer.hikari.pool.HikariPool - HikariPool-1 - After cleanup  stats (total=5, active=0, idle=5, waiting=0)
2026-03-23 16:04:45.729 [HikariPool-1 housekeeper] DEBUG [N/A] [N/A] com.zaxxer.hikari.pool.HikariPool - HikariPool-1 - Fill pool skipped, pool has sufficient level or currently being filled.
2026-03-23 16:05:15.735 [HikariPool-1 housekeeper] DEBUG [N/A] [N/A] com.zaxxer.hikari.pool.HikariPool - HikariPool-1 - Before cleanup stats (total=5, active=0, idle=5, waiting=0)
2026-03-23 16:05:15.735 [HikariPool-1 housekeeper] DEBUG [N/A] [N/A] com.zaxxer.hikari.pool.HikariPool - HikariPool-1 - After cleanup  stats (total=5, active=0, idle=5, waiting=0)
2026-03-23 16:05:15.735 [HikariPool-1 housekeeper] DEBUG [N/A] [N/A] com.zaxxer.hikari.pool.HikariPool - HikariPool-1 - Fill pool skipped, pool has sufficient level or currently being filled.
2026-03-23 16:05:45.736 [HikariPool-1 housekeeper] DEBUG [N/A] [N/A] com.zaxxer.hikari.pool.HikariPool - HikariPool-1 - Before cleanup stats (total=5, active=0, idle=5, waiting=0)
2026-03-23 16:05:45.736 [HikariPool-1 housekeeper] DEBUG [N/A] [N/A] com.zaxxer.hikari.pool.HikariPool - HikariPool-1 - After cleanup  stats (total=5, active=0, idle=5, waiting=0)
2026-03-23 16:05:45.737 [HikariPool-1 housekeeper] DEBUG [N/A] [N/A] com.zaxxer.hikari.pool.HikariPool - HikariPool-1 - Fill pool skipped, pool has sufficient level or currently being filled.
2026-03-23 16:06:15.743 [HikariPool-1 housekeeper] DEBUG [N/A] [N/A] com.zaxxer.hikari.pool.HikariPool - HikariPool-1 - Before cleanup stats (total=5, active=0, idle=5, waiting=0)
2026-03-23 16:06:15.743 [HikariPool-1 housekeeper] DEBUG [N/A] [N/A] com.zaxxer.hikari.pool.HikariPool - HikariPool-1 - After cleanup  stats (total=5, active=0, idle=5, waiting=0)
2026-03-23 16:06:15.743 [HikariPool-1 housekeeper] DEBUG [N/A] [N/A] com.zaxxer.hikari.pool.HikariPool - HikariPool-1 - Fill pool skipped, pool has sufficient level or currently being filled.
2026-03-23 16:06:45.747 [HikariPool-1 housekeeper] DEBUG [N/A] [N/A] com.zaxxer.hikari.pool.HikariPool - HikariPool-1 - Before cleanup stats (total=5, active=0, idle=5, waiting=0)
2026-03-23 16:06:45.749 [HikariPool-1 housekeeper] DEBUG [N/A] [N/A] com.zaxxer.hikari.pool.HikariPool - HikariPool-1 - After cleanup  stats (total=5, active=0, idle=5, waiting=0)
2026-03-23 16:06:45.749 [HikariPool-1 housekeeper] DEBUG [N/A] [N/A] com.zaxxer.hikari.pool.HikariPool - HikariPool-1 - Fill pool skipped, pool has sufficient level or currently being filled.
2026-03-23 16:07:15.753 [HikariPool-1 housekeeper] DEBUG [N/A] [N/A] com.zaxxer.hikari.pool.HikariPool - HikariPool-1 - Before cleanup stats (total=5, active=0, idle=5, waiting=0)
2026-03-23 16:07:15.755 [HikariPool-1 housekeeper] DEBUG [N/A] [N/A] com.zaxxer.hikari.pool.HikariPool - HikariPool-1 - After cleanup  stats (total=5, active=0, idle=5, waiting=0)
2026-03-23 16:07:15.755 [HikariPool-1 housekeeper] DEBUG [N/A] [N/A] com.zaxxer.hikari.pool.HikariPool - HikariPool-1 - Fill pool skipped, pool has sufficient level or currently being filled.
2026-03-23 16:07:45.760 [HikariPool-1 housekeeper] DEBUG [N/A] [N/A] com.zaxxer.hikari.pool.HikariPool - HikariPool-1 - Before cleanup stats (total=5, active=0, idle=5, waiting=0)
2026-03-23 16:07:45.762 [HikariPool-1 housekeeper] DEBUG [N/A] [N/A] com.zaxxer.hikari.pool.HikariPool - HikariPool-1 - After cleanup  stats (total=5, active=0, idle=5, waiting=0)
2026-03-23 16:07:45.762 [HikariPool-1 housekeeper] DEBUG [N/A] [N/A] com.zaxxer.hikari.pool.HikariPool - HikariPool-1 - Fill pool skipped, pool has sufficient level or currently being filled.
2026-03-23 16:08:15.768 [HikariPool-1 housekeeper] DEBUG [N/A] [N/A] com.zaxxer.hikari.pool.HikariPool - HikariPool-1 - Before cleanup stats (total=5, active=0, idle=5, waiting=0)
2026-03-23 16:08:15.768 [HikariPool-1 housekeeper] DEBUG [N/A] [N/A] com.zaxxer.hikari.pool.HikariPool - HikariPool-1 - After cleanup  stats (total=5, active=0, idle=5, waiting=0)
2026-03-23 16:08:15.768 [HikariPool-1 housekeeper] DEBUG [N/A] [N/A] com.zaxxer.hikari.pool.HikariPool - HikariPool-1 - Fill pool skipped, pool has sufficient level or currently being filled.
2026-03-23 16:08:45.774 [HikariPool-1 housekeeper] DEBUG [N/A] [N/A] com.zaxxer.hikari.pool.HikariPool - HikariPool-1 - Before cleanup stats (total=5, active=0, idle=5, waiting=0)
2026-03-23 16:08:45.777 [HikariPool-1 housekeeper] DEBUG [N/A] [N/A] com.zaxxer.hikari.pool.HikariPool - HikariPool-1 - After cleanup  stats (total=5, active=0, idle=5, waiting=0)
2026-03-23 16:08:45.777 [HikariPool-1 housekeeper] DEBUG [N/A] [N/A] com.zaxxer.hikari.pool.HikariPool - HikariPool-1 - Fill pool skipped, pool has sufficient level or currently being filled.
2026-03-23 16:09:15.782 [HikariPool-1 housekeeper] DEBUG [N/A] [N/A] com.zaxxer.hikari.pool.HikariPool - HikariPool-1 - Before cleanup stats (total=5, active=0, idle=5, waiting=0)
2026-03-23 16:09:15.783 [HikariPool-1 housekeeper] DEBUG [N/A] [N/A] com.zaxxer.hikari.pool.HikariPool - HikariPool-1 - After cleanup  stats (total=5, active=0, idle=5, waiting=0)
2026-03-23 16:09:15.783 [HikariPool-1 housekeeper] DEBUG [N/A] [N/A] com.zaxxer.hikari.pool.HikariPool - HikariPool-1 - Fill pool skipped, pool has sufficient level or currently being filled.
2026-03-23 16:09:45.784 [HikariPool-1 housekeeper] DEBUG [N/A] [N/A] com.zaxxer.hikari.pool.HikariPool - HikariPool-1 - Before cleanup stats (total=5, active=0, idle=5, waiting=0)
2026-03-23 16:09:45.786 [HikariPool-1 housekeeper] DEBUG [N/A] [N/A] com.zaxxer.hikari.pool.HikariPool - HikariPool-1 - After cleanup  stats (total=5, active=0, idle=5, waiting=0)
2026-03-23 16:09:45.786 [HikariPool-1 housekeeper] DEBUG [N/A] [N/A] com.zaxxer.hikari.pool.HikariPool - HikariPool-1 - Fill pool skipped, pool has sufficient level or currently being filled.
2026-03-23 16:10:15.790 [HikariPool-1 housekeeper] DEBUG [N/A] [N/A] com.zaxxer.hikari.pool.HikariPool - HikariPool-1 - Before cleanup stats (total=5, active=0, idle=5, waiting=0)
2026-03-23 16:10:15.791 [HikariPool-1 housekeeper] DEBUG [N/A] [N/A] com.zaxxer.hikari.pool.HikariPool - HikariPool-1 - After cleanup  stats (total=5, active=0, idle=5, waiting=0)
2026-03-23 16:10:15.791 [HikariPool-1 housekeeper] DEBUG [N/A] [N/A] com.zaxxer.hikari.pool.HikariPool - HikariPool-1 - Fill pool skipped, pool has sufficient level or currently being filled.
2026-03-23 16:10:45.793 [HikariPool-1 housekeeper] DEBUG [N/A] [N/A] com.zaxxer.hikari.pool.HikariPool - HikariPool-1 - Before cleanup stats (total=5, active=0, idle=5, waiting=0)
2026-03-23 16:10:45.794 [HikariPool-1 housekeeper] DEBUG [N/A] [N/A] com.zaxxer.hikari.pool.HikariPool - HikariPool-1 - After cleanup  stats (total=5, active=0, idle=5, waiting=0)
2026-03-23 16:10:45.794 [HikariPool-1 housekeeper] DEBUG [N/A] [N/A] com.zaxxer.hikari.pool.HikariPool - HikariPool-1 - Fill pool skipped, pool has sufficient level or currently being filled.
2026-03-23 16:11:15.798 [HikariPool-1 housekeeper] DEBUG [N/A] [N/A] com.zaxxer.hikari.pool.HikariPool - HikariPool-1 - Before cleanup stats (total=5, active=0, idle=5, waiting=0)
2026-03-23 16:11:15.799 [HikariPool-1 housekeeper] DEBUG [N/A] [N/A] com.zaxxer.hikari.pool.HikariPool - HikariPool-1 - After cleanup  stats (total=5, active=0, idle=5, waiting=0)
2026-03-23 16:11:15.799 [HikariPool-1 housekeeper] DEBUG [N/A] [N/A] com.zaxxer.hikari.pool.HikariPool - HikariPool-1 - Fill pool skipped, pool has sufficient level or currently being filled.
2026-03-23 16:11:45.800 [HikariPool-1 housekeeper] DEBUG [N/A] [N/A] com.zaxxer.hikari.pool.HikariPool - HikariPool-1 - Before cleanup stats (total=5, active=0, idle=5, waiting=0)
2026-03-23 16:11:45.801 [HikariPool-1 housekeeper] DEBUG [N/A] [N/A] com.zaxxer.hikari.pool.HikariPool - HikariPool-1 - After cleanup  stats (total=5, active=0, idle=5, waiting=0)
2026-03-23 16:11:45.802 [HikariPool-1 housekeeper] DEBUG [N/A] [N/A] com.zaxxer.hikari.pool.HikariPool - HikariPool-1 - Fill pool skipped, pool has sufficient level or currently being filled.
2026-03-24 10:48:57.813 [HikariPool-1 housekeeper] WARN  [N/A] [N/A] com.zaxxer.hikari.pool.HikariPool - HikariPool-1 - Thread starvation or clock leap detected (housekeeper delta=18h37m11s997ms).
2026-03-24 10:48:58.184 [HikariPool-1 housekeeper] DEBUG [N/A] [N/A] com.zaxxer.hikari.pool.HikariPool - HikariPool-1 - Before cleanup stats (total=5, active=0, idle=5, waiting=0)
2026-03-24 10:48:58.184 [HikariPool-1 housekeeper] DEBUG [N/A] [N/A] com.zaxxer.hikari.pool.HikariPool - HikariPool-1 - After cleanup  stats (total=5, active=0, idle=5, waiting=0)
2026-03-24 10:48:58.184 [HikariPool-1 housekeeper] DEBUG [N/A] [N/A] com.zaxxer.hikari.pool.HikariPool - HikariPool-1 - Fill pool skipped, pool has sufficient level or currently being filled.
2026-03-24 10:49:28.097 [HikariPool-1 housekeeper] DEBUG [N/A] [N/A] com.zaxxer.hikari.pool.HikariPool - HikariPool-1 - Before cleanup stats (total=5, active=0, idle=5, waiting=0)
2026-03-24 10:49:28.100 [HikariPool-1 housekeeper] DEBUG [N/A] [N/A] com.zaxxer.hikari.pool.HikariPool - HikariPool-1 - After cleanup  stats (total=5, active=0, idle=5, waiting=0)
2026-03-24 10:49:28.100 [HikariPool-1 housekeeper] DEBUG [N/A] [N/A] com.zaxxer.hikari.pool.HikariPool - HikariPool-1 - Fill pool skipped, pool has sufficient level or currently being filled.
2026-03-24 10:49:58.104 [HikariPool-1 housekeeper] DEBUG [N/A] [N/A] com.zaxxer.hikari.pool.HikariPool - HikariPool-1 - Before cleanup stats (total=5, active=0, idle=5, waiting=0)
2026-03-24 10:49:58.107 [HikariPool-1 housekeeper] DEBUG [N/A] [N/A] com.zaxxer.hikari.pool.HikariPool - HikariPool-1 - After cleanup  stats (total=5, active=0, idle=5, waiting=0)
2026-03-24 10:49:58.107 [HikariPool-1 housekeeper] DEBUG [N/A] [N/A] com.zaxxer.hikari.pool.HikariPool - HikariPool-1 - Fill pool skipped, pool has sufficient level or currently being filled.
2026-03-24 10:50:28.110 [HikariPool-1 housekeeper] DEBUG [N/A] [N/A] com.zaxxer.hikari.pool.HikariPool - HikariPool-1 - Before cleanup stats (total=5, active=0, idle=5, waiting=0)
2026-03-24 10:50:28.112 [HikariPool-1 housekeeper] DEBUG [N/A] [N/A] com.zaxxer.hikari.pool.HikariPool - HikariPool-1 - After cleanup  stats (total=5, active=0, idle=5, waiting=0)
2026-03-24 10:50:28.112 [HikariPool-1 housekeeper] DEBUG [N/A] [N/A] com.zaxxer.hikari.pool.HikariPool - HikariPool-1 - Fill pool skipped, pool has sufficient level or currently being filled.
2026-03-24 12:15:26.661 [HikariPool-1 housekeeper] WARN  [N/A] [N/A] com.zaxxer.hikari.pool.HikariPool - HikariPool-1 - Thread starvation or clock leap detected (housekeeper delta=1h24m58s550ms).
2026-03-24 12:15:26.664 [HikariPool-1 housekeeper] DEBUG [N/A] [N/A] com.zaxxer.hikari.pool.HikariPool - HikariPool-1 - Before cleanup stats (total=5, active=0, idle=5, waiting=0)
2026-03-24 12:15:26.665 [HikariPool-1 housekeeper] DEBUG [N/A] [N/A] com.zaxxer.hikari.pool.HikariPool - HikariPool-1 - After cleanup  stats (total=5, active=0, idle=5, waiting=0)
2026-03-24 12:15:26.665 [HikariPool-1 housekeeper] DEBUG [N/A] [N/A] com.zaxxer.hikari.pool.HikariPool - HikariPool-1 - Fill pool skipped, pool has sufficient level or currently being filled.
2026-03-24 12:15:56.669 [HikariPool-1 housekeeper] DEBUG [N/A] [N/A] com.zaxxer.hikari.pool.HikariPool - HikariPool-1 - Before cleanup stats (total=5, active=0, idle=5, waiting=0)
2026-03-24 12:15:56.671 [HikariPool-1 housekeeper] DEBUG [N/A] [N/A] com.zaxxer.hikari.pool.HikariPool - HikariPool-1 - After cleanup  stats (total=5, active=0, idle=5, waiting=0)
2026-03-24 12:15:56.671 [HikariPool-1 housekeeper] DEBUG [N/A] [N/A] com.zaxxer.hikari.pool.HikariPool - HikariPool-1 - Fill pool skipped, pool has sufficient level or currently being filled.
2026-03-24 12:16:26.674 [HikariPool-1 housekeeper] DEBUG [N/A] [N/A] com.zaxxer.hikari.pool.HikariPool - HikariPool-1 - Before cleanup stats (total=5, active=0, idle=5, waiting=0)
2026-03-24 12:16:26.675 [HikariPool-1 housekeeper] DEBUG [N/A] [N/A] com.zaxxer.hikari.pool.HikariPool - HikariPool-1 - After cleanup  stats (total=5, active=0, idle=5, waiting=0)
2026-03-24 12:16:26.675 [HikariPool-1 housekeeper] DEBUG [N/A] [N/A] com.zaxxer.hikari.pool.HikariPool - HikariPool-1 - Fill pool skipped, pool has sufficient level or currently being filled.
2026-03-24 12:16:56.679 [HikariPool-1 housekeeper] DEBUG [N/A] [N/A] com.zaxxer.hikari.pool.HikariPool - HikariPool-1 - Before cleanup stats (total=5, active=0, idle=5, waiting=0)
2026-03-24 12:16:56.679 [HikariPool-1 housekeeper] DEBUG [N/A] [N/A] com.zaxxer.hikari.pool.HikariPool - HikariPool-1 - After cleanup  stats (total=5, active=0, idle=5, waiting=0)
2026-03-24 12:16:56.679 [HikariPool-1 housekeeper] DEBUG [N/A] [N/A] com.zaxxer.hikari.pool.HikariPool - HikariPool-1 - Fill pool skipped, pool has sufficient level or currently being filled.
2026-03-24 12:17:26.683 [HikariPool-1 housekeeper] DEBUG [N/A] [N/A] com.zaxxer.hikari.pool.HikariPool - HikariPool-1 - Before cleanup stats (total=5, active=0, idle=5, waiting=0)
2026-03-24 12:17:26.684 [HikariPool-1 housekeeper] DEBUG [N/A] [N/A] com.zaxxer.hikari.pool.HikariPool - HikariPool-1 - After cleanup  stats (total=5, active=0, idle=5, waiting=0)
2026-03-24 12:17:26.685 [HikariPool-1 housekeeper] DEBUG [N/A] [N/A] com.zaxxer.hikari.pool.HikariPool - HikariPool-1 - Fill pool skipped, pool has sufficient level or currently being filled.
2026-03-24 12:17:56.689 [HikariPool-1 housekeeper] DEBUG [N/A] [N/A] com.zaxxer.hikari.pool.HikariPool - HikariPool-1 - Before cleanup stats (total=5, active=0, idle=5, waiting=0)
2026-03-24 12:17:56.691 [HikariPool-1 housekeeper] DEBUG [N/A] [N/A] com.zaxxer.hikari.pool.HikariPool - HikariPool-1 - After cleanup  stats (total=5, active=0, idle=5, waiting=0)
2026-03-24 12:17:56.691 [HikariPool-1 housekeeper] DEBUG [N/A] [N/A] com.zaxxer.hikari.pool.HikariPool - HikariPool-1 - Fill pool skipped, pool has sufficient level or currently being filled.
2026-03-24 12:18:26.692 [HikariPool-1 housekeeper] DEBUG [N/A] [N/A] com.zaxxer.hikari.pool.HikariPool - HikariPool-1 - Before cleanup stats (total=5, active=0, idle=5, waiting=0)
2026-03-24 12:18:26.692 [HikariPool-1 housekeeper] DEBUG [N/A] [N/A] com.zaxxer.hikari.pool.HikariPool - HikariPool-1 - After cleanup  stats (total=5, active=0, idle=5, waiting=0)
2026-03-24 12:18:26.692 [HikariPool-1 housekeeper] DEBUG [N/A] [N/A] com.zaxxer.hikari.pool.HikariPool - HikariPool-1 - Fill pool skipped, pool has sufficient level or currently being filled.
2026-03-24 12:18:56.695 [HikariPool-1 housekeeper] DEBUG [N/A] [N/A] com.zaxxer.hikari.pool.HikariPool - HikariPool-1 - Before cleanup stats (total=5, active=0, idle=5, waiting=0)
2026-03-24 12:18:56.697 [HikariPool-1 housekeeper] DEBUG [N/A] [N/A] com.zaxxer.hikari.pool.HikariPool - HikariPool-1 - After cleanup  stats (total=5, active=0, idle=5, waiting=0)
2026-03-24 12:18:56.699 [HikariPool-1 housekeeper] DEBUG [N/A] [N/A] com.zaxxer.hikari.pool.HikariPool - HikariPool-1 - Fill pool skipped, pool has sufficient level or currently being filled.
2026-03-24 12:19:26.699 [HikariPool-1 housekeeper] DEBUG [N/A] [N/A] com.zaxxer.hikari.pool.HikariPool - HikariPool-1 - Before cleanup stats (total=5, active=0, idle=5, waiting=0)
2026-03-24 12:19:26.699 [HikariPool-1 housekeeper] DEBUG [N/A] [N/A] com.zaxxer.hikari.pool.HikariPool - HikariPool-1 - After cleanup  stats (total=5, active=0, idle=5, waiting=0)
2026-03-24 12:19:26.699 [HikariPool-1 housekeeper] DEBUG [N/A] [N/A] com.zaxxer.hikari.pool.HikariPool - HikariPool-1 - Fill pool skipped, pool has sufficient level or currently being filled.
2026-03-24 12:19:56.701 [HikariPool-1 housekeeper] DEBUG [N/A] [N/A] com.zaxxer.hikari.pool.HikariPool - HikariPool-1 - Before cleanup stats (total=5, active=0, idle=5, waiting=0)
2026-03-24 12:19:56.701 [HikariPool-1 housekeeper] DEBUG [N/A] [N/A] com.zaxxer.hikari.pool.HikariPool - HikariPool-1 - After cleanup  stats (total=5, active=0, idle=5, waiting=0)
2026-03-24 12:19:56.701 [HikariPool-1 housekeeper] DEBUG [N/A] [N/A] com.zaxxer.hikari.pool.HikariPool - HikariPool-1 - Fill pool skipped, pool has sufficient level or currently being filled.
2026-03-24 12:20:26.701 [HikariPool-1 housekeeper] DEBUG [N/A] [N/A] com.zaxxer.hikari.pool.HikariPool - HikariPool-1 - Before cleanup stats (total=5, active=0, idle=5, waiting=0)
2026-03-24 12:20:26.703 [HikariPool-1 housekeeper] DEBUG [N/A] [N/A] com.zaxxer.hikari.pool.HikariPool - HikariPool-1 - After cleanup  stats (total=5, active=0, idle=5, waiting=0)
2026-03-24 12:20:26.703 [HikariPool-1 housekeeper] DEBUG [N/A] [N/A] com.zaxxer.hikari.pool.HikariPool - HikariPool-1 - Fill pool skipped, pool has sufficient level or currently being filled.
2026-03-24 12:20:56.706 [HikariPool-1 housekeeper] DEBUG [N/A] [N/A] com.zaxxer.hikari.pool.HikariPool - HikariPool-1 - Before cleanup stats (total=5, active=0, idle=5, waiting=0)
2026-03-24 12:20:56.706 [HikariPool-1 housekeeper] DEBUG [N/A] [N/A] com.zaxxer.hikari.pool.HikariPool - HikariPool-1 - After cleanup  stats (total=5, active=0, idle=5, waiting=0)
2026-03-24 12:20:56.706 [HikariPool-1 housekeeper] DEBUG [N/A] [N/A] com.zaxxer.hikari.pool.HikariPool - HikariPool-1 - Fill pool skipped, pool has sufficient level or currently being filled.
2026-03-24 12:21:26.709 [HikariPool-1 housekeeper] DEBUG [N/A] [N/A] com.zaxxer.hikari.pool.HikariPool - HikariPool-1 - Before cleanup stats (total=5, active=0, idle=5, waiting=0)
2026-03-24 12:21:26.711 [HikariPool-1 housekeeper] DEBUG [N/A] [N/A] com.zaxxer.hikari.pool.HikariPool - HikariPool-1 - After cleanup  stats (total=5, active=0, idle=5, waiting=0)
2026-03-24 12:21:26.712 [HikariPool-1 housekeeper] DEBUG [N/A] [N/A] com.zaxxer.hikari.pool.HikariPool - HikariPool-1 - Fill pool skipped, pool has sufficient level or currently being filled.
2026-03-24 12:21:56.717 [HikariPool-1 housekeeper] DEBUG [N/A] [N/A] com.zaxxer.hikari.pool.HikariPool - HikariPool-1 - Before cleanup stats (total=5, active=0, idle=5, waiting=0)
2026-03-24 12:21:56.718 [HikariPool-1 housekeeper] DEBUG [N/A] [N/A] com.zaxxer.hikari.pool.HikariPool - HikariPool-1 - After cleanup  stats (total=5, active=0, idle=5, waiting=0)
2026-03-24 12:21:56.719 [HikariPool-1 housekeeper] DEBUG [N/A] [N/A] com.zaxxer.hikari.pool.HikariPool - HikariPool-1 - Fill pool skipped, pool has sufficient level or currently being filled.
2026-03-24 12:22:26.721 [HikariPool-1 housekeeper] DEBUG [N/A] [N/A] com.zaxxer.hikari.pool.HikariPool - HikariPool-1 - Before cleanup stats (total=5, active=0, idle=5, waiting=0)
2026-03-24 12:22:26.722 [HikariPool-1 housekeeper] DEBUG [N/A] [N/A] com.zaxxer.hikari.pool.HikariPool - HikariPool-1 - After cleanup  stats (total=5, active=0, idle=5, waiting=0)
2026-03-24 12:22:26.722 [HikariPool-1 housekeeper] DEBUG [N/A] [N/A] com.zaxxer.hikari.pool.HikariPool - HikariPool-1 - Fill pool skipped, pool has sufficient level or currently being filled.
2026-03-24 12:22:56.724 [HikariPool-1 housekeeper] DEBUG [N/A] [N/A] com.zaxxer.hikari.pool.HikariPool - HikariPool-1 - Before cleanup stats (total=5, active=0, idle=5, waiting=0)
2026-03-24 12:22:56.725 [HikariPool-1 housekeeper] DEBUG [N/A] [N/A] com.zaxxer.hikari.pool.HikariPool - HikariPool-1 - After cleanup  stats (total=5, active=0, idle=5, waiting=0)
2026-03-24 12:22:56.725 [HikariPool-1 housekeeper] DEBUG [N/A] [N/A] com.zaxxer.hikari.pool.HikariPool - HikariPool-1 - Fill pool skipped, pool has sufficient level or currently being filled.
2026-03-24 12:23:26.729 [HikariPool-1 housekeeper] DEBUG [N/A] [N/A] com.zaxxer.hikari.pool.HikariPool - HikariPool-1 - Before cleanup stats (total=5, active=0, idle=5, waiting=0)
2026-03-24 12:23:26.730 [HikariPool-1 housekeeper] DEBUG [N/A] [N/A] com.zaxxer.hikari.pool.HikariPool - HikariPool-1 - After cleanup  stats (total=5, active=0, idle=5, waiting=0)
2026-03-24 12:23:26.730 [HikariPool-1 housekeeper] DEBUG [N/A] [N/A] com.zaxxer.hikari.pool.HikariPool - HikariPool-1 - Fill pool skipped, pool has sufficient level or currently being filled.
2026-03-24 12:23:56.734 [HikariPool-1 housekeeper] DEBUG [N/A] [N/A] com.zaxxer.hikari.pool.HikariPool - HikariPool-1 - Before cleanup stats (total=5, active=0, idle=5, waiting=0)
2026-03-24 12:23:56.734 [HikariPool-1 housekeeper] DEBUG [N/A] [N/A] com.zaxxer.hikari.pool.HikariPool - HikariPool-1 - After cleanup  stats (total=5, active=0, idle=5, waiting=0)
2026-03-24 12:23:56.734 [HikariPool-1 housekeeper] DEBUG [N/A] [N/A] com.zaxxer.hikari.pool.HikariPool - HikariPool-1 - Fill pool skipped, pool has sufficient level or currently being filled.
2026-03-24 12:24:26.736 [HikariPool-1 housekeeper] DEBUG [N/A] [N/A] com.zaxxer.hikari.pool.HikariPool - HikariPool-1 - Before cleanup stats (total=5, active=0, idle=5, waiting=0)
2026-03-24 12:24:26.736 [HikariPool-1 housekeeper] DEBUG [N/A] [N/A] com.zaxxer.hikari.pool.HikariPool - HikariPool-1 - After cleanup  stats (total=5, active=0, idle=5, waiting=0)
2026-03-24 12:24:26.736 [HikariPool-1 housekeeper] DEBUG [N/A] [N/A] com.zaxxer.hikari.pool.HikariPool - HikariPool-1 - Fill pool skipped, pool has sufficient level or currently being filled.
2026-03-24 12:24:56.740 [HikariPool-1 housekeeper] DEBUG [N/A] [N/A] com.zaxxer.hikari.pool.HikariPool - HikariPool-1 - Before cleanup stats (total=5, active=0, idle=5, waiting=0)
2026-03-24 12:24:56.741 [HikariPool-1 housekeeper] DEBUG [N/A] [N/A] com.zaxxer.hikari.pool.HikariPool - HikariPool-1 - After cleanup  stats (total=5, active=0, idle=5, waiting=0)
2026-03-24 12:24:56.741 [HikariPool-1 housekeeper] DEBUG [N/A] [N/A] com.zaxxer.hikari.pool.HikariPool - HikariPool-1 - Fill pool skipped, pool has sufficient level or currently being filled.
2026-03-24 12:25:26.745 [HikariPool-1 housekeeper] DEBUG [N/A] [N/A] com.zaxxer.hikari.pool.HikariPool - HikariPool-1 - Before cleanup stats (total=5, active=0, idle=5, waiting=0)
2026-03-24 12:25:26.745 [HikariPool-1 housekeeper] DEBUG [N/A] [N/A] com.zaxxer.hikari.pool.HikariPool - HikariPool-1 - After cleanup  stats (total=5, active=0, idle=5, waiting=0)
2026-03-24 12:25:26.745 [HikariPool-1 housekeeper] DEBUG [N/A] [N/A] com.zaxxer.hikari.pool.HikariPool - HikariPool-1 - Fill pool skipped, pool has sufficient level or currently being filled.
2026-03-24 12:25:56.750 [HikariPool-1 housekeeper] DEBUG [N/A] [N/A] com.zaxxer.hikari.pool.HikariPool - HikariPool-1 - Before cleanup stats (total=5, active=0, idle=5, waiting=0)
2026-03-24 12:25:56.750 [HikariPool-1 housekeeper] DEBUG [N/A] [N/A] com.zaxxer.hikari.pool.HikariPool - HikariPool-1 - After cleanup  stats (total=5, active=0, idle=5, waiting=0)
2026-03-24 12:25:56.751 [HikariPool-1 housekeeper] DEBUG [N/A] [N/A] com.zaxxer.hikari.pool.HikariPool - HikariPool-1 - Fill pool skipped, pool has sufficient level or currently being filled.
2026-03-24 12:26:26.751 [HikariPool-1 housekeeper] DEBUG [N/A] [N/A] com.zaxxer.hikari.pool.HikariPool - HikariPool-1 - Before cleanup stats (total=5, active=0, idle=5, waiting=0)
2026-03-24 12:26:26.751 [HikariPool-1 housekeeper] DEBUG [N/A] [N/A] com.zaxxer.hikari.pool.HikariPool - HikariPool-1 - After cleanup  stats (total=5, active=0, idle=5, waiting=0)
2026-03-24 12:26:26.751 [HikariPool-1 housekeeper] DEBUG [N/A] [N/A] com.zaxxer.hikari.pool.HikariPool - HikariPool-1 - Fill pool skipped, pool has sufficient level or currently being filled.
2026-03-24 12:26:56.755 [HikariPool-1 housekeeper] DEBUG [N/A] [N/A] com.zaxxer.hikari.pool.HikariPool - HikariPool-1 - Before cleanup stats (total=5, active=0, idle=5, waiting=0)
2026-03-24 12:26:56.756 [HikariPool-1 housekeeper] DEBUG [N/A] [N/A] com.zaxxer.hikari.pool.HikariPool - HikariPool-1 - After cleanup  stats (total=5, active=0, idle=5, waiting=0)
2026-03-24 12:26:56.756 [HikariPool-1 housekeeper] DEBUG [N/A] [N/A] com.zaxxer.hikari.pool.HikariPool - HikariPool-1 - Fill pool skipped, pool has sufficient level or currently being filled.
2026-03-24 12:27:26.761 [HikariPool-1 housekeeper] DEBUG [N/A] [N/A] com.zaxxer.hikari.pool.HikariPool - HikariPool-1 - Before cleanup stats (total=5, active=0, idle=5, waiting=0)
2026-03-24 12:27:26.763 [HikariPool-1 housekeeper] DEBUG [N/A] [N/A] com.zaxxer.hikari.pool.HikariPool - HikariPool-1 - After cleanup  stats (total=5, active=0, idle=5, waiting=0)
2026-03-24 12:27:26.765 [HikariPool-1 housekeeper] DEBUG [N/A] [N/A] com.zaxxer.hikari.pool.HikariPool - HikariPool-1 - Fill pool skipped, pool has sufficient level or currently being filled.
2026-03-24 12:27:56.765 [HikariPool-1 housekeeper] DEBUG [N/A] [N/A] com.zaxxer.hikari.pool.HikariPool - HikariPool-1 - Before cleanup stats (total=5, active=0, idle=5, waiting=0)
2026-03-24 12:27:56.766 [HikariPool-1 housekeeper] DEBUG [N/A] [N/A] com.zaxxer.hikari.pool.HikariPool - HikariPool-1 - After cleanup  stats (total=5, active=0, idle=5, waiting=0)
2026-03-24 12:27:56.766 [HikariPool-1 housekeeper] DEBUG [N/A] [N/A] com.zaxxer.hikari.pool.HikariPool - HikariPool-1 - Fill pool skipped, pool has sufficient level or currently being filled.
2026-03-24 12:27:58.746 [HikariPool-1 connection closer] DEBUG [N/A] [N/A] com.zaxxer.hikari.pool.PoolBase - HikariPool-1 - Closing connection org.postgresql.jdbc.PgConnection@af456d1: (connection has passed maxLifetime)
2026-03-24 12:27:59.715 [HikariPool-1 connection adder] DEBUG [N/A] [N/A] com.zaxxer.hikari.pool.HikariPool - HikariPool-1 - Added connection org.postgresql.jdbc.PgConnection@2e40cca5
2026-03-24 12:27:59.749 [HikariPool-1 connection adder] DEBUG [N/A] [N/A] com.zaxxer.hikari.pool.HikariPool - HikariPool-1 - Connection not added, stats (total=5, active=0, idle=5, waiting=0)
2026-03-24 12:28:16.432 [HikariPool-1 connection closer] DEBUG [N/A] [N/A] com.zaxxer.hikari.pool.PoolBase - HikariPool-1 - Closing connection org.postgresql.jdbc.PgConnection@c1ad286: (connection has passed maxLifetime)
2026-03-24 12:28:16.633 [HikariPool-1 connection adder] DEBUG [N/A] [N/A] com.zaxxer.hikari.pool.HikariPool - HikariPool-1 - Added connection org.postgresql.jdbc.PgConnection@43f6718c
2026-03-24 12:28:16.665 [HikariPool-1 connection adder] DEBUG [N/A] [N/A] com.zaxxer.hikari.pool.HikariPool - HikariPool-1 - Connection not added, stats (total=5, active=0, idle=5, waiting=0)
2026-03-24 12:28:26.772 [HikariPool-1 housekeeper] DEBUG [N/A] [N/A] com.zaxxer.hikari.pool.HikariPool - HikariPool-1 - Before cleanup stats (total=5, active=0, idle=5, waiting=0)
2026-03-24 12:28:26.772 [HikariPool-1 housekeeper] DEBUG [N/A] [N/A] com.zaxxer.hikari.pool.HikariPool - HikariPool-1 - After cleanup  stats (total=5, active=0, idle=5, waiting=0)
2026-03-24 12:28:26.773 [HikariPool-1 housekeeper] DEBUG [N/A] [N/A] com.zaxxer.hikari.pool.HikariPool - HikariPool-1 - Fill pool skipped, pool has sufficient level or currently being filled.
2026-03-24 12:28:42.540 [HikariPool-1 connection closer] DEBUG [N/A] [N/A] com.zaxxer.hikari.pool.PoolBase - HikariPool-1 - Closing connection org.postgresql.jdbc.PgConnection@5b75cdb4: (connection has passed maxLifetime)
2026-03-24 12:28:42.779 [HikariPool-1 connection adder] DEBUG [N/A] [N/A] com.zaxxer.hikari.pool.HikariPool - HikariPool-1 - Added connection org.postgresql.jdbc.PgConnection@32d1462a
2026-03-24 12:28:42.809 [HikariPool-1 connection adder] DEBUG [N/A] [N/A] com.zaxxer.hikari.pool.HikariPool - HikariPool-1 - Connection not added, stats (total=5, active=0, idle=5, waiting=0)
2026-03-24 12:28:56.774 [HikariPool-1 housekeeper] DEBUG [N/A] [N/A] com.zaxxer.hikari.pool.HikariPool - HikariPool-1 - Before cleanup stats (total=5, active=0, idle=5, waiting=0)
2026-03-24 12:28:56.776 [HikariPool-1 housekeeper] DEBUG [N/A] [N/A] com.zaxxer.hikari.pool.HikariPool - HikariPool-1 - After cleanup  stats (total=5, active=0, idle=5, waiting=0)
2026-03-24 12:28:56.776 [HikariPool-1 housekeeper] DEBUG [N/A] [N/A] com.zaxxer.hikari.pool.HikariPool - HikariPool-1 - Fill pool skipped, pool has sufficient level or currently being filled.
2026-03-24 12:29:22.443 [HikariPool-1 connection closer] DEBUG [N/A] [N/A] com.zaxxer.hikari.pool.PoolBase - HikariPool-1 - Closing connection org.postgresql.jdbc.PgConnection@55e13c14: (connection has passed maxLifetime)
2026-03-24 12:29:22.697 [HikariPool-1 connection adder] DEBUG [N/A] [N/A] com.zaxxer.hikari.pool.HikariPool - HikariPool-1 - Added connection org.postgresql.jdbc.PgConnection@5904a3ed
2026-03-24 12:29:22.728 [HikariPool-1 connection adder] DEBUG [N/A] [N/A] com.zaxxer.hikari.pool.HikariPool - HikariPool-1 - Connection not added, stats (total=5, active=0, idle=5, waiting=0)
2026-03-24 12:29:25.454 [HikariPool-1 connection closer] DEBUG [N/A] [N/A] com.zaxxer.hikari.pool.PoolBase - HikariPool-1 - Closing connection org.postgresql.jdbc.PgConnection@6e3019e5: (connection has passed maxLifetime)
2026-03-24 12:29:25.984 [HikariPool-1 connection adder] DEBUG [N/A] [N/A] com.zaxxer.hikari.pool.HikariPool - HikariPool-1 - Added connection org.postgresql.jdbc.PgConnection@57c346bd
2026-03-24 12:29:26.015 [HikariPool-1 connection adder] DEBUG [N/A] [N/A] com.zaxxer.hikari.pool.HikariPool - HikariPool-1 - Connection not added, stats (total=5, active=0, idle=5, waiting=0)
2026-03-24 12:29:26.779 [HikariPool-1 housekeeper] DEBUG [N/A] [N/A] com.zaxxer.hikari.pool.HikariPool - HikariPool-1 - Before cleanup stats (total=5, active=0, idle=5, waiting=0)
2026-03-24 12:29:26.779 [HikariPool-1 housekeeper] DEBUG [N/A] [N/A] com.zaxxer.hikari.pool.HikariPool - HikariPool-1 - After cleanup  stats (total=5, active=0, idle=5, waiting=0)
2026-03-24 12:29:26.781 [HikariPool-1 housekeeper] DEBUG [N/A] [N/A] com.zaxxer.hikari.pool.HikariPool - HikariPool-1 - Fill pool skipped, pool has sufficient level or currently being filled.
2026-03-24 12:29:56.784 [HikariPool-1 housekeeper] DEBUG [N/A] [N/A] com.zaxxer.hikari.pool.HikariPool - HikariPool-1 - Before cleanup stats (total=5, active=0, idle=5, waiting=0)
2026-03-24 12:29:56.785 [HikariPool-1 housekeeper] DEBUG [N/A] [N/A] com.zaxxer.hikari.pool.HikariPool - HikariPool-1 - After cleanup  stats (total=5, active=0, idle=5, waiting=0)
2026-03-24 12:29:56.785 [HikariPool-1 housekeeper] DEBUG [N/A] [N/A] com.zaxxer.hikari.pool.HikariPool - HikariPool-1 - Fill pool skipped, pool has sufficient level or currently being filled.
2026-03-24 12:30:26.872 [HikariPool-1 housekeeper] DEBUG [N/A] [N/A] com.zaxxer.hikari.pool.HikariPool - HikariPool-1 - Before cleanup stats (total=5, active=0, idle=5, waiting=0)
2026-03-24 12:30:26.873 [HikariPool-1 housekeeper] DEBUG [N/A] [N/A] com.zaxxer.hikari.pool.HikariPool - HikariPool-1 - After cleanup  stats (total=5, active=0, idle=5, waiting=0)
2026-03-24 12:30:26.873 [HikariPool-1 housekeeper] DEBUG [N/A] [N/A] com.zaxxer.hikari.pool.HikariPool - HikariPool-1 - Fill pool skipped, pool has sufficient level or currently being filled.
2026-03-24 12:30:56.878 [HikariPool-1 housekeeper] DEBUG [N/A] [N/A] com.zaxxer.hikari.pool.HikariPool - HikariPool-1 - Before cleanup stats (total=5, active=0, idle=5, waiting=0)
2026-03-24 12:30:56.879 [HikariPool-1 housekeeper] DEBUG [N/A] [N/A] com.zaxxer.hikari.pool.HikariPool - HikariPool-1 - After cleanup  stats (total=5, active=0, idle=5, waiting=0)
2026-03-24 12:30:56.879 [HikariPool-1 housekeeper] DEBUG [N/A] [N/A] com.zaxxer.hikari.pool.HikariPool - HikariPool-1 - Fill pool skipped, pool has sufficient level or currently being filled.
2026-03-24 12:31:26.882 [HikariPool-1 housekeeper] DEBUG [N/A] [N/A] com.zaxxer.hikari.pool.HikariPool - HikariPool-1 - Before cleanup stats (total=5, active=0, idle=5, waiting=0)
2026-03-24 12:31:26.883 [HikariPool-1 housekeeper] DEBUG [N/A] [N/A] com.zaxxer.hikari.pool.HikariPool - HikariPool-1 - After cleanup  stats (total=5, active=0, idle=5, waiting=0)
2026-03-24 12:31:26.883 [HikariPool-1 housekeeper] DEBUG [N/A] [N/A] com.zaxxer.hikari.pool.HikariPool - HikariPool-1 - Fill pool skipped, pool has sufficient level or currently being filled.
2026-03-24 12:31:56.887 [HikariPool-1 housekeeper] DEBUG [N/A] [N/A] com.zaxxer.hikari.pool.HikariPool - HikariPool-1 - Before cleanup stats (total=5, active=0, idle=5, waiting=0)
2026-03-24 12:31:56.889 [HikariPool-1 housekeeper] DEBUG [N/A] [N/A] com.zaxxer.hikari.pool.HikariPool - HikariPool-1 - After cleanup  stats (total=5, active=0, idle=5, waiting=0)
2026-03-24 12:31:56.889 [HikariPool-1 housekeeper] DEBUG [N/A] [N/A] com.zaxxer.hikari.pool.HikariPool - HikariPool-1 - Fill pool skipped, pool has sufficient level or currently being filled.
2026-03-24 12:32:26.894 [HikariPool-1 housekeeper] DEBUG [N/A] [N/A] com.zaxxer.hikari.pool.HikariPool - HikariPool-1 - Before cleanup stats (total=5, active=0, idle=5, waiting=0)
2026-03-24 12:32:26.894 [HikariPool-1 housekeeper] DEBUG [N/A] [N/A] com.zaxxer.hikari.pool.HikariPool - HikariPool-1 - After cleanup  stats (total=5, active=0, idle=5, waiting=0)
2026-03-24 12:32:26.894 [HikariPool-1 housekeeper] DEBUG [N/A] [N/A] com.zaxxer.hikari.pool.HikariPool - HikariPool-1 - Fill pool skipped, pool has sufficient level or currently being filled.
2026-03-24 12:32:56.897 [HikariPool-1 housekeeper] DEBUG [N/A] [N/A] com.zaxxer.hikari.pool.HikariPool - HikariPool-1 - Before cleanup stats (total=5, active=0, idle=5, waiting=0)
2026-03-24 12:32:56.899 [HikariPool-1 housekeeper] DEBUG [N/A] [N/A] com.zaxxer.hikari.pool.HikariPool - HikariPool-1 - After cleanup  stats (total=5, active=0, idle=5, waiting=0)
2026-03-24 12:32:56.899 [HikariPool-1 housekeeper] DEBUG [N/A] [N/A] com.zaxxer.hikari.pool.HikariPool - HikariPool-1 - Fill pool skipped, pool has sufficient level or currently being filled.
2026-03-24 12:33:26.902 [HikariPool-1 housekeeper] DEBUG [N/A] [N/A] com.zaxxer.hikari.pool.HikariPool - HikariPool-1 - Before cleanup stats (total=5, active=0, idle=5, waiting=0)
2026-03-24 12:33:26.902 [HikariPool-1 housekeeper] DEBUG [N/A] [N/A] com.zaxxer.hikari.pool.HikariPool - HikariPool-1 - After cleanup  stats (total=5, active=0, idle=5, waiting=0)
2026-03-24 12:33:26.904 [HikariPool-1 housekeeper] DEBUG [N/A] [N/A] com.zaxxer.hikari.pool.HikariPool - HikariPool-1 - Fill pool skipped, pool has sufficient level or currently being filled.
2026-03-24 12:33:56.906 [HikariPool-1 housekeeper] DEBUG [N/A] [N/A] com.zaxxer.hikari.pool.HikariPool - HikariPool-1 - Before cleanup stats (total=5, active=0, idle=5, waiting=0)
2026-03-24 12:33:56.906 [HikariPool-1 housekeeper] DEBUG [N/A] [N/A] com.zaxxer.hikari.pool.HikariPool - HikariPool-1 - After cleanup  stats (total=5, active=0, idle=5, waiting=0)
2026-03-24 12:33:56.906 [HikariPool-1 housekeeper] DEBUG [N/A] [N/A] com.zaxxer.hikari.pool.HikariPool - HikariPool-1 - Fill pool skipped, pool has sufficient level or currently being filled.
2026-03-24 12:34:26.908 [HikariPool-1 housekeeper] DEBUG [N/A] [N/A] com.zaxxer.hikari.pool.HikariPool - HikariPool-1 - Before cleanup stats (total=5, active=0, idle=5, waiting=0)
2026-03-24 12:34:26.910 [HikariPool-1 housekeeper] DEBUG [N/A] [N/A] com.zaxxer.hikari.pool.HikariPool - HikariPool-1 - After cleanup  stats (total=5, active=0, idle=5, waiting=0)
2026-03-24 12:34:26.910 [HikariPool-1 housekeeper] DEBUG [N/A] [N/A] com.zaxxer.hikari.pool.HikariPool - HikariPool-1 - Fill pool skipped, pool has sufficient level or currently being filled.
2026-03-24 12:34:56.914 [HikariPool-1 housekeeper] DEBUG [N/A] [N/A] com.zaxxer.hikari.pool.HikariPool - HikariPool-1 - Before cleanup stats (total=5, active=0, idle=5, waiting=0)
2026-03-24 12:34:56.914 [HikariPool-1 housekeeper] DEBUG [N/A] [N/A] com.zaxxer.hikari.pool.HikariPool - HikariPool-1 - After cleanup  stats (total=5, active=0, idle=5, waiting=0)
2026-03-24 12:34:56.915 [HikariPool-1 housekeeper] DEBUG [N/A] [N/A] com.zaxxer.hikari.pool.HikariPool - HikariPool-1 - Fill pool skipped, pool has sufficient level or currently being filled.
2026-03-24 12:35:26.915 [HikariPool-1 housekeeper] DEBUG [N/A] [N/A] com.zaxxer.hikari.pool.HikariPool - HikariPool-1 - Before cleanup stats (total=5, active=0, idle=5, waiting=0)
2026-03-24 12:35:26.915 [HikariPool-1 housekeeper] DEBUG [N/A] [N/A] com.zaxxer.hikari.pool.HikariPool - HikariPool-1 - After cleanup  stats (total=5, active=0, idle=5, waiting=0)
2026-03-24 12:35:26.915 [HikariPool-1 housekeeper] DEBUG [N/A] [N/A] com.zaxxer.hikari.pool.HikariPool - HikariPool-1 - Fill pool skipped, pool has sufficient level or currently being filled.
2026-03-24 12:35:56.919 [HikariPool-1 housekeeper] DEBUG [N/A] [N/A] com.zaxxer.hikari.pool.HikariPool - HikariPool-1 - Before cleanup stats (total=5, active=0, idle=5, waiting=0)
2026-03-24 12:35:56.920 [HikariPool-1 housekeeper] DEBUG [N/A] [N/A] com.zaxxer.hikari.pool.HikariPool - HikariPool-1 - After cleanup  stats (total=5, active=0, idle=5, waiting=0)
2026-03-24 12:35:56.921 [HikariPool-1 housekeeper] DEBUG [N/A] [N/A] com.zaxxer.hikari.pool.HikariPool - HikariPool-1 - Fill pool skipped, pool has sufficient level or currently being filled.
2026-03-24 12:36:26.923 [HikariPool-1 housekeeper] DEBUG [N/A] [N/A] com.zaxxer.hikari.pool.HikariPool - HikariPool-1 - Before cleanup stats (total=5, active=0, idle=5, waiting=0)
2026-03-24 12:36:26.926 [HikariPool-1 housekeeper] DEBUG [N/A] [N/A] com.zaxxer.hikari.pool.HikariPool - HikariPool-1 - After cleanup  stats (total=5, active=0, idle=5, waiting=0)
2026-03-24 12:36:26.926 [HikariPool-1 housekeeper] DEBUG [N/A] [N/A] com.zaxxer.hikari.pool.HikariPool - HikariPool-1 - Fill pool skipped, pool has sufficient level or currently being filled.
2026-03-24 12:36:56.930 [HikariPool-1 housekeeper] DEBUG [N/A] [N/A] com.zaxxer.hikari.pool.HikariPool - HikariPool-1 - Before cleanup stats (total=5, active=0, idle=5, waiting=0)
2026-03-24 12:36:56.930 [HikariPool-1 housekeeper] DEBUG [N/A] [N/A] com.zaxxer.hikari.pool.HikariPool - HikariPool-1 - After cleanup  stats (total=5, active=0, idle=5, waiting=0)
2026-03-24 12:36:56.930 [HikariPool-1 housekeeper] DEBUG [N/A] [N/A] com.zaxxer.hikari.pool.HikariPool - HikariPool-1 - Fill pool skipped, pool has sufficient level or currently being filled.
2026-03-24 12:37:26.934 [HikariPool-1 housekeeper] DEBUG [N/A] [N/A] com.zaxxer.hikari.pool.HikariPool - HikariPool-1 - Before cleanup stats (total=5, active=0, idle=5, waiting=0)
2026-03-24 12:37:26.935 [HikariPool-1 housekeeper] DEBUG [N/A] [N/A] com.zaxxer.hikari.pool.HikariPool - HikariPool-1 - After cleanup  stats (total=5, active=0, idle=5, waiting=0)
2026-03-24 12:37:26.936 [HikariPool-1 housekeeper] DEBUG [N/A] [N/A] com.zaxxer.hikari.pool.HikariPool - HikariPool-1 - Fill pool skipped, pool has sufficient level or currently being filled.
2026-03-24 12:37:56.941 [HikariPool-1 housekeeper] DEBUG [N/A] [N/A] com.zaxxer.hikari.pool.HikariPool - HikariPool-1 - Before cleanup stats (total=5, active=0, idle=5, waiting=0)
2026-03-24 12:37:56.942 [HikariPool-1 housekeeper] DEBUG [N/A] [N/A] com.zaxxer.hikari.pool.HikariPool - HikariPool-1 - After cleanup  stats (total=5, active=0, idle=5, waiting=0)
2026-03-24 12:37:56.942 [HikariPool-1 housekeeper] DEBUG [N/A] [N/A] com.zaxxer.hikari.pool.HikariPool - HikariPool-1 - Fill pool skipped, pool has sufficient level or currently being filled.
2026-03-24 12:38:26.945 [HikariPool-1 housekeeper] DEBUG [N/A] [N/A] com.zaxxer.hikari.pool.HikariPool - HikariPool-1 - Before cleanup stats (total=5, active=0, idle=5, waiting=0)
2026-03-24 12:38:26.945 [HikariPool-1 housekeeper] DEBUG [N/A] [N/A] com.zaxxer.hikari.pool.HikariPool - HikariPool-1 - After cleanup  stats (total=5, active=0, idle=5, waiting=0)
2026-03-24 12:38:26.945 [HikariPool-1 housekeeper] DEBUG [N/A] [N/A] com.zaxxer.hikari.pool.HikariPool - HikariPool-1 - Fill pool skipped, pool has sufficient level or currently being filled.
2026-03-24 12:38:56.949 [HikariPool-1 housekeeper] DEBUG [N/A] [N/A] com.zaxxer.hikari.pool.HikariPool - HikariPool-1 - Before cleanup stats (total=5, active=0, idle=5, waiting=0)
2026-03-24 12:38:56.950 [HikariPool-1 housekeeper] DEBUG [N/A] [N/A] com.zaxxer.hikari.pool.HikariPool - HikariPool-1 - After cleanup  stats (total=5, active=0, idle=5, waiting=0)
2026-03-24 12:38:56.950 [HikariPool-1 housekeeper] DEBUG [N/A] [N/A] com.zaxxer.hikari.pool.HikariPool - HikariPool-1 - Fill pool skipped, pool has sufficient level or currently being filled.
2026-03-24 12:39:26.954 [HikariPool-1 housekeeper] DEBUG [N/A] [N/A] com.zaxxer.hikari.pool.HikariPool - HikariPool-1 - Before cleanup stats (total=5, active=0, idle=5, waiting=0)
2026-03-24 12:39:26.954 [HikariPool-1 housekeeper] DEBUG [N/A] [N/A] com.zaxxer.hikari.pool.HikariPool - HikariPool-1 - After cleanup  stats (total=5, active=0, idle=5, waiting=0)
2026-03-24 12:39:26.954 [HikariPool-1 housekeeper] DEBUG [N/A] [N/A] com.zaxxer.hikari.pool.HikariPool - HikariPool-1 - Fill pool skipped, pool has sufficient level or currently being filled.
2026-03-24 12:39:56.958 [HikariPool-1 housekeeper] DEBUG [N/A] [N/A] com.zaxxer.hikari.pool.HikariPool - HikariPool-1 - Before cleanup stats (total=5, active=0, idle=5, waiting=0)
2026-03-24 12:39:56.959 [HikariPool-1 housekeeper] DEBUG [N/A] [N/A] com.zaxxer.hikari.pool.HikariPool - HikariPool-1 - After cleanup  stats (total=5, active=0, idle=5, waiting=0)
2026-03-24 12:39:56.959 [HikariPool-1 housekeeper] DEBUG [N/A] [N/A] com.zaxxer.hikari.pool.HikariPool - HikariPool-1 - Fill pool skipped, pool has sufficient level or currently being filled.
2026-03-24 12:40:26.963 [HikariPool-1 housekeeper] DEBUG [N/A] [N/A] com.zaxxer.hikari.pool.HikariPool - HikariPool-1 - Before cleanup stats (total=5, active=0, idle=5, waiting=0)
2026-03-24 12:40:26.963 [HikariPool-1 housekeeper] DEBUG [N/A] [N/A] com.zaxxer.hikari.pool.HikariPool - HikariPool-1 - After cleanup  stats (total=5, active=0, idle=5, waiting=0)
2026-03-24 12:40:26.963 [HikariPool-1 housekeeper] DEBUG [N/A] [N/A] com.zaxxer.hikari.pool.HikariPool - HikariPool-1 - Fill pool skipped, pool has sufficient level or currently being filled.
2026-03-24 12:40:56.967 [HikariPool-1 housekeeper] DEBUG [N/A] [N/A] com.zaxxer.hikari.pool.HikariPool - HikariPool-1 - Before cleanup stats (total=5, active=0, idle=5, waiting=0)
2026-03-24 12:40:56.967 [HikariPool-1 housekeeper] DEBUG [N/A] [N/A] com.zaxxer.hikari.pool.HikariPool - HikariPool-1 - After cleanup  stats (total=5, active=0, idle=5, waiting=0)
2026-03-24 12:40:56.969 [HikariPool-1 housekeeper] DEBUG [N/A] [N/A] com.zaxxer.hikari.pool.HikariPool - HikariPool-1 - Fill pool skipped, pool has sufficient level or currently being filled.
2026-03-24 12:41:26.970 [HikariPool-1 housekeeper] DEBUG [N/A] [N/A] com.zaxxer.hikari.pool.HikariPool - HikariPool-1 - Before cleanup stats (total=5, active=0, idle=5, waiting=0)
2026-03-24 12:41:26.972 [HikariPool-1 housekeeper] DEBUG [N/A] [N/A] com.zaxxer.hikari.pool.HikariPool - HikariPool-1 - After cleanup  stats (total=5, active=0, idle=5, waiting=0)
2026-03-24 12:41:26.972 [HikariPool-1 housekeeper] DEBUG [N/A] [N/A] com.zaxxer.hikari.pool.HikariPool - HikariPool-1 - Fill pool skipped, pool has sufficient level or currently being filled.
2026-03-24 12:41:56.975 [HikariPool-1 housekeeper] DEBUG [N/A] [N/A] com.zaxxer.hikari.pool.HikariPool - HikariPool-1 - Before cleanup stats (total=5, active=0, idle=5, waiting=0)
2026-03-24 12:41:56.977 [HikariPool-1 housekeeper] DEBUG [N/A] [N/A] com.zaxxer.hikari.pool.HikariPool - HikariPool-1 - After cleanup  stats (total=5, active=0, idle=5, waiting=0)
2026-03-24 12:41:56.977 [HikariPool-1 housekeeper] DEBUG [N/A] [N/A] com.zaxxer.hikari.pool.HikariPool - HikariPool-1 - Fill pool skipped, pool has sufficient level or currently being filled.
2026-03-24 12:42:26.981 [HikariPool-1 housekeeper] DEBUG [N/A] [N/A] com.zaxxer.hikari.pool.HikariPool - HikariPool-1 - Before cleanup stats (total=5, active=0, idle=5, waiting=0)
2026-03-24 12:42:26.981 [HikariPool-1 housekeeper] DEBUG [N/A] [N/A] com.zaxxer.hikari.pool.HikariPool - HikariPool-1 - After cleanup  stats (total=5, active=0, idle=5, waiting=0)
2026-03-24 12:42:26.982 [HikariPool-1 housekeeper] DEBUG [N/A] [N/A] com.zaxxer.hikari.pool.HikariPool - HikariPool-1 - Fill pool skipped, pool has sufficient level or currently being filled.
2026-03-24 12:42:56.986 [HikariPool-1 housekeeper] DEBUG [N/A] [N/A] com.zaxxer.hikari.pool.HikariPool - HikariPool-1 - Before cleanup stats (total=5, active=0, idle=5, waiting=0)
2026-03-24 12:42:56.988 [HikariPool-1 housekeeper] DEBUG [N/A] [N/A] com.zaxxer.hikari.pool.HikariPool - HikariPool-1 - After cleanup  stats (total=5, active=0, idle=5, waiting=0)
2026-03-24 12:42:56.988 [HikariPool-1 housekeeper] DEBUG [N/A] [N/A] com.zaxxer.hikari.pool.HikariPool - HikariPool-1 - Fill pool skipped, pool has sufficient level or currently being filled.
2026-03-24 12:43:26.993 [HikariPool-1 housekeeper] DEBUG [N/A] [N/A] com.zaxxer.hikari.pool.HikariPool - HikariPool-1 - Before cleanup stats (total=5, active=0, idle=5, waiting=0)
2026-03-24 12:43:26.993 [HikariPool-1 housekeeper] DEBUG [N/A] [N/A] com.zaxxer.hikari.pool.HikariPool - HikariPool-1 - After cleanup  stats (total=5, active=0, idle=5, waiting=0)
2026-03-24 12:43:26.993 [HikariPool-1 housekeeper] DEBUG [N/A] [N/A] com.zaxxer.hikari.pool.HikariPool - HikariPool-1 - Fill pool skipped, pool has sufficient level or currently being filled.
2026-03-24 12:43:56.996 [HikariPool-1 housekeeper] DEBUG [N/A] [N/A] com.zaxxer.hikari.pool.HikariPool - HikariPool-1 - Before cleanup stats (total=5, active=0, idle=5, waiting=0)
2026-03-24 12:43:56.998 [HikariPool-1 housekeeper] DEBUG [N/A] [N/A] com.zaxxer.hikari.pool.HikariPool - HikariPool-1 - After cleanup  stats (total=5, active=0, idle=5, waiting=0)
2026-03-24 12:43:56.998 [HikariPool-1 housekeeper] DEBUG [N/A] [N/A] com.zaxxer.hikari.pool.HikariPool - HikariPool-1 - Fill pool skipped, pool has sufficient level or currently being filled.
2026-03-24 12:44:27.002 [HikariPool-1 housekeeper] DEBUG [N/A] [N/A] com.zaxxer.hikari.pool.HikariPool - HikariPool-1 - Before cleanup stats (total=5, active=0, idle=5, waiting=0)
2026-03-24 12:44:27.002 [HikariPool-1 housekeeper] DEBUG [N/A] [N/A] com.zaxxer.hikari.pool.HikariPool - HikariPool-1 - After cleanup  stats (total=5, active=0, idle=5, waiting=0)
2026-03-24 12:44:27.002 [HikariPool-1 housekeeper] DEBUG [N/A] [N/A] com.zaxxer.hikari.pool.HikariPool - HikariPool-1 - Fill pool skipped, pool has sufficient level or currently being filled.
2026-03-24 12:44:57.004 [HikariPool-1 housekeeper] DEBUG [N/A] [N/A] com.zaxxer.hikari.pool.HikariPool - HikariPool-1 - Before cleanup stats (total=5, active=0, idle=5, waiting=0)
2026-03-24 12:44:57.005 [HikariPool-1 housekeeper] DEBUG [N/A] [N/A] com.zaxxer.hikari.pool.HikariPool - HikariPool-1 - After cleanup  stats (total=5, active=0, idle=5, waiting=0)
2026-03-24 12:44:57.005 [HikariPool-1 housekeeper] DEBUG [N/A] [N/A] com.zaxxer.hikari.pool.HikariPool - HikariPool-1 - Fill pool skipped, pool has sufficient level or currently being filled.
2026-03-24 12:45:27.023 [HikariPool-1 housekeeper] DEBUG [N/A] [N/A] com.zaxxer.hikari.pool.HikariPool - HikariPool-1 - Before cleanup stats (total=5, active=0, idle=5, waiting=0)
2026-03-24 12:45:27.024 [HikariPool-1 housekeeper] DEBUG [N/A] [N/A] com.zaxxer.hikari.pool.HikariPool - HikariPool-1 - After cleanup  stats (total=5, active=0, idle=5, waiting=0)
2026-03-24 12:45:27.024 [HikariPool-1 housekeeper] DEBUG [N/A] [N/A] com.zaxxer.hikari.pool.HikariPool - HikariPool-1 - Fill pool skipped, pool has sufficient level or currently being filled.
2026-03-24 12:45:57.040 [HikariPool-1 housekeeper] DEBUG [N/A] [N/A] com.zaxxer.hikari.pool.HikariPool - HikariPool-1 - Before cleanup stats (total=5, active=0, idle=5, waiting=0)
2026-03-24 12:45:57.041 [HikariPool-1 housekeeper] DEBUG [N/A] [N/A] com.zaxxer.hikari.pool.HikariPool - HikariPool-1 - After cleanup  stats (total=5, active=0, idle=5, waiting=0)
2026-03-24 12:45:57.041 [HikariPool-1 housekeeper] DEBUG [N/A] [N/A] com.zaxxer.hikari.pool.HikariPool - HikariPool-1 - Fill pool skipped, pool has sufficient level or currently being filled.
2026-03-24 12:46:27.047 [HikariPool-1 housekeeper] DEBUG [N/A] [N/A] com.zaxxer.hikari.pool.HikariPool - HikariPool-1 - Before cleanup stats (total=5, active=0, idle=5, waiting=0)
2026-03-24 12:46:27.048 [HikariPool-1 housekeeper] DEBUG [N/A] [N/A] com.zaxxer.hikari.pool.HikariPool - HikariPool-1 - After cleanup  stats (total=5, active=0, idle=5, waiting=0)
2026-03-24 12:46:27.048 [HikariPool-1 housekeeper] DEBUG [N/A] [N/A] com.zaxxer.hikari.pool.HikariPool - HikariPool-1 - Fill pool skipped, pool has sufficient level or currently being filled.
2026-03-24 12:46:57.052 [HikariPool-1 housekeeper] DEBUG [N/A] [N/A] com.zaxxer.hikari.pool.HikariPool - HikariPool-1 - Before cleanup stats (total=5, active=0, idle=5, waiting=0)
2026-03-24 12:46:57.052 [HikariPool-1 housekeeper] DEBUG [N/A] [N/A] com.zaxxer.hikari.pool.HikariPool - HikariPool-1 - After cleanup  stats (total=5, active=0, idle=5, waiting=0)
2026-03-24 12:46:57.052 [HikariPool-1 housekeeper] DEBUG [N/A] [N/A] com.zaxxer.hikari.pool.HikariPool - HikariPool-1 - Fill pool skipped, pool has sufficient level or currently being filled.
2026-03-24 12:47:27.057 [HikariPool-1 housekeeper] DEBUG [N/A] [N/A] com.zaxxer.hikari.pool.HikariPool - HikariPool-1 - Before cleanup stats (total=5, active=0, idle=5, waiting=0)
2026-03-24 12:47:27.059 [HikariPool-1 housekeeper] DEBUG [N/A] [N/A] com.zaxxer.hikari.pool.HikariPool - HikariPool-1 - After cleanup  stats (total=5, active=0, idle=5, waiting=0)
2026-03-24 12:47:27.059 [HikariPool-1 housekeeper] DEBUG [N/A] [N/A] com.zaxxer.hikari.pool.HikariPool - HikariPool-1 - Fill pool skipped, pool has sufficient level or currently being filled.
2026-03-24 12:47:57.063 [HikariPool-1 housekeeper] DEBUG [N/A] [N/A] com.zaxxer.hikari.pool.HikariPool - HikariPool-1 - Before cleanup stats (total=5, active=0, idle=5, waiting=0)
2026-03-24 12:47:57.065 [HikariPool-1 housekeeper] DEBUG [N/A] [N/A] com.zaxxer.hikari.pool.HikariPool - HikariPool-1 - After cleanup  stats (total=5, active=0, idle=5, waiting=0)
2026-03-24 12:47:57.065 [HikariPool-1 housekeeper] DEBUG [N/A] [N/A] com.zaxxer.hikari.pool.HikariPool - HikariPool-1 - Fill pool skipped, pool has sufficient level or currently being filled.
2026-03-24 12:48:27.067 [HikariPool-1 housekeeper] DEBUG [N/A] [N/A] com.zaxxer.hikari.pool.HikariPool - HikariPool-1 - Before cleanup stats (total=5, active=0, idle=5, waiting=0)
2026-03-24 12:48:27.068 [HikariPool-1 housekeeper] DEBUG [N/A] [N/A] com.zaxxer.hikari.pool.HikariPool - HikariPool-1 - After cleanup  stats (total=5, active=0, idle=5, waiting=0)
2026-03-24 12:48:27.068 [HikariPool-1 housekeeper] DEBUG [N/A] [N/A] com.zaxxer.hikari.pool.HikariPool - HikariPool-1 - Fill pool skipped, pool has sufficient level or currently being filled.
2026-03-24 12:48:57.073 [HikariPool-1 housekeeper] DEBUG [N/A] [N/A] com.zaxxer.hikari.pool.HikariPool - HikariPool-1 - Before cleanup stats (total=5, active=0, idle=5, waiting=0)
2026-03-24 12:48:57.073 [HikariPool-1 housekeeper] DEBUG [N/A] [N/A] com.zaxxer.hikari.pool.HikariPool - HikariPool-1 - After cleanup  stats (total=5, active=0, idle=5, waiting=0)
2026-03-24 12:48:57.073 [HikariPool-1 housekeeper] DEBUG [N/A] [N/A] com.zaxxer.hikari.pool.HikariPool - HikariPool-1 - Fill pool skipped, pool has sufficient level or currently being filled.
2026-03-24 12:49:27.080 [HikariPool-1 housekeeper] DEBUG [N/A] [N/A] com.zaxxer.hikari.pool.HikariPool - HikariPool-1 - Before cleanup stats (total=5, active=0, idle=5, waiting=0)
2026-03-24 12:49:27.081 [HikariPool-1 housekeeper] DEBUG [N/A] [N/A] com.zaxxer.hikari.pool.HikariPool - HikariPool-1 - After cleanup  stats (total=5, active=0, idle=5, waiting=0)
2026-03-24 12:49:27.081 [HikariPool-1 housekeeper] DEBUG [N/A] [N/A] com.zaxxer.hikari.pool.HikariPool - HikariPool-1 - Fill pool skipped, pool has sufficient level or currently being filled.
2026-03-24 12:49:57.085 [HikariPool-1 housekeeper] DEBUG [N/A] [N/A] com.zaxxer.hikari.pool.HikariPool - HikariPool-1 - Before cleanup stats (total=5, active=0, idle=5, waiting=0)
2026-03-24 12:49:57.086 [HikariPool-1 housekeeper] DEBUG [N/A] [N/A] com.zaxxer.hikari.pool.HikariPool - HikariPool-1 - After cleanup  stats (total=5, active=0, idle=5, waiting=0)
2026-03-24 12:49:57.086 [HikariPool-1 housekeeper] DEBUG [N/A] [N/A] com.zaxxer.hikari.pool.HikariPool - HikariPool-1 - Fill pool skipped, pool has sufficient level or currently being filled.
2026-03-24 12:50:27.091 [HikariPool-1 housekeeper] DEBUG [N/A] [N/A] com.zaxxer.hikari.pool.HikariPool - HikariPool-1 - Before cleanup stats (total=5, active=0, idle=5, waiting=0)
2026-03-24 12:50:27.091 [HikariPool-1 housekeeper] DEBUG [N/A] [N/A] com.zaxxer.hikari.pool.HikariPool - HikariPool-1 - After cleanup  stats (total=5, active=0, idle=5, waiting=0)
2026-03-24 12:50:27.091 [HikariPool-1 housekeeper] DEBUG [N/A] [N/A] com.zaxxer.hikari.pool.HikariPool - HikariPool-1 - Fill pool skipped, pool has sufficient level or currently being filled.
2026-03-24 12:50:57.096 [HikariPool-1 housekeeper] DEBUG [N/A] [N/A] com.zaxxer.hikari.pool.HikariPool - HikariPool-1 - Before cleanup stats (total=5, active=0, idle=5, waiting=0)
2026-03-24 12:50:57.098 [HikariPool-1 housekeeper] DEBUG [N/A] [N/A] com.zaxxer.hikari.pool.HikariPool - HikariPool-1 - After cleanup  stats (total=5, active=0, idle=5, waiting=0)
2026-03-24 12:50:57.098 [HikariPool-1 housekeeper] DEBUG [N/A] [N/A] com.zaxxer.hikari.pool.HikariPool - HikariPool-1 - Fill pool skipped, pool has sufficient level or currently being filled.
2026-03-24 12:51:27.103 [HikariPool-1 housekeeper] DEBUG [N/A] [N/A] com.zaxxer.hikari.pool.HikariPool - HikariPool-1 - Before cleanup stats (total=5, active=0, idle=5, waiting=0)
2026-03-24 12:51:27.103 [HikariPool-1 housekeeper] DEBUG [N/A] [N/A] com.zaxxer.hikari.pool.HikariPool - HikariPool-1 - After cleanup  stats (total=5, active=0, idle=5, waiting=0)
2026-03-24 12:51:27.103 [HikariPool-1 housekeeper] DEBUG [N/A] [N/A] com.zaxxer.hikari.pool.HikariPool - HikariPool-1 - Fill pool skipped, pool has sufficient level or currently being filled.
2026-03-24 12:51:57.108 [HikariPool-1 housekeeper] DEBUG [N/A] [N/A] com.zaxxer.hikari.pool.HikariPool - HikariPool-1 - Before cleanup stats (total=5, active=0, idle=5, waiting=0)
2026-03-24 12:51:57.108 [HikariPool-1 housekeeper] DEBUG [N/A] [N/A] com.zaxxer.hikari.pool.HikariPool - HikariPool-1 - After cleanup  stats (total=5, active=0, idle=5, waiting=0)
2026-03-24 12:51:57.110 [HikariPool-1 housekeeper] DEBUG [N/A] [N/A] com.zaxxer.hikari.pool.HikariPool - HikariPool-1 - Fill pool skipped, pool has sufficient level or currently being filled.
2026-03-24 12:52:27.111 [HikariPool-1 housekeeper] DEBUG [N/A] [N/A] com.zaxxer.hikari.pool.HikariPool - HikariPool-1 - Before cleanup stats (total=5, active=0, idle=5, waiting=0)
2026-03-24 12:52:27.113 [HikariPool-1 housekeeper] DEBUG [N/A] [N/A] com.zaxxer.hikari.pool.HikariPool - HikariPool-1 - After cleanup  stats (total=5, active=0, idle=5, waiting=0)
2026-03-24 12:52:27.113 [HikariPool-1 housekeeper] DEBUG [N/A] [N/A] com.zaxxer.hikari.pool.HikariPool - HikariPool-1 - Fill pool skipped, pool has sufficient level or currently being filled.
2026-03-24 12:52:57.116 [HikariPool-1 housekeeper] DEBUG [N/A] [N/A] com.zaxxer.hikari.pool.HikariPool - HikariPool-1 - Before cleanup stats (total=5, active=0, idle=5, waiting=0)
2026-03-24 12:52:57.116 [HikariPool-1 housekeeper] DEBUG [N/A] [N/A] com.zaxxer.hikari.pool.HikariPool - HikariPool-1 - After cleanup  stats (total=5, active=0, idle=5, waiting=0)
2026-03-24 12:52:57.116 [HikariPool-1 housekeeper] DEBUG [N/A] [N/A] com.zaxxer.hikari.pool.HikariPool - HikariPool-1 - Fill pool skipped, pool has sufficient level or currently being filled.
2026-03-24 12:53:27.120 [HikariPool-1 housekeeper] DEBUG [N/A] [N/A] com.zaxxer.hikari.pool.HikariPool - HikariPool-1 - Before cleanup stats (total=5, active=0, idle=5, waiting=0)
2026-03-24 12:53:27.120 [HikariPool-1 housekeeper] DEBUG [N/A] [N/A] com.zaxxer.hikari.pool.HikariPool - HikariPool-1 - After cleanup  stats (total=5, active=0, idle=5, waiting=0)
2026-03-24 12:53:27.121 [HikariPool-1 housekeeper] DEBUG [N/A] [N/A] com.zaxxer.hikari.pool.HikariPool - HikariPool-1 - Fill pool skipped, pool has sufficient level or currently being filled.
2026-03-24 12:53:57.126 [HikariPool-1 housekeeper] DEBUG [N/A] [N/A] com.zaxxer.hikari.pool.HikariPool - HikariPool-1 - Before cleanup stats (total=5, active=0, idle=5, waiting=0)
2026-03-24 12:53:57.127 [HikariPool-1 housekeeper] DEBUG [N/A] [N/A] com.zaxxer.hikari.pool.HikariPool - HikariPool-1 - After cleanup  stats (total=5, active=0, idle=5, waiting=0)
2026-03-24 12:53:57.127 [HikariPool-1 housekeeper] DEBUG [N/A] [N/A] com.zaxxer.hikari.pool.HikariPool - HikariPool-1 - Fill pool skipped, pool has sufficient level or currently being filled.
2026-03-24 12:54:27.131 [HikariPool-1 housekeeper] DEBUG [N/A] [N/A] com.zaxxer.hikari.pool.HikariPool - HikariPool-1 - Before cleanup stats (total=5, active=0, idle=5, waiting=0)
2026-03-24 12:54:27.133 [HikariPool-1 housekeeper] DEBUG [N/A] [N/A] com.zaxxer.hikari.pool.HikariPool - HikariPool-1 - After cleanup  stats (total=5, active=0, idle=5, waiting=0)
2026-03-24 12:54:27.133 [HikariPool-1 housekeeper] DEBUG [N/A] [N/A] com.zaxxer.hikari.pool.HikariPool - HikariPool-1 - Fill pool skipped, pool has sufficient level or currently being filled.
2026-03-24 12:54:57.137 [HikariPool-1 housekeeper] DEBUG [N/A] [N/A] com.zaxxer.hikari.pool.HikariPool - HikariPool-1 - Before cleanup stats (total=5, active=0, idle=5, waiting=0)
2026-03-24 12:54:57.138 [HikariPool-1 housekeeper] DEBUG [N/A] [N/A] com.zaxxer.hikari.pool.HikariPool - HikariPool-1 - After cleanup  stats (total=5, active=0, idle=5, waiting=0)
2026-03-24 12:54:57.138 [HikariPool-1 housekeeper] DEBUG [N/A] [N/A] com.zaxxer.hikari.pool.HikariPool - HikariPool-1 - Fill pool skipped, pool has sufficient level or currently being filled.
2026-03-24 12:55:27.141 [HikariPool-1 housekeeper] DEBUG [N/A] [N/A] com.zaxxer.hikari.pool.HikariPool - HikariPool-1 - Before cleanup stats (total=5, active=0, idle=5, waiting=0)
2026-03-24 12:55:27.142 [HikariPool-1 housekeeper] DEBUG [N/A] [N/A] com.zaxxer.hikari.pool.HikariPool - HikariPool-1 - After cleanup  stats (total=5, active=0, idle=5, waiting=0)
2026-03-24 12:55:27.142 [HikariPool-1 housekeeper] DEBUG [N/A] [N/A] com.zaxxer.hikari.pool.HikariPool - HikariPool-1 - Fill pool skipped, pool has sufficient level or currently being filled.
2026-03-24 12:55:57.146 [HikariPool-1 housekeeper] DEBUG [N/A] [N/A] com.zaxxer.hikari.pool.HikariPool - HikariPool-1 - Before cleanup stats (total=5, active=0, idle=5, waiting=0)
2026-03-24 12:55:57.146 [HikariPool-1 housekeeper] DEBUG [N/A] [N/A] com.zaxxer.hikari.pool.HikariPool - HikariPool-1 - After cleanup  stats (total=5, active=0, idle=5, waiting=0)
2026-03-24 12:55:57.146 [HikariPool-1 housekeeper] DEBUG [N/A] [N/A] com.zaxxer.hikari.pool.HikariPool - HikariPool-1 - Fill pool skipped, pool has sufficient level or currently being filled.
2026-03-24 12:56:27.150 [HikariPool-1 housekeeper] DEBUG [N/A] [N/A] com.zaxxer.hikari.pool.HikariPool - HikariPool-1 - Before cleanup stats (total=5, active=0, idle=5, waiting=0)
2026-03-24 12:56:27.151 [HikariPool-1 housekeeper] DEBUG [N/A] [N/A] com.zaxxer.hikari.pool.HikariPool - HikariPool-1 - After cleanup  stats (total=5, active=0, idle=5, waiting=0)
2026-03-24 12:56:27.151 [HikariPool-1 housekeeper] DEBUG [N/A] [N/A] com.zaxxer.hikari.pool.HikariPool - HikariPool-1 - Fill pool skipped, pool has sufficient level or currently being filled.
2026-03-24 12:56:57.155 [HikariPool-1 housekeeper] DEBUG [N/A] [N/A] com.zaxxer.hikari.pool.HikariPool - HikariPool-1 - Before cleanup stats (total=5, active=0, idle=5, waiting=0)
2026-03-24 12:56:57.158 [HikariPool-1 housekeeper] DEBUG [N/A] [N/A] com.zaxxer.hikari.pool.HikariPool - HikariPool-1 - After cleanup  stats (total=5, active=0, idle=5, waiting=0)
2026-03-24 12:56:57.158 [HikariPool-1 housekeeper] DEBUG [N/A] [N/A] com.zaxxer.hikari.pool.HikariPool - HikariPool-1 - Fill pool skipped, pool has sufficient level or currently being filled.
2026-03-24 12:57:27.161 [HikariPool-1 housekeeper] DEBUG [N/A] [N/A] com.zaxxer.hikari.pool.HikariPool - HikariPool-1 - Before cleanup stats (total=5, active=0, idle=5, waiting=0)
2026-03-24 12:57:27.162 [HikariPool-1 housekeeper] DEBUG [N/A] [N/A] com.zaxxer.hikari.pool.HikariPool - HikariPool-1 - After cleanup  stats (total=5, active=0, idle=5, waiting=0)
2026-03-24 12:57:27.162 [HikariPool-1 housekeeper] DEBUG [N/A] [N/A] com.zaxxer.hikari.pool.HikariPool - HikariPool-1 - Fill pool skipped, pool has sufficient level or currently being filled.
2026-03-24 12:57:53.950 [HikariPool-1 connection closer] DEBUG [N/A] [N/A] com.zaxxer.hikari.pool.PoolBase - HikariPool-1 - Closing connection org.postgresql.jdbc.PgConnection@2e40cca5: (connection has passed maxLifetime)
2026-03-24 12:57:54.323 [HikariPool-1 connection adder] DEBUG [N/A] [N/A] com.zaxxer.hikari.pool.HikariPool - HikariPool-1 - Added connection org.postgresql.jdbc.PgConnection@43397adb
2026-03-24 12:57:54.358 [HikariPool-1 connection adder] DEBUG [N/A] [N/A] com.zaxxer.hikari.pool.HikariPool - HikariPool-1 - Connection not added, stats (total=5, active=0, idle=5, waiting=0)
2026-03-24 12:57:55.514 [HikariPool-1 connection closer] DEBUG [N/A] [N/A] com.zaxxer.hikari.pool.PoolBase - HikariPool-1 - Closing connection org.postgresql.jdbc.PgConnection@43f6718c: (connection has passed maxLifetime)
2026-03-24 12:57:55.711 [HikariPool-1 connection adder] DEBUG [N/A] [N/A] com.zaxxer.hikari.pool.HikariPool - HikariPool-1 - Added connection org.postgresql.jdbc.PgConnection@4dfe8ccc
2026-03-24 12:57:55.745 [HikariPool-1 connection adder] DEBUG [N/A] [N/A] com.zaxxer.hikari.pool.HikariPool - HikariPool-1 - Connection not added, stats (total=5, active=0, idle=5, waiting=0)
2026-03-24 12:57:57.165 [HikariPool-1 housekeeper] DEBUG [N/A] [N/A] com.zaxxer.hikari.pool.HikariPool - HikariPool-1 - Before cleanup stats (total=5, active=0, idle=5, waiting=0)
2026-03-24 12:57:57.166 [HikariPool-1 housekeeper] DEBUG [N/A] [N/A] com.zaxxer.hikari.pool.HikariPool - HikariPool-1 - After cleanup  stats (total=5, active=0, idle=5, waiting=0)
2026-03-24 12:57:57.166 [HikariPool-1 housekeeper] DEBUG [N/A] [N/A] com.zaxxer.hikari.pool.HikariPool - HikariPool-1 - Fill pool skipped, pool has sufficient level or currently being filled.
2026-03-24 12:58:18.495 [HikariPool-1 connection closer] DEBUG [N/A] [N/A] com.zaxxer.hikari.pool.PoolBase - HikariPool-1 - Closing connection org.postgresql.jdbc.PgConnection@32d1462a: (connection has passed maxLifetime)
2026-03-24 12:58:19.330 [HikariPool-1 connection adder] DEBUG [N/A] [N/A] com.zaxxer.hikari.pool.HikariPool - HikariPool-1 - Added connection org.postgresql.jdbc.PgConnection@6f2b9ee0
2026-03-24 12:58:19.365 [HikariPool-1 connection adder] DEBUG [N/A] [N/A] com.zaxxer.hikari.pool.HikariPool - HikariPool-1 - Connection not added, stats (total=5, active=0, idle=5, waiting=0)
2026-03-24 12:58:27.168 [HikariPool-1 housekeeper] DEBUG [N/A] [N/A] com.zaxxer.hikari.pool.HikariPool - HikariPool-1 - Before cleanup stats (total=5, active=0, idle=5, waiting=0)
2026-03-24 12:58:27.168 [HikariPool-1 housekeeper] DEBUG [N/A] [N/A] com.zaxxer.hikari.pool.HikariPool - HikariPool-1 - After cleanup  stats (total=5, active=0, idle=5, waiting=0)
2026-03-24 12:58:27.168 [HikariPool-1 housekeeper] DEBUG [N/A] [N/A] com.zaxxer.hikari.pool.HikariPool - HikariPool-1 - Fill pool skipped, pool has sufficient level or currently being filled.
2026-03-24 12:58:50.297 [HikariPool-1 connection closer] DEBUG [N/A] [N/A] com.zaxxer.hikari.pool.PoolBase - HikariPool-1 - Closing connection org.postgresql.jdbc.PgConnection@57c346bd: (connection has passed maxLifetime)
2026-03-24 12:58:50.562 [HikariPool-1 connection adder] DEBUG [N/A] [N/A] com.zaxxer.hikari.pool.HikariPool - HikariPool-1 - Added connection org.postgresql.jdbc.PgConnection@5c1a57c
2026-03-24 12:58:50.596 [HikariPool-1 connection adder] DEBUG [N/A] [N/A] com.zaxxer.hikari.pool.HikariPool - HikariPool-1 - Connection not added, stats (total=5, active=0, idle=5, waiting=0)
2026-03-24 12:58:57.172 [HikariPool-1 housekeeper] DEBUG [N/A] [N/A] com.zaxxer.hikari.pool.HikariPool - HikariPool-1 - Before cleanup stats (total=5, active=0, idle=5, waiting=0)
2026-03-24 12:58:57.172 [HikariPool-1 housekeeper] DEBUG [N/A] [N/A] com.zaxxer.hikari.pool.HikariPool - HikariPool-1 - After cleanup  stats (total=5, active=0, idle=5, waiting=0)
2026-03-24 12:58:57.172 [HikariPool-1 housekeeper] DEBUG [N/A] [N/A] com.zaxxer.hikari.pool.HikariPool - HikariPool-1 - Fill pool skipped, pool has sufficient level or currently being filled.
2026-03-24 12:59:15.296 [HikariPool-1 connection closer] DEBUG [N/A] [N/A] com.zaxxer.hikari.pool.PoolBase - HikariPool-1 - Closing connection org.postgresql.jdbc.PgConnection@5904a3ed: (connection has passed maxLifetime)
2026-03-24 12:59:15.574 [HikariPool-1 connection adder] DEBUG [N/A] [N/A] com.zaxxer.hikari.pool.HikariPool - HikariPool-1 - Added connection org.postgresql.jdbc.PgConnection@2f7fedcf
2026-03-24 12:59:15.608 [HikariPool-1 connection adder] DEBUG [N/A] [N/A] com.zaxxer.hikari.pool.HikariPool - HikariPool-1 - Connection not added, stats (total=5, active=0, idle=5, waiting=0)
2026-03-24 12:59:27.177 [HikariPool-1 housekeeper] DEBUG [N/A] [N/A] com.zaxxer.hikari.pool.HikariPool - HikariPool-1 - Before cleanup stats (total=5, active=0, idle=5, waiting=0)
2026-03-24 12:59:27.177 [HikariPool-1 housekeeper] DEBUG [N/A] [N/A] com.zaxxer.hikari.pool.HikariPool - HikariPool-1 - After cleanup  stats (total=5, active=0, idle=5, waiting=0)
2026-03-24 12:59:27.177 [HikariPool-1 housekeeper] DEBUG [N/A] [N/A] com.zaxxer.hikari.pool.HikariPool - HikariPool-1 - Fill pool skipped, pool has sufficient level or currently being filled.
2026-03-24 12:59:57.181 [HikariPool-1 housekeeper] DEBUG [N/A] [N/A] com.zaxxer.hikari.pool.HikariPool - HikariPool-1 - Before cleanup stats (total=5, active=0, idle=5, waiting=0)
2026-03-24 12:59:57.181 [HikariPool-1 housekeeper] DEBUG [N/A] [N/A] com.zaxxer.hikari.pool.HikariPool - HikariPool-1 - After cleanup  stats (total=5, active=0, idle=5, waiting=0)
2026-03-24 12:59:57.181 [HikariPool-1 housekeeper] DEBUG [N/A] [N/A] com.zaxxer.hikari.pool.HikariPool - HikariPool-1 - Fill pool skipped, pool has sufficient level or currently being filled.
2026-03-24 13:00:27.188 [HikariPool-1 housekeeper] DEBUG [N/A] [N/A] com.zaxxer.hikari.pool.HikariPool - HikariPool-1 - Before cleanup stats (total=5, active=0, idle=5, waiting=0)
2026-03-24 13:00:27.188 [HikariPool-1 housekeeper] DEBUG [N/A] [N/A] com.zaxxer.hikari.pool.HikariPool - HikariPool-1 - After cleanup  stats (total=5, active=0, idle=5, waiting=0)
2026-03-24 13:00:27.188 [HikariPool-1 housekeeper] DEBUG [N/A] [N/A] com.zaxxer.hikari.pool.HikariPool - HikariPool-1 - Fill pool skipped, pool has sufficient level or currently being filled.
2026-03-24 13:00:57.194 [HikariPool-1 housekeeper] DEBUG [N/A] [N/A] com.zaxxer.hikari.pool.HikariPool - HikariPool-1 - Before cleanup stats (total=5, active=0, idle=5, waiting=0)
2026-03-24 13:00:57.195 [HikariPool-1 housekeeper] DEBUG [N/A] [N/A] com.zaxxer.hikari.pool.HikariPool - HikariPool-1 - After cleanup  stats (total=5, active=0, idle=5, waiting=0)
2026-03-24 13:00:57.195 [HikariPool-1 housekeeper] DEBUG [N/A] [N/A] com.zaxxer.hikari.pool.HikariPool - HikariPool-1 - Fill pool skipped, pool has sufficient level or currently being filled.
2026-03-24 13:01:27.200 [HikariPool-1 housekeeper] DEBUG [N/A] [N/A] com.zaxxer.hikari.pool.HikariPool - HikariPool-1 - Before cleanup stats (total=5, active=0, idle=5, waiting=0)
2026-03-24 13:01:27.202 [HikariPool-1 housekeeper] DEBUG [N/A] [N/A] com.zaxxer.hikari.pool.HikariPool - HikariPool-1 - After cleanup  stats (total=5, active=0, idle=5, waiting=0)
2026-03-24 13:01:27.202 [HikariPool-1 housekeeper] DEBUG [N/A] [N/A] com.zaxxer.hikari.pool.HikariPool - HikariPool-1 - Fill pool skipped, pool has sufficient level or currently being filled.
2026-03-24 13:01:57.206 [HikariPool-1 housekeeper] DEBUG [N/A] [N/A] com.zaxxer.hikari.pool.HikariPool - HikariPool-1 - Before cleanup stats (total=5, active=0, idle=5, waiting=0)
2026-03-24 13:01:57.207 [HikariPool-1 housekeeper] DEBUG [N/A] [N/A] com.zaxxer.hikari.pool.HikariPool - HikariPool-1 - After cleanup  stats (total=5, active=0, idle=5, waiting=0)
2026-03-24 13:01:57.207 [HikariPool-1 housekeeper] DEBUG [N/A] [N/A] com.zaxxer.hikari.pool.HikariPool - HikariPool-1 - Fill pool skipped, pool has sufficient level or currently being filled.
2026-03-24 13:02:27.210 [HikariPool-1 housekeeper] DEBUG [N/A] [N/A] com.zaxxer.hikari.pool.HikariPool - HikariPool-1 - Before cleanup stats (total=5, active=0, idle=5, waiting=0)
2026-03-24 13:02:27.210 [HikariPool-1 housekeeper] DEBUG [N/A] [N/A] com.zaxxer.hikari.pool.HikariPool - HikariPool-1 - After cleanup  stats (total=5, active=0, idle=5, waiting=0)
2026-03-24 13:02:27.210 [HikariPool-1 housekeeper] DEBUG [N/A] [N/A] com.zaxxer.hikari.pool.HikariPool - HikariPool-1 - Fill pool skipped, pool has sufficient level or currently being filled.
2026-03-24 13:02:57.214 [HikariPool-1 housekeeper] DEBUG [N/A] [N/A] com.zaxxer.hikari.pool.HikariPool - HikariPool-1 - Before cleanup stats (total=5, active=0, idle=5, waiting=0)
2026-03-24 13:02:57.214 [HikariPool-1 housekeeper] DEBUG [N/A] [N/A] com.zaxxer.hikari.pool.HikariPool - HikariPool-1 - After cleanup  stats (total=5, active=0, idle=5, waiting=0)
2026-03-24 13:02:57.217 [HikariPool-1 housekeeper] DEBUG [N/A] [N/A] com.zaxxer.hikari.pool.HikariPool - HikariPool-1 - Fill pool skipped, pool has sufficient level or currently being filled.
2026-03-24 13:03:27.222 [HikariPool-1 housekeeper] DEBUG [N/A] [N/A] com.zaxxer.hikari.pool.HikariPool - HikariPool-1 - Before cleanup stats (total=5, active=0, idle=5, waiting=0)
2026-03-24 13:03:27.222 [HikariPool-1 housekeeper] DEBUG [N/A] [N/A] com.zaxxer.hikari.pool.HikariPool - HikariPool-1 - After cleanup  stats (total=5, active=0, idle=5, waiting=0)
2026-03-24 13:03:27.222 [HikariPool-1 housekeeper] DEBUG [N/A] [N/A] com.zaxxer.hikari.pool.HikariPool - HikariPool-1 - Fill pool skipped, pool has sufficient level or currently being filled.
2026-03-24 13:03:57.227 [HikariPool-1 housekeeper] DEBUG [N/A] [N/A] com.zaxxer.hikari.pool.HikariPool - HikariPool-1 - Before cleanup stats (total=5, active=0, idle=5, waiting=0)
2026-03-24 13:03:57.227 [HikariPool-1 housekeeper] DEBUG [N/A] [N/A] com.zaxxer.hikari.pool.HikariPool - HikariPool-1 - After cleanup  stats (total=5, active=0, idle=5, waiting=0)
2026-03-24 13:03:57.227 [HikariPool-1 housekeeper] DEBUG [N/A] [N/A] com.zaxxer.hikari.pool.HikariPool - HikariPool-1 - Fill pool skipped, pool has sufficient level or currently being filled.
2026-03-24 13:04:27.232 [HikariPool-1 housekeeper] DEBUG [N/A] [N/A] com.zaxxer.hikari.pool.HikariPool - HikariPool-1 - Before cleanup stats (total=5, active=0, idle=5, waiting=0)
2026-03-24 13:04:27.232 [HikariPool-1 housekeeper] DEBUG [N/A] [N/A] com.zaxxer.hikari.pool.HikariPool - HikariPool-1 - After cleanup  stats (total=5, active=0, idle=5, waiting=0)
2026-03-24 13:04:27.232 [HikariPool-1 housekeeper] DEBUG [N/A] [N/A] com.zaxxer.hikari.pool.HikariPool - HikariPool-1 - Fill pool skipped, pool has sufficient level or currently being filled.
2026-03-24 13:04:57.234 [HikariPool-1 housekeeper] DEBUG [N/A] [N/A] com.zaxxer.hikari.pool.HikariPool - HikariPool-1 - Before cleanup stats (total=5, active=0, idle=5, waiting=0)
2026-03-24 13:04:57.235 [HikariPool-1 housekeeper] DEBUG [N/A] [N/A] com.zaxxer.hikari.pool.HikariPool - HikariPool-1 - After cleanup  stats (total=5, active=0, idle=5, waiting=0)
2026-03-24 13:04:57.236 [HikariPool-1 housekeeper] DEBUG [N/A] [N/A] com.zaxxer.hikari.pool.HikariPool - HikariPool-1 - Fill pool skipped, pool has sufficient level or currently being filled.
2026-03-24 13:05:27.237 [HikariPool-1 housekeeper] DEBUG [N/A] [N/A] com.zaxxer.hikari.pool.HikariPool - HikariPool-1 - Before cleanup stats (total=5, active=0, idle=5, waiting=0)
2026-03-24 13:05:27.237 [HikariPool-1 housekeeper] DEBUG [N/A] [N/A] com.zaxxer.hikari.pool.HikariPool - HikariPool-1 - After cleanup  stats (total=5, active=0, idle=5, waiting=0)
2026-03-24 13:05:27.237 [HikariPool-1 housekeeper] DEBUG [N/A] [N/A] com.zaxxer.hikari.pool.HikariPool - HikariPool-1 - Fill pool skipped, pool has sufficient level or currently being filled.
2026-03-24 13:05:57.238 [HikariPool-1 housekeeper] DEBUG [N/A] [N/A] com.zaxxer.hikari.pool.HikariPool - HikariPool-1 - Before cleanup stats (total=5, active=0, idle=5, waiting=0)
2026-03-24 13:05:57.239 [HikariPool-1 housekeeper] DEBUG [N/A] [N/A] com.zaxxer.hikari.pool.HikariPool - HikariPool-1 - After cleanup  stats (total=5, active=0, idle=5, waiting=0)
2026-03-24 13:05:57.239 [HikariPool-1 housekeeper] DEBUG [N/A] [N/A] com.zaxxer.hikari.pool.HikariPool - HikariPool-1 - Fill pool skipped, pool has sufficient level or currently being filled.
2026-03-24 13:06:27.243 [HikariPool-1 housekeeper] DEBUG [N/A] [N/A] com.zaxxer.hikari.pool.HikariPool - HikariPool-1 - Before cleanup stats (total=5, active=0, idle=5, waiting=0)
2026-03-24 13:06:27.243 [HikariPool-1 housekeeper] DEBUG [N/A] [N/A] com.zaxxer.hikari.pool.HikariPool - HikariPool-1 - After cleanup  stats (total=5, active=0, idle=5, waiting=0)
2026-03-24 13:06:27.243 [HikariPool-1 housekeeper] DEBUG [N/A] [N/A] com.zaxxer.hikari.pool.HikariPool - HikariPool-1 - Fill pool skipped, pool has sufficient level or currently being filled.
2026-03-24 13:06:57.246 [HikariPool-1 housekeeper] DEBUG [N/A] [N/A] com.zaxxer.hikari.pool.HikariPool - HikariPool-1 - Before cleanup stats (total=5, active=0, idle=5, waiting=0)
2026-03-24 13:06:57.248 [HikariPool-1 housekeeper] DEBUG [N/A] [N/A] com.zaxxer.hikari.pool.HikariPool - HikariPool-1 - After cleanup  stats (total=5, active=0, idle=5, waiting=0)
2026-03-24 13:06:57.248 [HikariPool-1 housekeeper] DEBUG [N/A] [N/A] com.zaxxer.hikari.pool.HikariPool - HikariPool-1 - Fill pool skipped, pool has sufficient level or currently being filled.
2026-03-24 13:07:27.248 [HikariPool-1 housekeeper] DEBUG [N/A] [N/A] com.zaxxer.hikari.pool.HikariPool - HikariPool-1 - Before cleanup stats (total=5, active=0, idle=5, waiting=0)
2026-03-24 13:07:27.249 [HikariPool-1 housekeeper] DEBUG [N/A] [N/A] com.zaxxer.hikari.pool.HikariPool - HikariPool-1 - After cleanup  stats (total=5, active=0, idle=5, waiting=0)
2026-03-24 13:07:27.249 [HikariPool-1 housekeeper] DEBUG [N/A] [N/A] com.zaxxer.hikari.pool.HikariPool - HikariPool-1 - Fill pool skipped, pool has sufficient level or currently being filled.
2026-03-24 13:07:57.253 [HikariPool-1 housekeeper] DEBUG [N/A] [N/A] com.zaxxer.hikari.pool.HikariPool - HikariPool-1 - Before cleanup stats (total=5, active=0, idle=5, waiting=0)
2026-03-24 13:07:57.253 [HikariPool-1 housekeeper] DEBUG [N/A] [N/A] com.zaxxer.hikari.pool.HikariPool - HikariPool-1 - After cleanup  stats (total=5, active=0, idle=5, waiting=0)
2026-03-24 13:07:57.253 [HikariPool-1 housekeeper] DEBUG [N/A] [N/A] com.zaxxer.hikari.pool.HikariPool - HikariPool-1 - Fill pool skipped, pool has sufficient level or currently being filled.
2026-03-24 13:08:27.253 [HikariPool-1 housekeeper] DEBUG [N/A] [N/A] com.zaxxer.hikari.pool.HikariPool - HikariPool-1 - Before cleanup stats (total=5, active=0, idle=5, waiting=0)
2026-03-24 13:08:27.253 [HikariPool-1 housekeeper] DEBUG [N/A] [N/A] com.zaxxer.hikari.pool.HikariPool - HikariPool-1 - After cleanup  stats (total=5, active=0, idle=5, waiting=0)
2026-03-24 13:08:27.253 [HikariPool-1 housekeeper] DEBUG [N/A] [N/A] com.zaxxer.hikari.pool.HikariPool - HikariPool-1 - Fill pool skipped, pool has sufficient level or currently being filled.
2026-03-24 13:08:57.257 [HikariPool-1 housekeeper] DEBUG [N/A] [N/A] com.zaxxer.hikari.pool.HikariPool - HikariPool-1 - Before cleanup stats (total=5, active=0, idle=5, waiting=0)
2026-03-24 13:08:57.258 [HikariPool-1 housekeeper] DEBUG [N/A] [N/A] com.zaxxer.hikari.pool.HikariPool - HikariPool-1 - After cleanup  stats (total=5, active=0, idle=5, waiting=0)
2026-03-24 13:08:57.258 [HikariPool-1 housekeeper] DEBUG [N/A] [N/A] com.zaxxer.hikari.pool.HikariPool - HikariPool-1 - Fill pool skipped, pool has sufficient level or currently being filled.
2026-03-24 13:09:27.263 [HikariPool-1 housekeeper] DEBUG [N/A] [N/A] com.zaxxer.hikari.pool.HikariPool - HikariPool-1 - Before cleanup stats (total=5, active=0, idle=5, waiting=0)
2026-03-24 13:09:27.265 [HikariPool-1 housekeeper] DEBUG [N/A] [N/A] com.zaxxer.hikari.pool.HikariPool - HikariPool-1 - After cleanup  stats (total=5, active=0, idle=5, waiting=0)
2026-03-24 13:09:27.265 [HikariPool-1 housekeeper] DEBUG [N/A] [N/A] com.zaxxer.hikari.pool.HikariPool - HikariPool-1 - Fill pool skipped, pool has sufficient level or currently being filled.
2026-03-24 13:09:57.270 [HikariPool-1 housekeeper] DEBUG [N/A] [N/A] com.zaxxer.hikari.pool.HikariPool - HikariPool-1 - Before cleanup stats (total=5, active=0, idle=5, waiting=0)
2026-03-24 13:09:57.270 [HikariPool-1 housekeeper] DEBUG [N/A] [N/A] com.zaxxer.hikari.pool.HikariPool - HikariPool-1 - After cleanup  stats (total=5, active=0, idle=5, waiting=0)
2026-03-24 13:09:57.270 [HikariPool-1 housekeeper] DEBUG [N/A] [N/A] com.zaxxer.hikari.pool.HikariPool - HikariPool-1 - Fill pool skipped, pool has sufficient level or currently being filled.
2026-03-24 13:10:27.274 [HikariPool-1 housekeeper] DEBUG [N/A] [N/A] com.zaxxer.hikari.pool.HikariPool - HikariPool-1 - Before cleanup stats (total=5, active=0, idle=5, waiting=0)
2026-03-24 13:10:27.276 [HikariPool-1 housekeeper] DEBUG [N/A] [N/A] com.zaxxer.hikari.pool.HikariPool - HikariPool-1 - After cleanup  stats (total=5, active=0, idle=5, waiting=0)
2026-03-24 13:10:27.276 [HikariPool-1 housekeeper] DEBUG [N/A] [N/A] com.zaxxer.hikari.pool.HikariPool - HikariPool-1 - Fill pool skipped, pool has sufficient level or currently being filled.
2026-03-24 13:10:57.280 [HikariPool-1 housekeeper] DEBUG [N/A] [N/A] com.zaxxer.hikari.pool.HikariPool - HikariPool-1 - Before cleanup stats (total=5, active=0, idle=5, waiting=0)
2026-03-24 13:10:57.280 [HikariPool-1 housekeeper] DEBUG [N/A] [N/A] com.zaxxer.hikari.pool.HikariPool - HikariPool-1 - After cleanup  stats (total=5, active=0, idle=5, waiting=0)
2026-03-24 13:10:57.280 [HikariPool-1 housekeeper] DEBUG [N/A] [N/A] com.zaxxer.hikari.pool.HikariPool - HikariPool-1 - Fill pool skipped, pool has sufficient level or currently being filled.
2026-03-24 13:11:27.285 [HikariPool-1 housekeeper] DEBUG [N/A] [N/A] com.zaxxer.hikari.pool.HikariPool - HikariPool-1 - Before cleanup stats (total=5, active=0, idle=5, waiting=0)
2026-03-24 13:11:27.286 [HikariPool-1 housekeeper] DEBUG [N/A] [N/A] com.zaxxer.hikari.pool.HikariPool - HikariPool-1 - After cleanup  stats (total=5, active=0, idle=5, waiting=0)
2026-03-24 13:11:27.286 [HikariPool-1 housekeeper] DEBUG [N/A] [N/A] com.zaxxer.hikari.pool.HikariPool - HikariPool-1 - Fill pool skipped, pool has sufficient level or currently being filled.
2026-03-24 13:11:57.288 [HikariPool-1 housekeeper] DEBUG [N/A] [N/A] com.zaxxer.hikari.pool.HikariPool - HikariPool-1 - Before cleanup stats (total=5, active=0, idle=5, waiting=0)
2026-03-24 13:11:57.288 [HikariPool-1 housekeeper] DEBUG [N/A] [N/A] com.zaxxer.hikari.pool.HikariPool - HikariPool-1 - After cleanup  stats (total=5, active=0, idle=5, waiting=0)
2026-03-24 13:11:57.289 [HikariPool-1 housekeeper] DEBUG [N/A] [N/A] com.zaxxer.hikari.pool.HikariPool - HikariPool-1 - Fill pool skipped, pool has sufficient level or currently being filled.
2026-03-24 13:12:27.293 [HikariPool-1 housekeeper] DEBUG [N/A] [N/A] com.zaxxer.hikari.pool.HikariPool - HikariPool-1 - Before cleanup stats (total=5, active=0, idle=5, waiting=0)
2026-03-24 13:12:27.293 [HikariPool-1 housekeeper] DEBUG [N/A] [N/A] com.zaxxer.hikari.pool.HikariPool - HikariPool-1 - After cleanup  stats (total=5, active=0, idle=5, waiting=0)
2026-03-24 13:12:27.293 [HikariPool-1 housekeeper] DEBUG [N/A] [N/A] com.zaxxer.hikari.pool.HikariPool - HikariPool-1 - Fill pool skipped, pool has sufficient level or currently being filled.
2026-03-24 13:12:57.298 [HikariPool-1 housekeeper] DEBUG [N/A] [N/A] com.zaxxer.hikari.pool.HikariPool - HikariPool-1 - Before cleanup stats (total=5, active=0, idle=5, waiting=0)
2026-03-24 13:12:57.300 [HikariPool-1 housekeeper] DEBUG [N/A] [N/A] com.zaxxer.hikari.pool.HikariPool - HikariPool-1 - After cleanup  stats (total=5, active=0, idle=5, waiting=0)
2026-03-24 13:12:57.300 [HikariPool-1 housekeeper] DEBUG [N/A] [N/A] com.zaxxer.hikari.pool.HikariPool - HikariPool-1 - Fill pool skipped, pool has sufficient level or currently being filled.
2026-03-24 13:13:27.306 [HikariPool-1 housekeeper] DEBUG [N/A] [N/A] com.zaxxer.hikari.pool.HikariPool - HikariPool-1 - Before cleanup stats (total=5, active=0, idle=5, waiting=0)
2026-03-24 13:13:27.308 [HikariPool-1 housekeeper] DEBUG [N/A] [N/A] com.zaxxer.hikari.pool.HikariPool - HikariPool-1 - After cleanup  stats (total=5, active=0, idle=5, waiting=0)
2026-03-24 13:13:27.308 [HikariPool-1 housekeeper] DEBUG [N/A] [N/A] com.zaxxer.hikari.pool.HikariPool - HikariPool-1 - Fill pool skipped, pool has sufficient level or currently being filled.
2026-03-24 13:13:57.313 [HikariPool-1 housekeeper] DEBUG [N/A] [N/A] com.zaxxer.hikari.pool.HikariPool - HikariPool-1 - Before cleanup stats (total=5, active=0, idle=5, waiting=0)
2026-03-24 13:13:57.313 [HikariPool-1 housekeeper] DEBUG [N/A] [N/A] com.zaxxer.hikari.pool.HikariPool - HikariPool-1 - After cleanup  stats (total=5, active=0, idle=5, waiting=0)
2026-03-24 13:13:57.313 [HikariPool-1 housekeeper] DEBUG [N/A] [N/A] com.zaxxer.hikari.pool.HikariPool - HikariPool-1 - Fill pool skipped, pool has sufficient level or currently being filled.
2026-03-24 13:14:27.314 [HikariPool-1 housekeeper] DEBUG [N/A] [N/A] com.zaxxer.hikari.pool.HikariPool - HikariPool-1 - Before cleanup stats (total=5, active=0, idle=5, waiting=0)
2026-03-24 13:14:27.315 [HikariPool-1 housekeeper] DEBUG [N/A] [N/A] com.zaxxer.hikari.pool.HikariPool - HikariPool-1 - After cleanup  stats (total=5, active=0, idle=5, waiting=0)
2026-03-24 13:14:27.315 [HikariPool-1 housekeeper] DEBUG [N/A] [N/A] com.zaxxer.hikari.pool.HikariPool - HikariPool-1 - Fill pool skipped, pool has sufficient level or currently being filled.
2026-03-24 13:14:57.319 [HikariPool-1 housekeeper] DEBUG [N/A] [N/A] com.zaxxer.hikari.pool.HikariPool - HikariPool-1 - Before cleanup stats (total=5, active=0, idle=5, waiting=0)
2026-03-24 13:14:57.319 [HikariPool-1 housekeeper] DEBUG [N/A] [N/A] com.zaxxer.hikari.pool.HikariPool - HikariPool-1 - After cleanup  stats (total=5, active=0, idle=5, waiting=0)
2026-03-24 13:14:57.319 [HikariPool-1 housekeeper] DEBUG [N/A] [N/A] com.zaxxer.hikari.pool.HikariPool - HikariPool-1 - Fill pool skipped, pool has sufficient level or currently being filled.
2026-03-24 13:15:27.325 [HikariPool-1 housekeeper] DEBUG [N/A] [N/A] com.zaxxer.hikari.pool.HikariPool - HikariPool-1 - Before cleanup stats (total=5, active=0, idle=5, waiting=0)
2026-03-24 13:15:27.326 [HikariPool-1 housekeeper] DEBUG [N/A] [N/A] com.zaxxer.hikari.pool.HikariPool - HikariPool-1 - After cleanup  stats (total=5, active=0, idle=5, waiting=0)
2026-03-24 13:15:27.327 [HikariPool-1 housekeeper] DEBUG [N/A] [N/A] com.zaxxer.hikari.pool.HikariPool - HikariPool-1 - Fill pool skipped, pool has sufficient level or currently being filled.
2026-03-24 13:15:57.334 [HikariPool-1 housekeeper] DEBUG [N/A] [N/A] com.zaxxer.hikari.pool.HikariPool - HikariPool-1 - Before cleanup stats (total=5, active=0, idle=5, waiting=0)
2026-03-24 13:15:57.335 [HikariPool-1 housekeeper] DEBUG [N/A] [N/A] com.zaxxer.hikari.pool.HikariPool - HikariPool-1 - After cleanup  stats (total=5, active=0, idle=5, waiting=0)
2026-03-24 13:15:57.336 [HikariPool-1 housekeeper] DEBUG [N/A] [N/A] com.zaxxer.hikari.pool.HikariPool - HikariPool-1 - Fill pool skipped, pool has sufficient level or currently being filled.
2026-03-24 13:16:27.339 [HikariPool-1 housekeeper] DEBUG [N/A] [N/A] com.zaxxer.hikari.pool.HikariPool - HikariPool-1 - Before cleanup stats (total=5, active=0, idle=5, waiting=0)
2026-03-24 13:16:27.340 [HikariPool-1 housekeeper] DEBUG [N/A] [N/A] com.zaxxer.hikari.pool.HikariPool - HikariPool-1 - After cleanup  stats (total=5, active=0, idle=5, waiting=0)
2026-03-24 13:16:27.342 [HikariPool-1 housekeeper] DEBUG [N/A] [N/A] com.zaxxer.hikari.pool.HikariPool - HikariPool-1 - Fill pool skipped, pool has sufficient level or currently being filled.
2026-03-24 13:16:57.343 [HikariPool-1 housekeeper] DEBUG [N/A] [N/A] com.zaxxer.hikari.pool.HikariPool - HikariPool-1 - Before cleanup stats (total=5, active=0, idle=5, waiting=0)
2026-03-24 13:16:57.345 [HikariPool-1 housekeeper] DEBUG [N/A] [N/A] com.zaxxer.hikari.pool.HikariPool - HikariPool-1 - After cleanup  stats (total=5, active=0, idle=5, waiting=0)
2026-03-24 13:16:57.345 [HikariPool-1 housekeeper] DEBUG [N/A] [N/A] com.zaxxer.hikari.pool.HikariPool - HikariPool-1 - Fill pool skipped, pool has sufficient level or currently being filled.
2026-03-24 13:17:27.349 [HikariPool-1 housekeeper] DEBUG [N/A] [N/A] com.zaxxer.hikari.pool.HikariPool - HikariPool-1 - Before cleanup stats (total=5, active=0, idle=5, waiting=0)
2026-03-24 13:17:27.349 [HikariPool-1 housekeeper] DEBUG [N/A] [N/A] com.zaxxer.hikari.pool.HikariPool - HikariPool-1 - After cleanup  stats (total=5, active=0, idle=5, waiting=0)
2026-03-24 13:17:27.349 [HikariPool-1 housekeeper] DEBUG [N/A] [N/A] com.zaxxer.hikari.pool.HikariPool - HikariPool-1 - Fill pool skipped, pool has sufficient level or currently being filled.
2026-03-24 13:17:57.353 [HikariPool-1 housekeeper] DEBUG [N/A] [N/A] com.zaxxer.hikari.pool.HikariPool - HikariPool-1 - Before cleanup stats (total=5, active=0, idle=5, waiting=0)
2026-03-24 13:17:57.355 [HikariPool-1 housekeeper] DEBUG [N/A] [N/A] com.zaxxer.hikari.pool.HikariPool - HikariPool-1 - After cleanup  stats (total=5, active=0, idle=5, waiting=0)
2026-03-24 13:17:57.355 [HikariPool-1 housekeeper] DEBUG [N/A] [N/A] com.zaxxer.hikari.pool.HikariPool - HikariPool-1 - Fill pool skipped, pool has sufficient level or currently being filled.
2026-03-24 13:18:27.358 [HikariPool-1 housekeeper] DEBUG [N/A] [N/A] com.zaxxer.hikari.pool.HikariPool - HikariPool-1 - Before cleanup stats (total=5, active=0, idle=5, waiting=0)
2026-03-24 13:18:27.359 [HikariPool-1 housekeeper] DEBUG [N/A] [N/A] com.zaxxer.hikari.pool.HikariPool - HikariPool-1 - After cleanup  stats (total=5, active=0, idle=5, waiting=0)
2026-03-24 13:18:27.360 [HikariPool-1 housekeeper] DEBUG [N/A] [N/A] com.zaxxer.hikari.pool.HikariPool - HikariPool-1 - Fill pool skipped, pool has sufficient level or currently being filled.
2026-03-24 13:18:57.364 [HikariPool-1 housekeeper] DEBUG [N/A] [N/A] com.zaxxer.hikari.pool.HikariPool - HikariPool-1 - Before cleanup stats (total=5, active=0, idle=5, waiting=0)
2026-03-24 13:18:57.365 [HikariPool-1 housekeeper] DEBUG [N/A] [N/A] com.zaxxer.hikari.pool.HikariPool - HikariPool-1 - After cleanup  stats (total=5, active=0, idle=5, waiting=0)
2026-03-24 13:18:57.365 [HikariPool-1 housekeeper] DEBUG [N/A] [N/A] com.zaxxer.hikari.pool.HikariPool - HikariPool-1 - Fill pool skipped, pool has sufficient level or currently being filled.
2026-03-24 13:19:27.369 [HikariPool-1 housekeeper] DEBUG [N/A] [N/A] com.zaxxer.hikari.pool.HikariPool - HikariPool-1 - Before cleanup stats (total=5, active=0, idle=5, waiting=0)
2026-03-24 13:19:27.370 [HikariPool-1 housekeeper] DEBUG [N/A] [N/A] com.zaxxer.hikari.pool.HikariPool - HikariPool-1 - After cleanup  stats (total=5, active=0, idle=5, waiting=0)
2026-03-24 13:19:27.370 [HikariPool-1 housekeeper] DEBUG [N/A] [N/A] com.zaxxer.hikari.pool.HikariPool - HikariPool-1 - Fill pool skipped, pool has sufficient level or currently being filled.
2026-03-24 13:19:57.375 [HikariPool-1 housekeeper] DEBUG [N/A] [N/A] com.zaxxer.hikari.pool.HikariPool - HikariPool-1 - Before cleanup stats (total=5, active=0, idle=5, waiting=0)
2026-03-24 13:19:57.376 [HikariPool-1 housekeeper] DEBUG [N/A] [N/A] com.zaxxer.hikari.pool.HikariPool - HikariPool-1 - After cleanup  stats (total=5, active=0, idle=5, waiting=0)
2026-03-24 13:19:57.376 [HikariPool-1 housekeeper] DEBUG [N/A] [N/A] com.zaxxer.hikari.pool.HikariPool - HikariPool-1 - Fill pool skipped, pool has sufficient level or currently being filled.
2026-03-24 13:20:27.381 [HikariPool-1 housekeeper] DEBUG [N/A] [N/A] com.zaxxer.hikari.pool.HikariPool - HikariPool-1 - Before cleanup stats (total=5, active=0, idle=5, waiting=0)
2026-03-24 13:20:27.381 [HikariPool-1 housekeeper] DEBUG [N/A] [N/A] com.zaxxer.hikari.pool.HikariPool - HikariPool-1 - After cleanup  stats (total=5, active=0, idle=5, waiting=0)
2026-03-24 13:20:27.381 [HikariPool-1 housekeeper] DEBUG [N/A] [N/A] com.zaxxer.hikari.pool.HikariPool - HikariPool-1 - Fill pool skipped, pool has sufficient level or currently being filled.
2026-03-24 13:20:57.381 [HikariPool-1 housekeeper] DEBUG [N/A] [N/A] com.zaxxer.hikari.pool.HikariPool - HikariPool-1 - Before cleanup stats (total=5, active=0, idle=5, waiting=0)
2026-03-24 13:20:57.382 [HikariPool-1 housekeeper] DEBUG [N/A] [N/A] com.zaxxer.hikari.pool.HikariPool - HikariPool-1 - After cleanup  stats (total=5, active=0, idle=5, waiting=0)
2026-03-24 13:20:57.382 [HikariPool-1 housekeeper] DEBUG [N/A] [N/A] com.zaxxer.hikari.pool.HikariPool - HikariPool-1 - Fill pool skipped, pool has sufficient level or currently being filled.
2026-03-24 13:21:27.388 [HikariPool-1 housekeeper] DEBUG [N/A] [N/A] com.zaxxer.hikari.pool.HikariPool - HikariPool-1 - Before cleanup stats (total=5, active=0, idle=5, waiting=0)
2026-03-24 13:21:27.389 [HikariPool-1 housekeeper] DEBUG [N/A] [N/A] com.zaxxer.hikari.pool.HikariPool - HikariPool-1 - After cleanup  stats (total=5, active=0, idle=5, waiting=0)
2026-03-24 13:21:27.389 [HikariPool-1 housekeeper] DEBUG [N/A] [N/A] com.zaxxer.hikari.pool.HikariPool - HikariPool-1 - Fill pool skipped, pool has sufficient level or currently being filled.
2026-03-24 13:21:57.393 [HikariPool-1 housekeeper] DEBUG [N/A] [N/A] com.zaxxer.hikari.pool.HikariPool - HikariPool-1 - Before cleanup stats (total=5, active=0, idle=5, waiting=0)
2026-03-24 13:21:57.393 [HikariPool-1 housekeeper] DEBUG [N/A] [N/A] com.zaxxer.hikari.pool.HikariPool - HikariPool-1 - After cleanup  stats (total=5, active=0, idle=5, waiting=0)
2026-03-24 13:21:57.393 [HikariPool-1 housekeeper] DEBUG [N/A] [N/A] com.zaxxer.hikari.pool.HikariPool - HikariPool-1 - Fill pool skipped, pool has sufficient level or currently being filled.
2026-03-24 13:22:27.397 [HikariPool-1 housekeeper] DEBUG [N/A] [N/A] com.zaxxer.hikari.pool.HikariPool - HikariPool-1 - Before cleanup stats (total=5, active=0, idle=5, waiting=0)
2026-03-24 13:22:27.399 [HikariPool-1 housekeeper] DEBUG [N/A] [N/A] com.zaxxer.hikari.pool.HikariPool - HikariPool-1 - After cleanup  stats (total=5, active=0, idle=5, waiting=0)
2026-03-24 13:22:27.399 [HikariPool-1 housekeeper] DEBUG [N/A] [N/A] com.zaxxer.hikari.pool.HikariPool - HikariPool-1 - Fill pool skipped, pool has sufficient level or currently being filled.
2026-03-24 13:22:57.404 [HikariPool-1 housekeeper] DEBUG [N/A] [N/A] com.zaxxer.hikari.pool.HikariPool - HikariPool-1 - Before cleanup stats (total=5, active=0, idle=5, waiting=0)
2026-03-24 13:22:57.404 [HikariPool-1 housekeeper] DEBUG [N/A] [N/A] com.zaxxer.hikari.pool.HikariPool - HikariPool-1 - After cleanup  stats (total=5, active=0, idle=5, waiting=0)
2026-03-24 13:22:57.405 [HikariPool-1 housekeeper] DEBUG [N/A] [N/A] com.zaxxer.hikari.pool.HikariPool - HikariPool-1 - Fill pool skipped, pool has sufficient level or currently being filled.
2026-03-24 13:23:27.409 [HikariPool-1 housekeeper] DEBUG [N/A] [N/A] com.zaxxer.hikari.pool.HikariPool - HikariPool-1 - Before cleanup stats (total=5, active=0, idle=5, waiting=0)
2026-03-24 13:23:27.409 [HikariPool-1 housekeeper] DEBUG [N/A] [N/A] com.zaxxer.hikari.pool.HikariPool - HikariPool-1 - After cleanup  stats (total=5, active=0, idle=5, waiting=0)
2026-03-24 13:23:27.409 [HikariPool-1 housekeeper] DEBUG [N/A] [N/A] com.zaxxer.hikari.pool.HikariPool - HikariPool-1 - Fill pool skipped, pool has sufficient level or currently being filled.
2026-03-24 13:23:57.409 [HikariPool-1 housekeeper] DEBUG [N/A] [N/A] com.zaxxer.hikari.pool.HikariPool - HikariPool-1 - Before cleanup stats (total=5, active=0, idle=5, waiting=0)
2026-03-24 13:23:57.410 [HikariPool-1 housekeeper] DEBUG [N/A] [N/A] com.zaxxer.hikari.pool.HikariPool - HikariPool-1 - After cleanup  stats (total=5, active=0, idle=5, waiting=0)
2026-03-24 13:23:57.410 [HikariPool-1 housekeeper] DEBUG [N/A] [N/A] com.zaxxer.hikari.pool.HikariPool - HikariPool-1 - Fill pool skipped, pool has sufficient level or currently being filled.
2026-03-24 13:24:27.414 [HikariPool-1 housekeeper] DEBUG [N/A] [N/A] com.zaxxer.hikari.pool.HikariPool - HikariPool-1 - Before cleanup stats (total=5, active=0, idle=5, waiting=0)
2026-03-24 13:24:27.415 [HikariPool-1 housekeeper] DEBUG [N/A] [N/A] com.zaxxer.hikari.pool.HikariPool - HikariPool-1 - After cleanup  stats (total=5, active=0, idle=5, waiting=0)
2026-03-24 13:24:27.415 [HikariPool-1 housekeeper] DEBUG [N/A] [N/A] com.zaxxer.hikari.pool.HikariPool - HikariPool-1 - Fill pool skipped, pool has sufficient level or currently being filled.
2026-03-24 13:24:57.418 [HikariPool-1 housekeeper] DEBUG [N/A] [N/A] com.zaxxer.hikari.pool.HikariPool - HikariPool-1 - Before cleanup stats (total=5, active=0, idle=5, waiting=0)
2026-03-24 13:24:57.420 [HikariPool-1 housekeeper] DEBUG [N/A] [N/A] com.zaxxer.hikari.pool.HikariPool - HikariPool-1 - After cleanup  stats (total=5, active=0, idle=5, waiting=0)
2026-03-24 13:24:57.420 [HikariPool-1 housekeeper] DEBUG [N/A] [N/A] com.zaxxer.hikari.pool.HikariPool - HikariPool-1 - Fill pool skipped, pool has sufficient level or currently being filled.
2026-03-24 13:25:27.423 [HikariPool-1 housekeeper] DEBUG [N/A] [N/A] com.zaxxer.hikari.pool.HikariPool - HikariPool-1 - Before cleanup stats (total=5, active=0, idle=5, waiting=0)
2026-03-24 13:25:27.423 [HikariPool-1 housekeeper] DEBUG [N/A] [N/A] com.zaxxer.hikari.pool.HikariPool - HikariPool-1 - After cleanup  stats (total=5, active=0, idle=5, waiting=0)
2026-03-24 13:25:27.423 [HikariPool-1 housekeeper] DEBUG [N/A] [N/A] com.zaxxer.hikari.pool.HikariPool - HikariPool-1 - Fill pool skipped, pool has sufficient level or currently being filled.
2026-03-24 13:25:57.429 [HikariPool-1 housekeeper] DEBUG [N/A] [N/A] com.zaxxer.hikari.pool.HikariPool - HikariPool-1 - Before cleanup stats (total=5, active=0, idle=5, waiting=0)
2026-03-24 13:25:57.429 [HikariPool-1 housekeeper] DEBUG [N/A] [N/A] com.zaxxer.hikari.pool.HikariPool - HikariPool-1 - After cleanup  stats (total=5, active=0, idle=5, waiting=0)
2026-03-24 13:25:57.429 [HikariPool-1 housekeeper] DEBUG [N/A] [N/A] com.zaxxer.hikari.pool.HikariPool - HikariPool-1 - Fill pool skipped, pool has sufficient level or currently being filled.
2026-03-24 13:26:27.433 [HikariPool-1 housekeeper] DEBUG [N/A] [N/A] com.zaxxer.hikari.pool.HikariPool - HikariPool-1 - Before cleanup stats (total=5, active=0, idle=5, waiting=0)
2026-03-24 13:26:27.433 [HikariPool-1 housekeeper] DEBUG [N/A] [N/A] com.zaxxer.hikari.pool.HikariPool - HikariPool-1 - After cleanup  stats (total=5, active=0, idle=5, waiting=0)
2026-03-24 13:26:27.433 [HikariPool-1 housekeeper] DEBUG [N/A] [N/A] com.zaxxer.hikari.pool.HikariPool - HikariPool-1 - Fill pool skipped, pool has sufficient level or currently being filled.
2026-03-24 13:26:57.434 [HikariPool-1 housekeeper] DEBUG [N/A] [N/A] com.zaxxer.hikari.pool.HikariPool - HikariPool-1 - Before cleanup stats (total=5, active=0, idle=5, waiting=0)
2026-03-24 13:26:57.435 [HikariPool-1 housekeeper] DEBUG [N/A] [N/A] com.zaxxer.hikari.pool.HikariPool - HikariPool-1 - After cleanup  stats (total=5, active=0, idle=5, waiting=0)
2026-03-24 13:26:57.435 [HikariPool-1 housekeeper] DEBUG [N/A] [N/A] com.zaxxer.hikari.pool.HikariPool - HikariPool-1 - Fill pool skipped, pool has sufficient level or currently being filled.
2026-03-24 13:27:27.439 [HikariPool-1 housekeeper] DEBUG [N/A] [N/A] com.zaxxer.hikari.pool.HikariPool - HikariPool-1 - Before cleanup stats (total=5, active=0, idle=5, waiting=0)
2026-03-24 13:27:27.440 [HikariPool-1 housekeeper] DEBUG [N/A] [N/A] com.zaxxer.hikari.pool.HikariPool - HikariPool-1 - After cleanup  stats (total=5, active=0, idle=5, waiting=0)
2026-03-24 13:27:27.440 [HikariPool-1 housekeeper] DEBUG [N/A] [N/A] com.zaxxer.hikari.pool.HikariPool - HikariPool-1 - Fill pool skipped, pool has sufficient level or currently being filled.
2026-03-24 13:27:36.023 [HikariPool-1 connection closer] DEBUG [N/A] [N/A] com.zaxxer.hikari.pool.PoolBase - HikariPool-1 - Closing connection org.postgresql.jdbc.PgConnection@4dfe8ccc: (connection has passed maxLifetime)
2026-03-24 13:27:36.226 [HikariPool-1 connection adder] DEBUG [N/A] [N/A] com.zaxxer.hikari.pool.HikariPool - HikariPool-1 - Added connection org.postgresql.jdbc.PgConnection@49eb4c8d
2026-03-24 13:27:36.260 [HikariPool-1 connection adder] DEBUG [N/A] [N/A] com.zaxxer.hikari.pool.HikariPool - HikariPool-1 - Connection not added, stats (total=5, active=0, idle=5, waiting=0)
2026-03-24 13:27:45.621 [HikariPool-1 connection closer] DEBUG [N/A] [N/A] com.zaxxer.hikari.pool.PoolBase - HikariPool-1 - Closing connection org.postgresql.jdbc.PgConnection@43397adb: (connection has passed maxLifetime)
2026-03-24 13:27:45.893 [HikariPool-1 connection adder] DEBUG [N/A] [N/A] com.zaxxer.hikari.pool.HikariPool - HikariPool-1 - Added connection org.postgresql.jdbc.PgConnection@2520ead5
2026-03-24 13:27:45.927 [HikariPool-1 connection adder] DEBUG [N/A] [N/A] com.zaxxer.hikari.pool.HikariPool - HikariPool-1 - Connection not added, stats (total=5, active=0, idle=5, waiting=0)
2026-03-24 13:27:57.443 [HikariPool-1 housekeeper] DEBUG [N/A] [N/A] com.zaxxer.hikari.pool.HikariPool - HikariPool-1 - Before cleanup stats (total=5, active=0, idle=5, waiting=0)
2026-03-24 13:27:57.443 [HikariPool-1 housekeeper] DEBUG [N/A] [N/A] com.zaxxer.hikari.pool.HikariPool - HikariPool-1 - After cleanup  stats (total=5, active=0, idle=5, waiting=0)
2026-03-24 13:27:57.443 [HikariPool-1 housekeeper] DEBUG [N/A] [N/A] com.zaxxer.hikari.pool.HikariPool - HikariPool-1 - Fill pool skipped, pool has sufficient level or currently being filled.
2026-03-24 13:27:59.780 [HikariPool-1 connection closer] DEBUG [N/A] [N/A] com.zaxxer.hikari.pool.PoolBase - HikariPool-1 - Closing connection org.postgresql.jdbc.PgConnection@6f2b9ee0: (connection has passed maxLifetime)
2026-03-24 13:28:00.088 [HikariPool-1 connection adder] DEBUG [N/A] [N/A] com.zaxxer.hikari.pool.HikariPool - HikariPool-1 - Added connection org.postgresql.jdbc.PgConnection@2e68f48b
2026-03-24 13:28:00.121 [HikariPool-1 connection adder] DEBUG [N/A] [N/A] com.zaxxer.hikari.pool.HikariPool - HikariPool-1 - Connection not added, stats (total=5, active=0, idle=5, waiting=0)
2026-03-24 13:28:07.567 [HikariPool-1 connection closer] DEBUG [N/A] [N/A] com.zaxxer.hikari.pool.PoolBase - HikariPool-1 - Closing connection org.postgresql.jdbc.PgConnection@5c1a57c: (connection has passed maxLifetime)
2026-03-24 13:28:07.838 [HikariPool-1 connection adder] DEBUG [N/A] [N/A] com.zaxxer.hikari.pool.HikariPool - HikariPool-1 - Added connection org.postgresql.jdbc.PgConnection@684bee76
2026-03-24 13:28:07.873 [HikariPool-1 connection adder] DEBUG [N/A] [N/A] com.zaxxer.hikari.pool.HikariPool - HikariPool-1 - Connection not added, stats (total=5, active=0, idle=5, waiting=0)
2026-03-24 13:28:27.448 [HikariPool-1 housekeeper] DEBUG [N/A] [N/A] com.zaxxer.hikari.pool.HikariPool - HikariPool-1 - Before cleanup stats (total=5, active=0, idle=5, waiting=0)
2026-03-24 13:28:27.448 [HikariPool-1 housekeeper] DEBUG [N/A] [N/A] com.zaxxer.hikari.pool.HikariPool - HikariPool-1 - After cleanup  stats (total=5, active=0, idle=5, waiting=0)
2026-03-24 13:28:27.448 [HikariPool-1 housekeeper] DEBUG [N/A] [N/A] com.zaxxer.hikari.pool.HikariPool - HikariPool-1 - Fill pool skipped, pool has sufficient level or currently being filled.
2026-03-24 13:28:33.338 [HikariPool-1 connection closer] DEBUG [N/A] [N/A] com.zaxxer.hikari.pool.PoolBase - HikariPool-1 - Closing connection org.postgresql.jdbc.PgConnection@2f7fedcf: (connection has passed maxLifetime)
2026-03-24 13:28:33.629 [HikariPool-1 connection adder] DEBUG [N/A] [N/A] com.zaxxer.hikari.pool.HikariPool - HikariPool-1 - Added connection org.postgresql.jdbc.PgConnection@2416a1f3
2026-03-24 13:28:33.663 [HikariPool-1 connection adder] DEBUG [N/A] [N/A] com.zaxxer.hikari.pool.HikariPool - HikariPool-1 - Connection not added, stats (total=5, active=0, idle=5, waiting=0)
2026-03-24 13:28:57.449 [HikariPool-1 housekeeper] DEBUG [N/A] [N/A] com.zaxxer.hikari.pool.HikariPool - HikariPool-1 - Before cleanup stats (total=5, active=0, idle=5, waiting=0)
2026-03-24 13:28:57.450 [HikariPool-1 housekeeper] DEBUG [N/A] [N/A] com.zaxxer.hikari.pool.HikariPool - HikariPool-1 - After cleanup  stats (total=5, active=0, idle=5, waiting=0)
2026-03-24 13:28:57.452 [HikariPool-1 housekeeper] DEBUG [N/A] [N/A] com.zaxxer.hikari.pool.HikariPool - HikariPool-1 - Fill pool skipped, pool has sufficient level or currently being filled.
2026-03-24 13:29:27.457 [HikariPool-1 housekeeper] DEBUG [N/A] [N/A] com.zaxxer.hikari.pool.HikariPool - HikariPool-1 - Before cleanup stats (total=5, active=0, idle=5, waiting=0)
2026-03-24 13:29:27.459 [HikariPool-1 housekeeper] DEBUG [N/A] [N/A] com.zaxxer.hikari.pool.HikariPool - HikariPool-1 - After cleanup  stats (total=5, active=0, idle=5, waiting=0)
2026-03-24 13:29:27.459 [HikariPool-1 housekeeper] DEBUG [N/A] [N/A] com.zaxxer.hikari.pool.HikariPool - HikariPool-1 - Fill pool skipped, pool has sufficient level or currently being filled.
2026-03-24 13:29:57.461 [HikariPool-1 housekeeper] DEBUG [N/A] [N/A] com.zaxxer.hikari.pool.HikariPool - HikariPool-1 - Before cleanup stats (total=5, active=0, idle=5, waiting=0)
2026-03-24 13:29:57.464 [HikariPool-1 housekeeper] DEBUG [N/A] [N/A] com.zaxxer.hikari.pool.HikariPool - HikariPool-1 - After cleanup  stats (total=5, active=0, idle=5, waiting=0)
2026-03-24 13:29:57.465 [HikariPool-1 housekeeper] DEBUG [N/A] [N/A] com.zaxxer.hikari.pool.HikariPool - HikariPool-1 - Fill pool skipped, pool has sufficient level or currently being filled.
2026-03-24 13:30:27.468 [HikariPool-1 housekeeper] DEBUG [N/A] [N/A] com.zaxxer.hikari.pool.HikariPool - HikariPool-1 - Before cleanup stats (total=5, active=0, idle=5, waiting=0)
2026-03-24 13:30:27.469 [HikariPool-1 housekeeper] DEBUG [N/A] [N/A] com.zaxxer.hikari.pool.HikariPool - HikariPool-1 - After cleanup  stats (total=5, active=0, idle=5, waiting=0)
2026-03-24 13:30:27.470 [HikariPool-1 housekeeper] DEBUG [N/A] [N/A] com.zaxxer.hikari.pool.HikariPool - HikariPool-1 - Fill pool skipped, pool has sufficient level or currently being filled.
2026-03-24 13:30:57.476 [HikariPool-1 housekeeper] DEBUG [N/A] [N/A] com.zaxxer.hikari.pool.HikariPool - HikariPool-1 - Before cleanup stats (total=5, active=0, idle=5, waiting=0)
2026-03-24 13:30:57.476 [HikariPool-1 housekeeper] DEBUG [N/A] [N/A] com.zaxxer.hikari.pool.HikariPool - HikariPool-1 - After cleanup  stats (total=5, active=0, idle=5, waiting=0)
2026-03-24 13:30:57.476 [HikariPool-1 housekeeper] DEBUG [N/A] [N/A] com.zaxxer.hikari.pool.HikariPool - HikariPool-1 - Fill pool skipped, pool has sufficient level or currently being filled.
2026-03-24 13:31:27.481 [HikariPool-1 housekeeper] DEBUG [N/A] [N/A] com.zaxxer.hikari.pool.HikariPool - HikariPool-1 - Before cleanup stats (total=5, active=0, idle=5, waiting=0)
2026-03-24 13:31:27.481 [HikariPool-1 housekeeper] DEBUG [N/A] [N/A] com.zaxxer.hikari.pool.HikariPool - HikariPool-1 - After cleanup  stats (total=5, active=0, idle=5, waiting=0)
2026-03-24 13:31:27.481 [HikariPool-1 housekeeper] DEBUG [N/A] [N/A] com.zaxxer.hikari.pool.HikariPool - HikariPool-1 - Fill pool skipped, pool has sufficient level or currently being filled.
2026-03-24 13:31:57.487 [HikariPool-1 housekeeper] DEBUG [N/A] [N/A] com.zaxxer.hikari.pool.HikariPool - HikariPool-1 - Before cleanup stats (total=5, active=0, idle=5, waiting=0)
2026-03-24 13:31:57.487 [HikariPool-1 housekeeper] DEBUG [N/A] [N/A] com.zaxxer.hikari.pool.HikariPool - HikariPool-1 - After cleanup  stats (total=5, active=0, idle=5, waiting=0)
2026-03-24 13:31:57.487 [HikariPool-1 housekeeper] DEBUG [N/A] [N/A] com.zaxxer.hikari.pool.HikariPool - HikariPool-1 - Fill pool skipped, pool has sufficient level or currently being filled.
2026-03-24 13:32:27.491 [HikariPool-1 housekeeper] DEBUG [N/A] [N/A] com.zaxxer.hikari.pool.HikariPool - HikariPool-1 - Before cleanup stats (total=5, active=0, idle=5, waiting=0)
2026-03-24 13:32:27.492 [HikariPool-1 housekeeper] DEBUG [N/A] [N/A] com.zaxxer.hikari.pool.HikariPool - HikariPool-1 - After cleanup  stats (total=5, active=0, idle=5, waiting=0)
2026-03-24 13:32:27.492 [HikariPool-1 housekeeper] DEBUG [N/A] [N/A] com.zaxxer.hikari.pool.HikariPool - HikariPool-1 - Fill pool skipped, pool has sufficient level or currently being filled.
2026-03-24 13:32:57.497 [HikariPool-1 housekeeper] DEBUG [N/A] [N/A] com.zaxxer.hikari.pool.HikariPool - HikariPool-1 - Before cleanup stats (total=5, active=0, idle=5, waiting=0)
2026-03-24 13:32:57.497 [HikariPool-1 housekeeper] DEBUG [N/A] [N/A] com.zaxxer.hikari.pool.HikariPool - HikariPool-1 - After cleanup  stats (total=5, active=0, idle=5, waiting=0)
2026-03-24 13:32:57.497 [HikariPool-1 housekeeper] DEBUG [N/A] [N/A] com.zaxxer.hikari.pool.HikariPool - HikariPool-1 - Fill pool skipped, pool has sufficient level or currently being filled.
2026-03-24 13:33:27.497 [HikariPool-1 housekeeper] DEBUG [N/A] [N/A] com.zaxxer.hikari.pool.HikariPool - HikariPool-1 - Before cleanup stats (total=5, active=0, idle=5, waiting=0)
2026-03-24 13:33:27.498 [HikariPool-1 housekeeper] DEBUG [N/A] [N/A] com.zaxxer.hikari.pool.HikariPool - HikariPool-1 - After cleanup  stats (total=5, active=0, idle=5, waiting=0)
2026-03-24 13:33:27.498 [HikariPool-1 housekeeper] DEBUG [N/A] [N/A] com.zaxxer.hikari.pool.HikariPool - HikariPool-1 - Fill pool skipped, pool has sufficient level or currently being filled.
2026-03-24 13:33:57.503 [HikariPool-1 housekeeper] DEBUG [N/A] [N/A] com.zaxxer.hikari.pool.HikariPool - HikariPool-1 - Before cleanup stats (total=5, active=0, idle=5, waiting=0)
2026-03-24 13:33:57.503 [HikariPool-1 housekeeper] DEBUG [N/A] [N/A] com.zaxxer.hikari.pool.HikariPool - HikariPool-1 - After cleanup  stats (total=5, active=0, idle=5, waiting=0)
2026-03-24 13:33:57.503 [HikariPool-1 housekeeper] DEBUG [N/A] [N/A] com.zaxxer.hikari.pool.HikariPool - HikariPool-1 - Fill pool skipped, pool has sufficient level or currently being filled.
2026-03-24 13:34:27.503 [HikariPool-1 housekeeper] DEBUG [N/A] [N/A] com.zaxxer.hikari.pool.HikariPool - HikariPool-1 - Before cleanup stats (total=5, active=0, idle=5, waiting=0)
2026-03-24 13:34:27.506 [HikariPool-1 housekeeper] DEBUG [N/A] [N/A] com.zaxxer.hikari.pool.HikariPool - HikariPool-1 - After cleanup  stats (total=5, active=0, idle=5, waiting=0)
2026-03-24 13:34:27.506 [HikariPool-1 housekeeper] DEBUG [N/A] [N/A] com.zaxxer.hikari.pool.HikariPool - HikariPool-1 - Fill pool skipped, pool has sufficient level or currently being filled.
2026-03-24 13:34:57.507 [HikariPool-1 housekeeper] DEBUG [N/A] [N/A] com.zaxxer.hikari.pool.HikariPool - HikariPool-1 - Before cleanup stats (total=5, active=0, idle=5, waiting=0)
2026-03-24 13:34:57.509 [HikariPool-1 housekeeper] DEBUG [N/A] [N/A] com.zaxxer.hikari.pool.HikariPool - HikariPool-1 - After cleanup  stats (total=5, active=0, idle=5, waiting=0)
2026-03-24 13:34:57.509 [HikariPool-1 housekeeper] DEBUG [N/A] [N/A] com.zaxxer.hikari.pool.HikariPool - HikariPool-1 - Fill pool skipped, pool has sufficient level or currently being filled.
2026-03-24 13:35:27.512 [HikariPool-1 housekeeper] DEBUG [N/A] [N/A] com.zaxxer.hikari.pool.HikariPool - HikariPool-1 - Before cleanup stats (total=5, active=0, idle=5, waiting=0)
2026-03-24 13:35:27.512 [HikariPool-1 housekeeper] DEBUG [N/A] [N/A] com.zaxxer.hikari.pool.HikariPool - HikariPool-1 - After cleanup  stats (total=5, active=0, idle=5, waiting=0)
2026-03-24 13:35:27.512 [HikariPool-1 housekeeper] DEBUG [N/A] [N/A] com.zaxxer.hikari.pool.HikariPool - HikariPool-1 - Fill pool skipped, pool has sufficient level or currently being filled.
2026-03-24 13:35:57.513 [HikariPool-1 housekeeper] DEBUG [N/A] [N/A] com.zaxxer.hikari.pool.HikariPool - HikariPool-1 - Before cleanup stats (total=5, active=0, idle=5, waiting=0)
2026-03-24 13:35:57.515 [HikariPool-1 housekeeper] DEBUG [N/A] [N/A] com.zaxxer.hikari.pool.HikariPool - HikariPool-1 - After cleanup  stats (total=5, active=0, idle=5, waiting=0)
2026-03-24 13:35:57.515 [HikariPool-1 housekeeper] DEBUG [N/A] [N/A] com.zaxxer.hikari.pool.HikariPool - HikariPool-1 - Fill pool skipped, pool has sufficient level or currently being filled.
2026-03-24 13:36:27.519 [HikariPool-1 housekeeper] DEBUG [N/A] [N/A] com.zaxxer.hikari.pool.HikariPool - HikariPool-1 - Before cleanup stats (total=5, active=0, idle=5, waiting=0)
2026-03-24 13:36:27.519 [HikariPool-1 housekeeper] DEBUG [N/A] [N/A] com.zaxxer.hikari.pool.HikariPool - HikariPool-1 - After cleanup  stats (total=5, active=0, idle=5, waiting=0)
2026-03-24 13:36:27.521 [HikariPool-1 housekeeper] DEBUG [N/A] [N/A] com.zaxxer.hikari.pool.HikariPool - HikariPool-1 - Fill pool skipped, pool has sufficient level or currently being filled.
2026-03-24 13:36:57.525 [HikariPool-1 housekeeper] DEBUG [N/A] [N/A] com.zaxxer.hikari.pool.HikariPool - HikariPool-1 - Before cleanup stats (total=5, active=0, idle=5, waiting=0)
2026-03-24 13:36:57.525 [HikariPool-1 housekeeper] DEBUG [N/A] [N/A] com.zaxxer.hikari.pool.HikariPool - HikariPool-1 - After cleanup  stats (total=5, active=0, idle=5, waiting=0)
2026-03-24 13:36:57.525 [HikariPool-1 housekeeper] DEBUG [N/A] [N/A] com.zaxxer.hikari.pool.HikariPool - HikariPool-1 - Fill pool skipped, pool has sufficient level or currently being filled.
2026-03-24 13:37:27.527 [HikariPool-1 housekeeper] DEBUG [N/A] [N/A] com.zaxxer.hikari.pool.HikariPool - HikariPool-1 - Before cleanup stats (total=5, active=0, idle=5, waiting=0)
2026-03-24 13:37:27.529 [HikariPool-1 housekeeper] DEBUG [N/A] [N/A] com.zaxxer.hikari.pool.HikariPool - HikariPool-1 - After cleanup  stats (total=5, active=0, idle=5, waiting=0)
2026-03-24 13:37:27.529 [HikariPool-1 housekeeper] DEBUG [N/A] [N/A] com.zaxxer.hikari.pool.HikariPool - HikariPool-1 - Fill pool skipped, pool has sufficient level or currently being filled.
2026-03-24 13:37:57.532 [HikariPool-1 housekeeper] DEBUG [N/A] [N/A] com.zaxxer.hikari.pool.HikariPool - HikariPool-1 - Before cleanup stats (total=5, active=0, idle=5, waiting=0)
2026-03-24 13:37:57.534 [HikariPool-1 housekeeper] DEBUG [N/A] [N/A] com.zaxxer.hikari.pool.HikariPool - HikariPool-1 - After cleanup  stats (total=5, active=0, idle=5, waiting=0)
2026-03-24 13:37:57.534 [HikariPool-1 housekeeper] DEBUG [N/A] [N/A] com.zaxxer.hikari.pool.HikariPool - HikariPool-1 - Fill pool skipped, pool has sufficient level or currently being filled.
2026-03-24 13:38:27.537 [HikariPool-1 housekeeper] DEBUG [N/A] [N/A] com.zaxxer.hikari.pool.HikariPool - HikariPool-1 - Before cleanup stats (total=5, active=0, idle=5, waiting=0)
2026-03-24 13:38:27.537 [HikariPool-1 housekeeper] DEBUG [N/A] [N/A] com.zaxxer.hikari.pool.HikariPool - HikariPool-1 - After cleanup  stats (total=5, active=0, idle=5, waiting=0)
2026-03-24 13:38:27.537 [HikariPool-1 housekeeper] DEBUG [N/A] [N/A] com.zaxxer.hikari.pool.HikariPool - HikariPool-1 - Fill pool skipped, pool has sufficient level or currently being filled.
2026-03-24 13:38:57.541 [HikariPool-1 housekeeper] DEBUG [N/A] [N/A] com.zaxxer.hikari.pool.HikariPool - HikariPool-1 - Before cleanup stats (total=5, active=0, idle=5, waiting=0)
2026-03-24 13:38:57.543 [HikariPool-1 housekeeper] DEBUG [N/A] [N/A] com.zaxxer.hikari.pool.HikariPool - HikariPool-1 - After cleanup  stats (total=5, active=0, idle=5, waiting=0)
2026-03-24 13:38:57.543 [HikariPool-1 housekeeper] DEBUG [N/A] [N/A] com.zaxxer.hikari.pool.HikariPool - HikariPool-1 - Fill pool skipped, pool has sufficient level or currently being filled.
2026-03-24 13:39:27.546 [HikariPool-1 housekeeper] DEBUG [N/A] [N/A] com.zaxxer.hikari.pool.HikariPool - HikariPool-1 - Before cleanup stats (total=5, active=0, idle=5, waiting=0)
2026-03-24 13:39:27.547 [HikariPool-1 housekeeper] DEBUG [N/A] [N/A] com.zaxxer.hikari.pool.HikariPool - HikariPool-1 - After cleanup  stats (total=5, active=0, idle=5, waiting=0)
2026-03-24 13:39:27.547 [HikariPool-1 housekeeper] DEBUG [N/A] [N/A] com.zaxxer.hikari.pool.HikariPool - HikariPool-1 - Fill pool skipped, pool has sufficient level or currently being filled.
2026-03-24 13:39:57.551 [HikariPool-1 housekeeper] DEBUG [N/A] [N/A] com.zaxxer.hikari.pool.HikariPool - HikariPool-1 - Before cleanup stats (total=5, active=0, idle=5, waiting=0)
2026-03-24 13:39:57.551 [HikariPool-1 housekeeper] DEBUG [N/A] [N/A] com.zaxxer.hikari.pool.HikariPool - HikariPool-1 - After cleanup  stats (total=5, active=0, idle=5, waiting=0)
2026-03-24 13:39:57.551 [HikariPool-1 housekeeper] DEBUG [N/A] [N/A] com.zaxxer.hikari.pool.HikariPool - HikariPool-1 - Fill pool skipped, pool has sufficient level or currently being filled.
2026-03-24 13:40:27.556 [HikariPool-1 housekeeper] DEBUG [N/A] [N/A] com.zaxxer.hikari.pool.HikariPool - HikariPool-1 - Before cleanup stats (total=5, active=0, idle=5, waiting=0)
2026-03-24 13:40:27.558 [HikariPool-1 housekeeper] DEBUG [N/A] [N/A] com.zaxxer.hikari.pool.HikariPool - HikariPool-1 - After cleanup  stats (total=5, active=0, idle=5, waiting=0)
2026-03-24 13:40:27.558 [HikariPool-1 housekeeper] DEBUG [N/A] [N/A] com.zaxxer.hikari.pool.HikariPool - HikariPool-1 - Fill pool skipped, pool has sufficient level or currently being filled.
2026-03-24 13:40:57.562 [HikariPool-1 housekeeper] DEBUG [N/A] [N/A] com.zaxxer.hikari.pool.HikariPool - HikariPool-1 - Before cleanup stats (total=5, active=0, idle=5, waiting=0)
2026-03-24 13:40:57.562 [HikariPool-1 housekeeper] DEBUG [N/A] [N/A] com.zaxxer.hikari.pool.HikariPool - HikariPool-1 - After cleanup  stats (total=5, active=0, idle=5, waiting=0)
2026-03-24 13:40:57.562 [HikariPool-1 housekeeper] DEBUG [N/A] [N/A] com.zaxxer.hikari.pool.HikariPool - HikariPool-1 - Fill pool skipped, pool has sufficient level or currently being filled.
2026-03-24 13:41:27.563 [HikariPool-1 housekeeper] DEBUG [N/A] [N/A] com.zaxxer.hikari.pool.HikariPool - HikariPool-1 - Before cleanup stats (total=5, active=0, idle=5, waiting=0)
2026-03-24 13:41:27.564 [HikariPool-1 housekeeper] DEBUG [N/A] [N/A] com.zaxxer.hikari.pool.HikariPool - HikariPool-1 - After cleanup  stats (total=5, active=0, idle=5, waiting=0)
2026-03-24 13:41:27.564 [HikariPool-1 housekeeper] DEBUG [N/A] [N/A] com.zaxxer.hikari.pool.HikariPool - HikariPool-1 - Fill pool skipped, pool has sufficient level or currently being filled.
2026-03-24 13:41:57.569 [HikariPool-1 housekeeper] DEBUG [N/A] [N/A] com.zaxxer.hikari.pool.HikariPool - HikariPool-1 - Before cleanup stats (total=5, active=0, idle=5, waiting=0)
2026-03-24 13:41:57.569 [HikariPool-1 housekeeper] DEBUG [N/A] [N/A] com.zaxxer.hikari.pool.HikariPool - HikariPool-1 - After cleanup  stats (total=5, active=0, idle=5, waiting=0)
2026-03-24 13:41:57.569 [HikariPool-1 housekeeper] DEBUG [N/A] [N/A] com.zaxxer.hikari.pool.HikariPool - HikariPool-1 - Fill pool skipped, pool has sufficient level or currently being filled.
2026-03-24 13:42:27.572 [HikariPool-1 housekeeper] DEBUG [N/A] [N/A] com.zaxxer.hikari.pool.HikariPool - HikariPool-1 - Before cleanup stats (total=5, active=0, idle=5, waiting=0)
2026-03-24 13:42:27.572 [HikariPool-1 housekeeper] DEBUG [N/A] [N/A] com.zaxxer.hikari.pool.HikariPool - HikariPool-1 - After cleanup  stats (total=5, active=0, idle=5, waiting=0)
2026-03-24 13:42:27.573 [HikariPool-1 housekeeper] DEBUG [N/A] [N/A] com.zaxxer.hikari.pool.HikariPool - HikariPool-1 - Fill pool skipped, pool has sufficient level or currently being filled.
2026-03-24 13:42:57.579 [HikariPool-1 housekeeper] DEBUG [N/A] [N/A] com.zaxxer.hikari.pool.HikariPool - HikariPool-1 - Before cleanup stats (total=5, active=0, idle=5, waiting=0)
2026-03-24 13:42:57.579 [HikariPool-1 housekeeper] DEBUG [N/A] [N/A] com.zaxxer.hikari.pool.HikariPool - HikariPool-1 - After cleanup  stats (total=5, active=0, idle=5, waiting=0)
2026-03-24 13:42:57.579 [HikariPool-1 housekeeper] DEBUG [N/A] [N/A] com.zaxxer.hikari.pool.HikariPool - HikariPool-1 - Fill pool skipped, pool has sufficient level or currently being filled.
2026-03-24 13:43:27.582 [HikariPool-1 housekeeper] DEBUG [N/A] [N/A] com.zaxxer.hikari.pool.HikariPool - HikariPool-1 - Before cleanup stats (total=5, active=0, idle=5, waiting=0)
2026-03-24 13:43:27.582 [HikariPool-1 housekeeper] DEBUG [N/A] [N/A] com.zaxxer.hikari.pool.HikariPool - HikariPool-1 - After cleanup  stats (total=5, active=0, idle=5, waiting=0)
2026-03-24 13:43:27.582 [HikariPool-1 housekeeper] DEBUG [N/A] [N/A] com.zaxxer.hikari.pool.HikariPool - HikariPool-1 - Fill pool skipped, pool has sufficient level or currently being filled.
2026-03-24 13:43:57.583 [HikariPool-1 housekeeper] DEBUG [N/A] [N/A] com.zaxxer.hikari.pool.HikariPool - HikariPool-1 - Before cleanup stats (total=5, active=0, idle=5, waiting=0)
2026-03-24 13:43:57.583 [HikariPool-1 housekeeper] DEBUG [N/A] [N/A] com.zaxxer.hikari.pool.HikariPool - HikariPool-1 - After cleanup  stats (total=5, active=0, idle=5, waiting=0)
2026-03-24 13:43:57.583 [HikariPool-1 housekeeper] DEBUG [N/A] [N/A] com.zaxxer.hikari.pool.HikariPool - HikariPool-1 - Fill pool skipped, pool has sufficient level or currently being filled.
2026-03-24 13:44:27.578 [HikariPool-1 housekeeper] DEBUG [N/A] [N/A] com.zaxxer.hikari.pool.HikariPool - HikariPool-1 - Before cleanup stats (total=5, active=0, idle=5, waiting=0)
2026-03-24 13:44:27.579 [HikariPool-1 housekeeper] DEBUG [N/A] [N/A] com.zaxxer.hikari.pool.HikariPool - HikariPool-1 - After cleanup  stats (total=5, active=0, idle=5, waiting=0)
2026-03-24 13:44:27.579 [HikariPool-1 housekeeper] DEBUG [N/A] [N/A] com.zaxxer.hikari.pool.HikariPool - HikariPool-1 - Fill pool skipped, pool has sufficient level or currently being filled.
2026-03-24 13:44:57.580 [HikariPool-1 housekeeper] DEBUG [N/A] [N/A] com.zaxxer.hikari.pool.HikariPool - HikariPool-1 - Before cleanup stats (total=5, active=0, idle=5, waiting=0)
2026-03-24 13:44:57.580 [HikariPool-1 housekeeper] DEBUG [N/A] [N/A] com.zaxxer.hikari.pool.HikariPool - HikariPool-1 - After cleanup  stats (total=5, active=0, idle=5, waiting=0)
2026-03-24 13:44:57.580 [HikariPool-1 housekeeper] DEBUG [N/A] [N/A] com.zaxxer.hikari.pool.HikariPool - HikariPool-1 - Fill pool skipped, pool has sufficient level or currently being filled.
2026-03-24 13:45:27.588 [HikariPool-1 housekeeper] DEBUG [N/A] [N/A] com.zaxxer.hikari.pool.HikariPool - HikariPool-1 - Before cleanup stats (total=5, active=0, idle=5, waiting=0)
2026-03-24 13:45:27.589 [HikariPool-1 housekeeper] DEBUG [N/A] [N/A] com.zaxxer.hikari.pool.HikariPool - HikariPool-1 - After cleanup  stats (total=5, active=0, idle=5, waiting=0)
2026-03-24 13:45:27.589 [HikariPool-1 housekeeper] DEBUG [N/A] [N/A] com.zaxxer.hikari.pool.HikariPool - HikariPool-1 - Fill pool skipped, pool has sufficient level or currently being filled.
2026-03-24 13:45:57.593 [HikariPool-1 housekeeper] DEBUG [N/A] [N/A] com.zaxxer.hikari.pool.HikariPool - HikariPool-1 - Before cleanup stats (total=5, active=0, idle=5, waiting=0)
2026-03-24 13:45:57.595 [HikariPool-1 housekeeper] DEBUG [N/A] [N/A] com.zaxxer.hikari.pool.HikariPool - HikariPool-1 - After cleanup  stats (total=5, active=0, idle=5, waiting=0)
2026-03-24 13:45:57.595 [HikariPool-1 housekeeper] DEBUG [N/A] [N/A] com.zaxxer.hikari.pool.HikariPool - HikariPool-1 - Fill pool skipped, pool has sufficient level or currently being filled.
2026-03-24 13:46:27.600 [HikariPool-1 housekeeper] DEBUG [N/A] [N/A] com.zaxxer.hikari.pool.HikariPool - HikariPool-1 - Before cleanup stats (total=5, active=0, idle=5, waiting=0)
2026-03-24 13:46:27.600 [HikariPool-1 housekeeper] DEBUG [N/A] [N/A] com.zaxxer.hikari.pool.HikariPool - HikariPool-1 - After cleanup  stats (total=5, active=0, idle=5, waiting=0)
2026-03-24 13:46:27.600 [HikariPool-1 housekeeper] DEBUG [N/A] [N/A] com.zaxxer.hikari.pool.HikariPool - HikariPool-1 - Fill pool skipped, pool has sufficient level or currently being filled.
2026-03-24 13:46:57.604 [HikariPool-1 housekeeper] DEBUG [N/A] [N/A] com.zaxxer.hikari.pool.HikariPool - HikariPool-1 - Before cleanup stats (total=5, active=0, idle=5, waiting=0)
2026-03-24 13:46:57.604 [HikariPool-1 housekeeper] DEBUG [N/A] [N/A] com.zaxxer.hikari.pool.HikariPool - HikariPool-1 - After cleanup  stats (total=5, active=0, idle=5, waiting=0)
2026-03-24 13:46:57.604 [HikariPool-1 housekeeper] DEBUG [N/A] [N/A] com.zaxxer.hikari.pool.HikariPool - HikariPool-1 - Fill pool skipped, pool has sufficient level or currently being filled.
2026-03-24 13:47:27.607 [HikariPool-1 housekeeper] DEBUG [N/A] [N/A] com.zaxxer.hikari.pool.HikariPool - HikariPool-1 - Before cleanup stats (total=5, active=0, idle=5, waiting=0)
2026-03-24 13:47:27.609 [HikariPool-1 housekeeper] DEBUG [N/A] [N/A] com.zaxxer.hikari.pool.HikariPool - HikariPool-1 - After cleanup  stats (total=5, active=0, idle=5, waiting=0)
2026-03-24 13:47:27.609 [HikariPool-1 housekeeper] DEBUG [N/A] [N/A] com.zaxxer.hikari.pool.HikariPool - HikariPool-1 - Fill pool skipped, pool has sufficient level or currently being filled.
2026-03-24 13:47:57.614 [HikariPool-1 housekeeper] DEBUG [N/A] [N/A] com.zaxxer.hikari.pool.HikariPool - HikariPool-1 - Before cleanup stats (total=5, active=0, idle=5, waiting=0)
2026-03-24 13:47:57.614 [HikariPool-1 housekeeper] DEBUG [N/A] [N/A] com.zaxxer.hikari.pool.HikariPool - HikariPool-1 - After cleanup  stats (total=5, active=0, idle=5, waiting=0)
2026-03-24 13:47:57.616 [HikariPool-1 housekeeper] DEBUG [N/A] [N/A] com.zaxxer.hikari.pool.HikariPool - HikariPool-1 - Fill pool skipped, pool has sufficient level or currently being filled.
2026-03-24 13:48:27.620 [HikariPool-1 housekeeper] DEBUG [N/A] [N/A] com.zaxxer.hikari.pool.HikariPool - HikariPool-1 - Before cleanup stats (total=5, active=0, idle=5, waiting=0)
2026-03-24 13:48:27.620 [HikariPool-1 housekeeper] DEBUG [N/A] [N/A] com.zaxxer.hikari.pool.HikariPool - HikariPool-1 - After cleanup  stats (total=5, active=0, idle=5, waiting=0)
2026-03-24 13:48:27.620 [HikariPool-1 housekeeper] DEBUG [N/A] [N/A] com.zaxxer.hikari.pool.HikariPool - HikariPool-1 - Fill pool skipped, pool has sufficient level or currently being filled.
2026-03-24 13:48:57.624 [HikariPool-1 housekeeper] DEBUG [N/A] [N/A] com.zaxxer.hikari.pool.HikariPool - HikariPool-1 - Before cleanup stats (total=5, active=0, idle=5, waiting=0)
2026-03-24 13:48:57.625 [HikariPool-1 housekeeper] DEBUG [N/A] [N/A] com.zaxxer.hikari.pool.HikariPool - HikariPool-1 - After cleanup  stats (total=5, active=0, idle=5, waiting=0)
2026-03-24 13:48:57.626 [HikariPool-1 housekeeper] DEBUG [N/A] [N/A] com.zaxxer.hikari.pool.HikariPool - HikariPool-1 - Fill pool skipped, pool has sufficient level or currently being filled.
2026-03-24 13:49:27.628 [HikariPool-1 housekeeper] DEBUG [N/A] [N/A] com.zaxxer.hikari.pool.HikariPool - HikariPool-1 - Before cleanup stats (total=5, active=0, idle=5, waiting=0)
2026-03-24 13:49:27.629 [HikariPool-1 housekeeper] DEBUG [N/A] [N/A] com.zaxxer.hikari.pool.HikariPool - HikariPool-1 - After cleanup  stats (total=5, active=0, idle=5, waiting=0)
2026-03-24 13:49:27.629 [HikariPool-1 housekeeper] DEBUG [N/A] [N/A] com.zaxxer.hikari.pool.HikariPool - HikariPool-1 - Fill pool skipped, pool has sufficient level or currently being filled.
2026-03-24 13:49:57.633 [HikariPool-1 housekeeper] DEBUG [N/A] [N/A] com.zaxxer.hikari.pool.HikariPool - HikariPool-1 - Before cleanup stats (total=5, active=0, idle=5, waiting=0)
2026-03-24 13:49:57.634 [HikariPool-1 housekeeper] DEBUG [N/A] [N/A] com.zaxxer.hikari.pool.HikariPool - HikariPool-1 - After cleanup  stats (total=5, active=0, idle=5, waiting=0)
2026-03-24 13:49:57.634 [HikariPool-1 housekeeper] DEBUG [N/A] [N/A] com.zaxxer.hikari.pool.HikariPool - HikariPool-1 - Fill pool skipped, pool has sufficient level or currently being filled.
2026-03-24 13:50:27.638 [HikariPool-1 housekeeper] DEBUG [N/A] [N/A] com.zaxxer.hikari.pool.HikariPool - HikariPool-1 - Before cleanup stats (total=5, active=0, idle=5, waiting=0)
2026-03-24 13:50:27.638 [HikariPool-1 housekeeper] DEBUG [N/A] [N/A] com.zaxxer.hikari.pool.HikariPool - HikariPool-1 - After cleanup  stats (total=5, active=0, idle=5, waiting=0)
2026-03-24 13:50:27.638 [HikariPool-1 housekeeper] DEBUG [N/A] [N/A] com.zaxxer.hikari.pool.HikariPool - HikariPool-1 - Fill pool skipped, pool has sufficient level or currently being filled.
2026-03-24 13:50:57.643 [HikariPool-1 housekeeper] DEBUG [N/A] [N/A] com.zaxxer.hikari.pool.HikariPool - HikariPool-1 - Before cleanup stats (total=5, active=0, idle=5, waiting=0)
2026-03-24 13:50:57.644 [HikariPool-1 housekeeper] DEBUG [N/A] [N/A] com.zaxxer.hikari.pool.HikariPool - HikariPool-1 - After cleanup  stats (total=5, active=0, idle=5, waiting=0)
2026-03-24 13:50:57.644 [HikariPool-1 housekeeper] DEBUG [N/A] [N/A] com.zaxxer.hikari.pool.HikariPool - HikariPool-1 - Fill pool skipped, pool has sufficient level or currently being filled.
2026-03-24 13:51:27.649 [HikariPool-1 housekeeper] DEBUG [N/A] [N/A] com.zaxxer.hikari.pool.HikariPool - HikariPool-1 - Before cleanup stats (total=5, active=0, idle=5, waiting=0)
2026-03-24 13:51:27.652 [HikariPool-1 housekeeper] DEBUG [N/A] [N/A] com.zaxxer.hikari.pool.HikariPool - HikariPool-1 - After cleanup  stats (total=5, active=0, idle=5, waiting=0)
2026-03-24 13:51:27.653 [HikariPool-1 housekeeper] DEBUG [N/A] [N/A] com.zaxxer.hikari.pool.HikariPool - HikariPool-1 - Fill pool skipped, pool has sufficient level or currently being filled.
2026-03-24 13:51:57.658 [HikariPool-1 housekeeper] DEBUG [N/A] [N/A] com.zaxxer.hikari.pool.HikariPool - HikariPool-1 - Before cleanup stats (total=5, active=0, idle=5, waiting=0)
2026-03-24 13:51:57.660 [HikariPool-1 housekeeper] DEBUG [N/A] [N/A] com.zaxxer.hikari.pool.HikariPool - HikariPool-1 - After cleanup  stats (total=5, active=0, idle=5, waiting=0)
2026-03-24 13:51:57.660 [HikariPool-1 housekeeper] DEBUG [N/A] [N/A] com.zaxxer.hikari.pool.HikariPool - HikariPool-1 - Fill pool skipped, pool has sufficient level or currently being filled.
2026-03-24 13:52:27.662 [HikariPool-1 housekeeper] DEBUG [N/A] [N/A] com.zaxxer.hikari.pool.HikariPool - HikariPool-1 - Before cleanup stats (total=5, active=0, idle=5, waiting=0)
2026-03-24 13:52:27.663 [HikariPool-1 housekeeper] DEBUG [N/A] [N/A] com.zaxxer.hikari.pool.HikariPool - HikariPool-1 - After cleanup  stats (total=5, active=0, idle=5, waiting=0)
2026-03-24 13:52:27.663 [HikariPool-1 housekeeper] DEBUG [N/A] [N/A] com.zaxxer.hikari.pool.HikariPool - HikariPool-1 - Fill pool skipped, pool has sufficient level or currently being filled.
2026-03-24 13:52:57.664 [HikariPool-1 housekeeper] DEBUG [N/A] [N/A] com.zaxxer.hikari.pool.HikariPool - HikariPool-1 - Before cleanup stats (total=5, active=0, idle=5, waiting=0)
2026-03-24 13:52:57.667 [HikariPool-1 housekeeper] DEBUG [N/A] [N/A] com.zaxxer.hikari.pool.HikariPool - HikariPool-1 - After cleanup  stats (total=5, active=0, idle=5, waiting=0)
2026-03-24 13:52:57.667 [HikariPool-1 housekeeper] DEBUG [N/A] [N/A] com.zaxxer.hikari.pool.HikariPool - HikariPool-1 - Fill pool skipped, pool has sufficient level or currently being filled.
2026-03-24 13:53:27.672 [HikariPool-1 housekeeper] DEBUG [N/A] [N/A] com.zaxxer.hikari.pool.HikariPool - HikariPool-1 - Before cleanup stats (total=5, active=0, idle=5, waiting=0)
2026-03-24 13:53:27.673 [HikariPool-1 housekeeper] DEBUG [N/A] [N/A] com.zaxxer.hikari.pool.HikariPool - HikariPool-1 - After cleanup  stats (total=5, active=0, idle=5, waiting=0)
2026-03-24 13:53:27.673 [HikariPool-1 housekeeper] DEBUG [N/A] [N/A] com.zaxxer.hikari.pool.HikariPool - HikariPool-1 - Fill pool skipped, pool has sufficient level or currently being filled.
2026-03-24 13:53:57.676 [HikariPool-1 housekeeper] DEBUG [N/A] [N/A] com.zaxxer.hikari.pool.HikariPool - HikariPool-1 - Before cleanup stats (total=5, active=0, idle=5, waiting=0)
2026-03-24 13:53:57.678 [HikariPool-1 housekeeper] DEBUG [N/A] [N/A] com.zaxxer.hikari.pool.HikariPool - HikariPool-1 - After cleanup  stats (total=5, active=0, idle=5, waiting=0)
2026-03-24 13:53:57.678 [HikariPool-1 housekeeper] DEBUG [N/A] [N/A] com.zaxxer.hikari.pool.HikariPool - HikariPool-1 - Fill pool skipped, pool has sufficient level or currently being filled.
2026-03-24 13:54:27.683 [HikariPool-1 housekeeper] DEBUG [N/A] [N/A] com.zaxxer.hikari.pool.HikariPool - HikariPool-1 - Before cleanup stats (total=5, active=0, idle=5, waiting=0)
2026-03-24 13:54:27.685 [HikariPool-1 housekeeper] DEBUG [N/A] [N/A] com.zaxxer.hikari.pool.HikariPool - HikariPool-1 - After cleanup  stats (total=5, active=0, idle=5, waiting=0)
2026-03-24 13:54:27.686 [HikariPool-1 housekeeper] DEBUG [N/A] [N/A] com.zaxxer.hikari.pool.HikariPool - HikariPool-1 - Fill pool skipped, pool has sufficient level or currently being filled.
2026-03-24 13:54:57.692 [HikariPool-1 housekeeper] DEBUG [N/A] [N/A] com.zaxxer.hikari.pool.HikariPool - HikariPool-1 - Before cleanup stats (total=5, active=0, idle=5, waiting=0)
2026-03-24 13:54:57.692 [HikariPool-1 housekeeper] DEBUG [N/A] [N/A] com.zaxxer.hikari.pool.HikariPool - HikariPool-1 - After cleanup  stats (total=5, active=0, idle=5, waiting=0)
2026-03-24 13:54:57.692 [HikariPool-1 housekeeper] DEBUG [N/A] [N/A] com.zaxxer.hikari.pool.HikariPool - HikariPool-1 - Fill pool skipped, pool has sufficient level or currently being filled.
2026-03-24 13:55:27.697 [HikariPool-1 housekeeper] DEBUG [N/A] [N/A] com.zaxxer.hikari.pool.HikariPool - HikariPool-1 - Before cleanup stats (total=5, active=0, idle=5, waiting=0)
2026-03-24 13:55:27.698 [HikariPool-1 housekeeper] DEBUG [N/A] [N/A] com.zaxxer.hikari.pool.HikariPool - HikariPool-1 - After cleanup  stats (total=5, active=0, idle=5, waiting=0)
2026-03-24 13:55:27.698 [HikariPool-1 housekeeper] DEBUG [N/A] [N/A] com.zaxxer.hikari.pool.HikariPool - HikariPool-1 - Fill pool skipped, pool has sufficient level or currently being filled.
2026-03-24 13:55:57.703 [HikariPool-1 housekeeper] DEBUG [N/A] [N/A] com.zaxxer.hikari.pool.HikariPool - HikariPool-1 - Before cleanup stats (total=5, active=0, idle=5, waiting=0)
2026-03-24 13:55:57.705 [HikariPool-1 housekeeper] DEBUG [N/A] [N/A] com.zaxxer.hikari.pool.HikariPool - HikariPool-1 - After cleanup  stats (total=5, active=0, idle=5, waiting=0)
2026-03-24 13:55:57.705 [HikariPool-1 housekeeper] DEBUG [N/A] [N/A] com.zaxxer.hikari.pool.HikariPool - HikariPool-1 - Fill pool skipped, pool has sufficient level or currently being filled.
2026-03-24 13:56:27.706 [HikariPool-1 housekeeper] DEBUG [N/A] [N/A] com.zaxxer.hikari.pool.HikariPool - HikariPool-1 - Before cleanup stats (total=5, active=0, idle=5, waiting=0)
2026-03-24 13:56:27.707 [HikariPool-1 housekeeper] DEBUG [N/A] [N/A] com.zaxxer.hikari.pool.HikariPool - HikariPool-1 - After cleanup  stats (total=5, active=0, idle=5, waiting=0)
2026-03-24 13:56:27.707 [HikariPool-1 housekeeper] DEBUG [N/A] [N/A] com.zaxxer.hikari.pool.HikariPool - HikariPool-1 - Fill pool skipped, pool has sufficient level or currently being filled.
2026-03-24 13:56:57.708 [HikariPool-1 housekeeper] DEBUG [N/A] [N/A] com.zaxxer.hikari.pool.HikariPool - HikariPool-1 - Before cleanup stats (total=5, active=0, idle=5, waiting=0)
2026-03-24 13:56:57.709 [HikariPool-1 housekeeper] DEBUG [N/A] [N/A] com.zaxxer.hikari.pool.HikariPool - HikariPool-1 - After cleanup  stats (total=5, active=0, idle=5, waiting=0)
2026-03-24 13:56:57.710 [HikariPool-1 housekeeper] DEBUG [N/A] [N/A] com.zaxxer.hikari.pool.HikariPool - HikariPool-1 - Fill pool skipped, pool has sufficient level or currently being filled.
2026-03-24 13:57:18.239 [HikariPool-1 connection closer] DEBUG [N/A] [N/A] com.zaxxer.hikari.pool.PoolBase - HikariPool-1 - Closing connection org.postgresql.jdbc.PgConnection@49eb4c8d: (connection has passed maxLifetime)
2026-03-24 13:57:18.565 [HikariPool-1 connection adder] DEBUG [N/A] [N/A] com.zaxxer.hikari.pool.HikariPool - HikariPool-1 - Added connection org.postgresql.jdbc.PgConnection@20ae0e37
2026-03-24 13:57:18.595 [HikariPool-1 connection adder] DEBUG [N/A] [N/A] com.zaxxer.hikari.pool.HikariPool - HikariPool-1 - Connection not added, stats (total=5, active=0, idle=5, waiting=0)
2026-03-24 13:57:26.723 [HikariPool-1 connection closer] DEBUG [N/A] [N/A] com.zaxxer.hikari.pool.PoolBase - HikariPool-1 - Closing connection org.postgresql.jdbc.PgConnection@2e68f48b: (connection has passed maxLifetime)
2026-03-24 13:57:27.022 [HikariPool-1 connection adder] DEBUG [N/A] [N/A] com.zaxxer.hikari.pool.HikariPool - HikariPool-1 - Added connection org.postgresql.jdbc.PgConnection@136bdb14
2026-03-24 13:57:27.052 [HikariPool-1 connection adder] DEBUG [N/A] [N/A] com.zaxxer.hikari.pool.HikariPool - HikariPool-1 - Connection not added, stats (total=5, active=0, idle=5, waiting=0)
2026-03-24 13:57:27.711 [HikariPool-1 housekeeper] DEBUG [N/A] [N/A] com.zaxxer.hikari.pool.HikariPool - HikariPool-1 - Before cleanup stats (total=5, active=0, idle=5, waiting=0)
2026-03-24 13:57:27.712 [HikariPool-1 housekeeper] DEBUG [N/A] [N/A] com.zaxxer.hikari.pool.HikariPool - HikariPool-1 - After cleanup  stats (total=5, active=0, idle=5, waiting=0)
2026-03-24 13:57:27.713 [HikariPool-1 housekeeper] DEBUG [N/A] [N/A] com.zaxxer.hikari.pool.HikariPool - HikariPool-1 - Fill pool skipped, pool has sufficient level or currently being filled.
2026-03-24 13:57:30.385 [HikariPool-1 connection closer] DEBUG [N/A] [N/A] com.zaxxer.hikari.pool.PoolBase - HikariPool-1 - Closing connection org.postgresql.jdbc.PgConnection@2520ead5: (connection has passed maxLifetime)
2026-03-24 13:57:30.689 [HikariPool-1 connection adder] DEBUG [N/A] [N/A] com.zaxxer.hikari.pool.HikariPool - HikariPool-1 - Added connection org.postgresql.jdbc.PgConnection@1dac3709
2026-03-24 13:57:30.724 [HikariPool-1 connection adder] DEBUG [N/A] [N/A] com.zaxxer.hikari.pool.HikariPool - HikariPool-1 - Connection not added, stats (total=5, active=0, idle=5, waiting=0)
2026-03-24 13:57:51.772 [HikariPool-1 connection closer] DEBUG [N/A] [N/A] com.zaxxer.hikari.pool.PoolBase - HikariPool-1 - Closing connection org.postgresql.jdbc.PgConnection@2416a1f3: (connection has passed maxLifetime)
2026-03-24 13:57:52.145 [HikariPool-1 connection adder] DEBUG [N/A] [N/A] com.zaxxer.hikari.pool.HikariPool - HikariPool-1 - Added connection org.postgresql.jdbc.PgConnection@231f67c4
2026-03-24 13:57:52.175 [HikariPool-1 connection adder] DEBUG [N/A] [N/A] com.zaxxer.hikari.pool.HikariPool - HikariPool-1 - Connection not added, stats (total=5, active=0, idle=5, waiting=0)
2026-03-24 13:57:54.876 [HikariPool-1 connection closer] DEBUG [N/A] [N/A] com.zaxxer.hikari.pool.PoolBase - HikariPool-1 - Closing connection org.postgresql.jdbc.PgConnection@684bee76: (connection has passed maxLifetime)
2026-03-24 13:57:55.222 [HikariPool-1 connection adder] DEBUG [N/A] [N/A] com.zaxxer.hikari.pool.HikariPool - HikariPool-1 - Added connection org.postgresql.jdbc.PgConnection@2dd88dd7
2026-03-24 13:57:55.257 [HikariPool-1 connection adder] DEBUG [N/A] [N/A] com.zaxxer.hikari.pool.HikariPool - HikariPool-1 - Connection not added, stats (total=5, active=0, idle=5, waiting=0)
2026-03-24 13:57:57.715 [HikariPool-1 housekeeper] DEBUG [N/A] [N/A] com.zaxxer.hikari.pool.HikariPool - HikariPool-1 - Before cleanup stats (total=5, active=0, idle=5, waiting=0)
2026-03-24 13:57:57.717 [HikariPool-1 housekeeper] DEBUG [N/A] [N/A] com.zaxxer.hikari.pool.HikariPool - HikariPool-1 - After cleanup  stats (total=5, active=0, idle=5, waiting=0)
2026-03-24 13:57:57.718 [HikariPool-1 housekeeper] DEBUG [N/A] [N/A] com.zaxxer.hikari.pool.HikariPool - HikariPool-1 - Fill pool skipped, pool has sufficient level or currently being filled.
2026-03-24 13:58:27.723 [HikariPool-1 housekeeper] DEBUG [N/A] [N/A] com.zaxxer.hikari.pool.HikariPool - HikariPool-1 - Before cleanup stats (total=5, active=0, idle=5, waiting=0)
2026-03-24 13:58:27.724 [HikariPool-1 housekeeper] DEBUG [N/A] [N/A] com.zaxxer.hikari.pool.HikariPool - HikariPool-1 - After cleanup  stats (total=5, active=0, idle=5, waiting=0)
2026-03-24 13:58:27.724 [HikariPool-1 housekeeper] DEBUG [N/A] [N/A] com.zaxxer.hikari.pool.HikariPool - HikariPool-1 - Fill pool skipped, pool has sufficient level or currently being filled.
2026-03-24 13:58:57.730 [HikariPool-1 housekeeper] DEBUG [N/A] [N/A] com.zaxxer.hikari.pool.HikariPool - HikariPool-1 - Before cleanup stats (total=5, active=0, idle=5, waiting=0)
2026-03-24 13:58:57.731 [HikariPool-1 housekeeper] DEBUG [N/A] [N/A] com.zaxxer.hikari.pool.HikariPool - HikariPool-1 - After cleanup  stats (total=5, active=0, idle=5, waiting=0)
2026-03-24 13:58:57.731 [HikariPool-1 housekeeper] DEBUG [N/A] [N/A] com.zaxxer.hikari.pool.HikariPool - HikariPool-1 - Fill pool skipped, pool has sufficient level or currently being filled.
2026-03-24 13:59:27.735 [HikariPool-1 housekeeper] DEBUG [N/A] [N/A] com.zaxxer.hikari.pool.HikariPool - HikariPool-1 - Before cleanup stats (total=5, active=0, idle=5, waiting=0)
2026-03-24 13:59:27.737 [HikariPool-1 housekeeper] DEBUG [N/A] [N/A] com.zaxxer.hikari.pool.HikariPool - HikariPool-1 - After cleanup  stats (total=5, active=0, idle=5, waiting=0)
2026-03-24 13:59:27.737 [HikariPool-1 housekeeper] DEBUG [N/A] [N/A] com.zaxxer.hikari.pool.HikariPool - HikariPool-1 - Fill pool skipped, pool has sufficient level or currently being filled.
2026-03-24 13:59:57.742 [HikariPool-1 housekeeper] DEBUG [N/A] [N/A] com.zaxxer.hikari.pool.HikariPool - HikariPool-1 - Before cleanup stats (total=5, active=0, idle=5, waiting=0)
2026-03-24 13:59:57.744 [HikariPool-1 housekeeper] DEBUG [N/A] [N/A] com.zaxxer.hikari.pool.HikariPool - HikariPool-1 - After cleanup  stats (total=5, active=0, idle=5, waiting=0)
2026-03-24 13:59:57.744 [HikariPool-1 housekeeper] DEBUG [N/A] [N/A] com.zaxxer.hikari.pool.HikariPool - HikariPool-1 - Fill pool skipped, pool has sufficient level or currently being filled.
2026-03-24 14:00:27.747 [HikariPool-1 housekeeper] DEBUG [N/A] [N/A] com.zaxxer.hikari.pool.HikariPool - HikariPool-1 - Before cleanup stats (total=5, active=0, idle=5, waiting=0)
2026-03-24 14:00:27.753 [HikariPool-1 housekeeper] DEBUG [N/A] [N/A] com.zaxxer.hikari.pool.HikariPool - HikariPool-1 - After cleanup  stats (total=5, active=0, idle=5, waiting=0)
2026-03-24 14:00:27.753 [HikariPool-1 housekeeper] DEBUG [N/A] [N/A] com.zaxxer.hikari.pool.HikariPool - HikariPool-1 - Fill pool skipped, pool has sufficient level or currently being filled.
2026-03-24 14:00:57.760 [HikariPool-1 housekeeper] DEBUG [N/A] [N/A] com.zaxxer.hikari.pool.HikariPool - HikariPool-1 - Before cleanup stats (total=5, active=0, idle=5, waiting=0)
2026-03-24 14:00:57.761 [HikariPool-1 housekeeper] DEBUG [N/A] [N/A] com.zaxxer.hikari.pool.HikariPool - HikariPool-1 - After cleanup  stats (total=5, active=0, idle=5, waiting=0)
2026-03-24 14:00:57.762 [HikariPool-1 housekeeper] DEBUG [N/A] [N/A] com.zaxxer.hikari.pool.HikariPool - HikariPool-1 - Fill pool skipped, pool has sufficient level or currently being filled.
2026-03-24 14:01:27.765 [HikariPool-1 housekeeper] DEBUG [N/A] [N/A] com.zaxxer.hikari.pool.HikariPool - HikariPool-1 - Before cleanup stats (total=5, active=0, idle=5, waiting=0)
2026-03-24 14:01:27.765 [HikariPool-1 housekeeper] DEBUG [N/A] [N/A] com.zaxxer.hikari.pool.HikariPool - HikariPool-1 - After cleanup  stats (total=5, active=0, idle=5, waiting=0)
2026-03-24 14:01:27.765 [HikariPool-1 housekeeper] DEBUG [N/A] [N/A] com.zaxxer.hikari.pool.HikariPool - HikariPool-1 - Fill pool skipped, pool has sufficient level or currently being filled.
2026-03-24 14:01:57.769 [HikariPool-1 housekeeper] DEBUG [N/A] [N/A] com.zaxxer.hikari.pool.HikariPool - HikariPool-1 - Before cleanup stats (total=5, active=0, idle=5, waiting=0)
2026-03-24 14:01:57.770 [HikariPool-1 housekeeper] DEBUG [N/A] [N/A] com.zaxxer.hikari.pool.HikariPool - HikariPool-1 - After cleanup  stats (total=5, active=0, idle=5, waiting=0)
2026-03-24 14:01:57.770 [HikariPool-1 housekeeper] DEBUG [N/A] [N/A] com.zaxxer.hikari.pool.HikariPool - HikariPool-1 - Fill pool skipped, pool has sufficient level or currently being filled.
2026-03-24 14:02:27.773 [HikariPool-1 housekeeper] DEBUG [N/A] [N/A] com.zaxxer.hikari.pool.HikariPool - HikariPool-1 - Before cleanup stats (total=5, active=0, idle=5, waiting=0)
2026-03-24 14:02:27.774 [HikariPool-1 housekeeper] DEBUG [N/A] [N/A] com.zaxxer.hikari.pool.HikariPool - HikariPool-1 - After cleanup  stats (total=5, active=0, idle=5, waiting=0)
2026-03-24 14:02:27.775 [HikariPool-1 housekeeper] DEBUG [N/A] [N/A] com.zaxxer.hikari.pool.HikariPool - HikariPool-1 - Fill pool skipped, pool has sufficient level or currently being filled.
2026-03-24 14:02:57.780 [HikariPool-1 housekeeper] DEBUG [N/A] [N/A] com.zaxxer.hikari.pool.HikariPool - HikariPool-1 - Before cleanup stats (total=5, active=0, idle=5, waiting=0)
2026-03-24 14:02:57.781 [HikariPool-1 housekeeper] DEBUG [N/A] [N/A] com.zaxxer.hikari.pool.HikariPool - HikariPool-1 - After cleanup  stats (total=5, active=0, idle=5, waiting=0)
2026-03-24 14:02:57.782 [HikariPool-1 housekeeper] DEBUG [N/A] [N/A] com.zaxxer.hikari.pool.HikariPool - HikariPool-1 - Fill pool skipped, pool has sufficient level or currently being filled.
2026-03-24 14:03:27.786 [HikariPool-1 housekeeper] DEBUG [N/A] [N/A] com.zaxxer.hikari.pool.HikariPool - HikariPool-1 - Before cleanup stats (total=5, active=0, idle=5, waiting=0)
2026-03-24 14:03:27.787 [HikariPool-1 housekeeper] DEBUG [N/A] [N/A] com.zaxxer.hikari.pool.HikariPool - HikariPool-1 - After cleanup  stats (total=5, active=0, idle=5, waiting=0)
2026-03-24 14:03:27.787 [HikariPool-1 housekeeper] DEBUG [N/A] [N/A] com.zaxxer.hikari.pool.HikariPool - HikariPool-1 - Fill pool skipped, pool has sufficient level or currently being filled.
2026-03-24 14:03:57.789 [HikariPool-1 housekeeper] DEBUG [N/A] [N/A] com.zaxxer.hikari.pool.HikariPool - HikariPool-1 - Before cleanup stats (total=5, active=0, idle=5, waiting=0)
2026-03-24 14:03:57.789 [HikariPool-1 housekeeper] DEBUG [N/A] [N/A] com.zaxxer.hikari.pool.HikariPool - HikariPool-1 - After cleanup  stats (total=5, active=0, idle=5, waiting=0)
2026-03-24 14:03:57.790 [HikariPool-1 housekeeper] DEBUG [N/A] [N/A] com.zaxxer.hikari.pool.HikariPool - HikariPool-1 - Fill pool skipped, pool has sufficient level or currently being filled.
2026-03-24 14:04:27.795 [HikariPool-1 housekeeper] DEBUG [N/A] [N/A] com.zaxxer.hikari.pool.HikariPool - HikariPool-1 - Before cleanup stats (total=5, active=0, idle=5, waiting=0)
2026-03-24 14:04:27.796 [HikariPool-1 housekeeper] DEBUG [N/A] [N/A] com.zaxxer.hikari.pool.HikariPool - HikariPool-1 - After cleanup  stats (total=5, active=0, idle=5, waiting=0)
2026-03-24 14:04:27.796 [HikariPool-1 housekeeper] DEBUG [N/A] [N/A] com.zaxxer.hikari.pool.HikariPool - HikariPool-1 - Fill pool skipped, pool has sufficient level or currently being filled.
2026-03-24 14:04:57.802 [HikariPool-1 housekeeper] DEBUG [N/A] [N/A] com.zaxxer.hikari.pool.HikariPool - HikariPool-1 - Before cleanup stats (total=5, active=0, idle=5, waiting=0)
2026-03-24 14:04:57.804 [HikariPool-1 housekeeper] DEBUG [N/A] [N/A] com.zaxxer.hikari.pool.HikariPool - HikariPool-1 - After cleanup  stats (total=5, active=0, idle=5, waiting=0)
2026-03-24 14:04:57.804 [HikariPool-1 housekeeper] DEBUG [N/A] [N/A] com.zaxxer.hikari.pool.HikariPool - HikariPool-1 - Fill pool skipped, pool has sufficient level or currently being filled.
2026-03-24 14:05:27.805 [HikariPool-1 housekeeper] DEBUG [N/A] [N/A] com.zaxxer.hikari.pool.HikariPool - HikariPool-1 - Before cleanup stats (total=5, active=0, idle=5, waiting=0)
2026-03-24 14:05:27.805 [HikariPool-1 housekeeper] DEBUG [N/A] [N/A] com.zaxxer.hikari.pool.HikariPool - HikariPool-1 - After cleanup  stats (total=5, active=0, idle=5, waiting=0)
2026-03-24 14:05:27.805 [HikariPool-1 housekeeper] DEBUG [N/A] [N/A] com.zaxxer.hikari.pool.HikariPool - HikariPool-1 - Fill pool skipped, pool has sufficient level or currently being filled.
2026-03-24 14:05:57.810 [HikariPool-1 housekeeper] DEBUG [N/A] [N/A] com.zaxxer.hikari.pool.HikariPool - HikariPool-1 - Before cleanup stats (total=5, active=0, idle=5, waiting=0)
2026-03-24 14:05:57.810 [HikariPool-1 housekeeper] DEBUG [N/A] [N/A] com.zaxxer.hikari.pool.HikariPool - HikariPool-1 - After cleanup  stats (total=5, active=0, idle=5, waiting=0)
2026-03-24 14:05:57.810 [HikariPool-1 housekeeper] DEBUG [N/A] [N/A] com.zaxxer.hikari.pool.HikariPool - HikariPool-1 - Fill pool skipped, pool has sufficient level or currently being filled.
2026-03-24 14:06:27.814 [HikariPool-1 housekeeper] DEBUG [N/A] [N/A] com.zaxxer.hikari.pool.HikariPool - HikariPool-1 - Before cleanup stats (total=5, active=0, idle=5, waiting=0)
2026-03-24 14:06:27.815 [HikariPool-1 housekeeper] DEBUG [N/A] [N/A] com.zaxxer.hikari.pool.HikariPool - HikariPool-1 - After cleanup  stats (total=5, active=0, idle=5, waiting=0)
2026-03-24 14:06:27.815 [HikariPool-1 housekeeper] DEBUG [N/A] [N/A] com.zaxxer.hikari.pool.HikariPool - HikariPool-1 - Fill pool skipped, pool has sufficient level or currently being filled.
2026-03-24 14:06:57.820 [HikariPool-1 housekeeper] DEBUG [N/A] [N/A] com.zaxxer.hikari.pool.HikariPool - HikariPool-1 - Before cleanup stats (total=5, active=0, idle=5, waiting=0)
2026-03-24 14:06:57.822 [HikariPool-1 housekeeper] DEBUG [N/A] [N/A] com.zaxxer.hikari.pool.HikariPool - HikariPool-1 - After cleanup  stats (total=5, active=0, idle=5, waiting=0)
2026-03-24 14:06:57.824 [HikariPool-1 housekeeper] DEBUG [N/A] [N/A] com.zaxxer.hikari.pool.HikariPool - HikariPool-1 - Fill pool skipped, pool has sufficient level or currently being filled.
2026-03-24 14:07:27.829 [HikariPool-1 housekeeper] DEBUG [N/A] [N/A] com.zaxxer.hikari.pool.HikariPool - HikariPool-1 - Before cleanup stats (total=5, active=0, idle=5, waiting=0)
2026-03-24 14:07:27.830 [HikariPool-1 housekeeper] DEBUG [N/A] [N/A] com.zaxxer.hikari.pool.HikariPool - HikariPool-1 - After cleanup  stats (total=5, active=0, idle=5, waiting=0)
2026-03-24 14:07:27.830 [HikariPool-1 housekeeper] DEBUG [N/A] [N/A] com.zaxxer.hikari.pool.HikariPool - HikariPool-1 - Fill pool skipped, pool has sufficient level or currently being filled.
2026-03-24 14:07:57.833 [HikariPool-1 housekeeper] DEBUG [N/A] [N/A] com.zaxxer.hikari.pool.HikariPool - HikariPool-1 - Before cleanup stats (total=5, active=0, idle=5, waiting=0)
2026-03-24 14:07:57.834 [HikariPool-1 housekeeper] DEBUG [N/A] [N/A] com.zaxxer.hikari.pool.HikariPool - HikariPool-1 - After cleanup  stats (total=5, active=0, idle=5, waiting=0)
2026-03-24 14:07:57.834 [HikariPool-1 housekeeper] DEBUG [N/A] [N/A] com.zaxxer.hikari.pool.HikariPool - HikariPool-1 - Fill pool skipped, pool has sufficient level or currently being filled.
2026-03-24 14:08:27.834 [HikariPool-1 housekeeper] DEBUG [N/A] [N/A] com.zaxxer.hikari.pool.HikariPool - HikariPool-1 - Before cleanup stats (total=5, active=0, idle=5, waiting=0)
2026-03-24 14:08:27.835 [HikariPool-1 housekeeper] DEBUG [N/A] [N/A] com.zaxxer.hikari.pool.HikariPool - HikariPool-1 - After cleanup  stats (total=5, active=0, idle=5, waiting=0)
2026-03-24 14:08:27.835 [HikariPool-1 housekeeper] DEBUG [N/A] [N/A] com.zaxxer.hikari.pool.HikariPool - HikariPool-1 - Fill pool skipped, pool has sufficient level or currently being filled.
2026-03-24 14:08:57.840 [HikariPool-1 housekeeper] DEBUG [N/A] [N/A] com.zaxxer.hikari.pool.HikariPool - HikariPool-1 - Before cleanup stats (total=5, active=0, idle=5, waiting=0)
2026-03-24 14:08:57.841 [HikariPool-1 housekeeper] DEBUG [N/A] [N/A] com.zaxxer.hikari.pool.HikariPool - HikariPool-1 - After cleanup  stats (total=5, active=0, idle=5, waiting=0)
2026-03-24 14:08:57.842 [HikariPool-1 housekeeper] DEBUG [N/A] [N/A] com.zaxxer.hikari.pool.HikariPool - HikariPool-1 - Fill pool skipped, pool has sufficient level or currently being filled.
2026-03-24 14:09:27.848 [HikariPool-1 housekeeper] DEBUG [N/A] [N/A] com.zaxxer.hikari.pool.HikariPool - HikariPool-1 - Before cleanup stats (total=5, active=0, idle=5, waiting=0)
2026-03-24 14:09:27.848 [HikariPool-1 housekeeper] DEBUG [N/A] [N/A] com.zaxxer.hikari.pool.HikariPool - HikariPool-1 - After cleanup  stats (total=5, active=0, idle=5, waiting=0)
2026-03-24 14:09:27.848 [HikariPool-1 housekeeper] DEBUG [N/A] [N/A] com.zaxxer.hikari.pool.HikariPool - HikariPool-1 - Fill pool skipped, pool has sufficient level or currently being filled.
2026-03-24 14:09:57.852 [HikariPool-1 housekeeper] DEBUG [N/A] [N/A] com.zaxxer.hikari.pool.HikariPool - HikariPool-1 - Before cleanup stats (total=5, active=0, idle=5, waiting=0)
2026-03-24 14:09:57.852 [HikariPool-1 housekeeper] DEBUG [N/A] [N/A] com.zaxxer.hikari.pool.HikariPool - HikariPool-1 - After cleanup  stats (total=5, active=0, idle=5, waiting=0)
2026-03-24 14:09:57.852 [HikariPool-1 housekeeper] DEBUG [N/A] [N/A] com.zaxxer.hikari.pool.HikariPool - HikariPool-1 - Fill pool skipped, pool has sufficient level or currently being filled.
2026-03-24 14:10:27.857 [HikariPool-1 housekeeper] DEBUG [N/A] [N/A] com.zaxxer.hikari.pool.HikariPool - HikariPool-1 - Before cleanup stats (total=5, active=0, idle=5, waiting=0)
2026-03-24 14:10:27.858 [HikariPool-1 housekeeper] DEBUG [N/A] [N/A] com.zaxxer.hikari.pool.HikariPool - HikariPool-1 - After cleanup  stats (total=5, active=0, idle=5, waiting=0)
2026-03-24 14:10:27.858 [HikariPool-1 housekeeper] DEBUG [N/A] [N/A] com.zaxxer.hikari.pool.HikariPool - HikariPool-1 - Fill pool skipped, pool has sufficient level or currently being filled.
2026-03-24 14:10:57.862 [HikariPool-1 housekeeper] DEBUG [N/A] [N/A] com.zaxxer.hikari.pool.HikariPool - HikariPool-1 - Before cleanup stats (total=5, active=0, idle=5, waiting=0)
2026-03-24 14:10:57.863 [HikariPool-1 housekeeper] DEBUG [N/A] [N/A] com.zaxxer.hikari.pool.HikariPool - HikariPool-1 - After cleanup  stats (total=5, active=0, idle=5, waiting=0)
2026-03-24 14:10:57.863 [HikariPool-1 housekeeper] DEBUG [N/A] [N/A] com.zaxxer.hikari.pool.HikariPool - HikariPool-1 - Fill pool skipped, pool has sufficient level or currently being filled.
2026-03-24 14:11:27.867 [HikariPool-1 housekeeper] DEBUG [N/A] [N/A] com.zaxxer.hikari.pool.HikariPool - HikariPool-1 - Before cleanup stats (total=5, active=0, idle=5, waiting=0)
2026-03-24 14:11:27.867 [HikariPool-1 housekeeper] DEBUG [N/A] [N/A] com.zaxxer.hikari.pool.HikariPool - HikariPool-1 - After cleanup  stats (total=5, active=0, idle=5, waiting=0)
2026-03-24 14:11:27.867 [HikariPool-1 housekeeper] DEBUG [N/A] [N/A] com.zaxxer.hikari.pool.HikariPool - HikariPool-1 - Fill pool skipped, pool has sufficient level or currently being filled.
2026-03-24 14:11:57.872 [HikariPool-1 housekeeper] DEBUG [N/A] [N/A] com.zaxxer.hikari.pool.HikariPool - HikariPool-1 - Before cleanup stats (total=5, active=0, idle=5, waiting=0)
2026-03-24 14:11:57.872 [HikariPool-1 housekeeper] DEBUG [N/A] [N/A] com.zaxxer.hikari.pool.HikariPool - HikariPool-1 - After cleanup  stats (total=5, active=0, idle=5, waiting=0)
2026-03-24 14:11:57.872 [HikariPool-1 housekeeper] DEBUG [N/A] [N/A] com.zaxxer.hikari.pool.HikariPool - HikariPool-1 - Fill pool skipped, pool has sufficient level or currently being filled.
2026-03-24 14:12:27.878 [HikariPool-1 housekeeper] DEBUG [N/A] [N/A] com.zaxxer.hikari.pool.HikariPool - HikariPool-1 - Before cleanup stats (total=5, active=0, idle=5, waiting=0)
2026-03-24 14:12:27.878 [HikariPool-1 housekeeper] DEBUG [N/A] [N/A] com.zaxxer.hikari.pool.HikariPool - HikariPool-1 - After cleanup  stats (total=5, active=0, idle=5, waiting=0)
2026-03-24 14:12:27.879 [HikariPool-1 housekeeper] DEBUG [N/A] [N/A] com.zaxxer.hikari.pool.HikariPool - HikariPool-1 - Fill pool skipped, pool has sufficient level or currently being filled.
2026-03-24 14:12:57.884 [HikariPool-1 housekeeper] DEBUG [N/A] [N/A] com.zaxxer.hikari.pool.HikariPool - HikariPool-1 - Before cleanup stats (total=5, active=0, idle=5, waiting=0)
2026-03-24 14:12:57.885 [HikariPool-1 housekeeper] DEBUG [N/A] [N/A] com.zaxxer.hikari.pool.HikariPool - HikariPool-1 - After cleanup  stats (total=5, active=0, idle=5, waiting=0)
2026-03-24 14:12:57.886 [HikariPool-1 housekeeper] DEBUG [N/A] [N/A] com.zaxxer.hikari.pool.HikariPool - HikariPool-1 - Fill pool skipped, pool has sufficient level or currently being filled.
2026-03-24 14:13:27.890 [HikariPool-1 housekeeper] DEBUG [N/A] [N/A] com.zaxxer.hikari.pool.HikariPool - HikariPool-1 - Before cleanup stats (total=5, active=0, idle=5, waiting=0)
2026-03-24 14:13:27.891 [HikariPool-1 housekeeper] DEBUG [N/A] [N/A] com.zaxxer.hikari.pool.HikariPool - HikariPool-1 - After cleanup  stats (total=5, active=0, idle=5, waiting=0)
2026-03-24 14:13:27.892 [HikariPool-1 housekeeper] DEBUG [N/A] [N/A] com.zaxxer.hikari.pool.HikariPool - HikariPool-1 - Fill pool skipped, pool has sufficient level or currently being filled.
2026-03-24 14:13:57.895 [HikariPool-1 housekeeper] DEBUG [N/A] [N/A] com.zaxxer.hikari.pool.HikariPool - HikariPool-1 - Before cleanup stats (total=5, active=0, idle=5, waiting=0)
2026-03-24 14:13:57.895 [HikariPool-1 housekeeper] DEBUG [N/A] [N/A] com.zaxxer.hikari.pool.HikariPool - HikariPool-1 - After cleanup  stats (total=5, active=0, idle=5, waiting=0)
2026-03-24 14:13:57.896 [HikariPool-1 housekeeper] DEBUG [N/A] [N/A] com.zaxxer.hikari.pool.HikariPool - HikariPool-1 - Fill pool skipped, pool has sufficient level or currently being filled.
2026-03-24 14:14:27.905 [HikariPool-1 housekeeper] DEBUG [N/A] [N/A] com.zaxxer.hikari.pool.HikariPool - HikariPool-1 - Before cleanup stats (total=5, active=0, idle=5, waiting=0)
2026-03-24 14:14:27.907 [HikariPool-1 housekeeper] DEBUG [N/A] [N/A] com.zaxxer.hikari.pool.HikariPool - HikariPool-1 - After cleanup  stats (total=5, active=0, idle=5, waiting=0)
2026-03-24 14:14:27.907 [HikariPool-1 housekeeper] DEBUG [N/A] [N/A] com.zaxxer.hikari.pool.HikariPool - HikariPool-1 - Fill pool skipped, pool has sufficient level or currently being filled.
2026-03-24 14:14:57.915 [HikariPool-1 housekeeper] DEBUG [N/A] [N/A] com.zaxxer.hikari.pool.HikariPool - HikariPool-1 - Before cleanup stats (total=5, active=0, idle=5, waiting=0)
2026-03-24 14:14:57.917 [HikariPool-1 housekeeper] DEBUG [N/A] [N/A] com.zaxxer.hikari.pool.HikariPool - HikariPool-1 - After cleanup  stats (total=5, active=0, idle=5, waiting=0)
2026-03-24 14:14:57.917 [HikariPool-1 housekeeper] DEBUG [N/A] [N/A] com.zaxxer.hikari.pool.HikariPool - HikariPool-1 - Fill pool skipped, pool has sufficient level or currently being filled.
2026-03-24 14:15:27.914 [HikariPool-1 housekeeper] DEBUG [N/A] [N/A] com.zaxxer.hikari.pool.HikariPool - HikariPool-1 - Before cleanup stats (total=5, active=0, idle=5, waiting=0)
2026-03-24 14:15:27.915 [HikariPool-1 housekeeper] DEBUG [N/A] [N/A] com.zaxxer.hikari.pool.HikariPool - HikariPool-1 - After cleanup  stats (total=5, active=0, idle=5, waiting=0)
2026-03-24 14:15:27.915 [HikariPool-1 housekeeper] DEBUG [N/A] [N/A] com.zaxxer.hikari.pool.HikariPool - HikariPool-1 - Fill pool skipped, pool has sufficient level or currently being filled.
2026-03-24 14:15:57.908 [HikariPool-1 housekeeper] DEBUG [N/A] [N/A] com.zaxxer.hikari.pool.HikariPool - HikariPool-1 - Before cleanup stats (total=5, active=0, idle=5, waiting=0)
2026-03-24 14:15:57.908 [HikariPool-1 housekeeper] DEBUG [N/A] [N/A] com.zaxxer.hikari.pool.HikariPool - HikariPool-1 - After cleanup  stats (total=5, active=0, idle=5, waiting=0)
2026-03-24 14:15:57.908 [HikariPool-1 housekeeper] DEBUG [N/A] [N/A] com.zaxxer.hikari.pool.HikariPool - HikariPool-1 - Fill pool skipped, pool has sufficient level or currently being filled.
2026-03-24 14:16:27.910 [HikariPool-1 housekeeper] DEBUG [N/A] [N/A] com.zaxxer.hikari.pool.HikariPool - HikariPool-1 - Before cleanup stats (total=5, active=0, idle=5, waiting=0)
2026-03-24 14:16:27.910 [HikariPool-1 housekeeper] DEBUG [N/A] [N/A] com.zaxxer.hikari.pool.HikariPool - HikariPool-1 - After cleanup  stats (total=5, active=0, idle=5, waiting=0)
2026-03-24 14:16:27.912 [HikariPool-1 housekeeper] DEBUG [N/A] [N/A] com.zaxxer.hikari.pool.HikariPool - HikariPool-1 - Fill pool skipped, pool has sufficient level or currently being filled.
2026-03-24 14:16:57.914 [HikariPool-1 housekeeper] DEBUG [N/A] [N/A] com.zaxxer.hikari.pool.HikariPool - HikariPool-1 - Before cleanup stats (total=5, active=0, idle=5, waiting=0)
2026-03-24 14:16:57.915 [HikariPool-1 housekeeper] DEBUG [N/A] [N/A] com.zaxxer.hikari.pool.HikariPool - HikariPool-1 - After cleanup  stats (total=5, active=0, idle=5, waiting=0)
2026-03-24 14:16:57.915 [HikariPool-1 housekeeper] DEBUG [N/A] [N/A] com.zaxxer.hikari.pool.HikariPool - HikariPool-1 - Fill pool skipped, pool has sufficient level or currently being filled.
2026-03-24 14:17:27.918 [HikariPool-1 housekeeper] DEBUG [N/A] [N/A] com.zaxxer.hikari.pool.HikariPool - HikariPool-1 - Before cleanup stats (total=5, active=0, idle=5, waiting=0)
2026-03-24 14:17:27.920 [HikariPool-1 housekeeper] DEBUG [N/A] [N/A] com.zaxxer.hikari.pool.HikariPool - HikariPool-1 - After cleanup  stats (total=5, active=0, idle=5, waiting=0)
2026-03-24 14:17:27.920 [HikariPool-1 housekeeper] DEBUG [N/A] [N/A] com.zaxxer.hikari.pool.HikariPool - HikariPool-1 - Fill pool skipped, pool has sufficient level or currently being filled.
2026-03-24 14:17:57.925 [HikariPool-1 housekeeper] DEBUG [N/A] [N/A] com.zaxxer.hikari.pool.HikariPool - HikariPool-1 - Before cleanup stats (total=5, active=0, idle=5, waiting=0)
2026-03-24 14:17:57.926 [HikariPool-1 housekeeper] DEBUG [N/A] [N/A] com.zaxxer.hikari.pool.HikariPool - HikariPool-1 - After cleanup  stats (total=5, active=0, idle=5, waiting=0)
2026-03-24 14:17:57.927 [HikariPool-1 housekeeper] DEBUG [N/A] [N/A] com.zaxxer.hikari.pool.HikariPool - HikariPool-1 - Fill pool skipped, pool has sufficient level or currently being filled.
2026-03-24 14:18:27.933 [HikariPool-1 housekeeper] DEBUG [N/A] [N/A] com.zaxxer.hikari.pool.HikariPool - HikariPool-1 - Before cleanup stats (total=5, active=0, idle=5, waiting=0)
2026-03-24 14:18:27.933 [HikariPool-1 housekeeper] DEBUG [N/A] [N/A] com.zaxxer.hikari.pool.HikariPool - HikariPool-1 - After cleanup  stats (total=5, active=0, idle=5, waiting=0)
2026-03-24 14:18:27.933 [HikariPool-1 housekeeper] DEBUG [N/A] [N/A] com.zaxxer.hikari.pool.HikariPool - HikariPool-1 - Fill pool skipped, pool has sufficient level or currently being filled.
2026-03-24 14:18:57.935 [HikariPool-1 housekeeper] DEBUG [N/A] [N/A] com.zaxxer.hikari.pool.HikariPool - HikariPool-1 - Before cleanup stats (total=5, active=0, idle=5, waiting=0)
2026-03-24 14:18:57.935 [HikariPool-1 housekeeper] DEBUG [N/A] [N/A] com.zaxxer.hikari.pool.HikariPool - HikariPool-1 - After cleanup  stats (total=5, active=0, idle=5, waiting=0)
2026-03-24 14:18:57.937 [HikariPool-1 housekeeper] DEBUG [N/A] [N/A] com.zaxxer.hikari.pool.HikariPool - HikariPool-1 - Fill pool skipped, pool has sufficient level or currently being filled.
2026-03-24 14:19:27.943 [HikariPool-1 housekeeper] DEBUG [N/A] [N/A] com.zaxxer.hikari.pool.HikariPool - HikariPool-1 - Before cleanup stats (total=5, active=0, idle=5, waiting=0)
2026-03-24 14:19:27.943 [HikariPool-1 housekeeper] DEBUG [N/A] [N/A] com.zaxxer.hikari.pool.HikariPool - HikariPool-1 - After cleanup  stats (total=5, active=0, idle=5, waiting=0)
2026-03-24 14:19:27.943 [HikariPool-1 housekeeper] DEBUG [N/A] [N/A] com.zaxxer.hikari.pool.HikariPool - HikariPool-1 - Fill pool skipped, pool has sufficient level or currently being filled.
2026-03-24 14:19:57.946 [HikariPool-1 housekeeper] DEBUG [N/A] [N/A] com.zaxxer.hikari.pool.HikariPool - HikariPool-1 - Before cleanup stats (total=5, active=0, idle=5, waiting=0)
2026-03-24 14:19:57.947 [HikariPool-1 housekeeper] DEBUG [N/A] [N/A] com.zaxxer.hikari.pool.HikariPool - HikariPool-1 - After cleanup  stats (total=5, active=0, idle=5, waiting=0)
2026-03-24 14:19:57.947 [HikariPool-1 housekeeper] DEBUG [N/A] [N/A] com.zaxxer.hikari.pool.HikariPool - HikariPool-1 - Fill pool skipped, pool has sufficient level or currently being filled.
2026-03-24 14:20:27.956 [HikariPool-1 housekeeper] DEBUG [N/A] [N/A] com.zaxxer.hikari.pool.HikariPool - HikariPool-1 - Before cleanup stats (total=5, active=0, idle=5, waiting=0)
2026-03-24 14:20:27.956 [HikariPool-1 housekeeper] DEBUG [N/A] [N/A] com.zaxxer.hikari.pool.HikariPool - HikariPool-1 - After cleanup  stats (total=5, active=0, idle=5, waiting=0)
2026-03-24 14:20:27.956 [HikariPool-1 housekeeper] DEBUG [N/A] [N/A] com.zaxxer.hikari.pool.HikariPool - HikariPool-1 - Fill pool skipped, pool has sufficient level or currently being filled.
2026-03-24 14:20:57.963 [HikariPool-1 housekeeper] DEBUG [N/A] [N/A] com.zaxxer.hikari.pool.HikariPool - HikariPool-1 - Before cleanup stats (total=5, active=0, idle=5, waiting=0)
2026-03-24 14:20:57.964 [HikariPool-1 housekeeper] DEBUG [N/A] [N/A] com.zaxxer.hikari.pool.HikariPool - HikariPool-1 - After cleanup  stats (total=5, active=0, idle=5, waiting=0)
2026-03-24 14:20:57.964 [HikariPool-1 housekeeper] DEBUG [N/A] [N/A] com.zaxxer.hikari.pool.HikariPool - HikariPool-1 - Fill pool skipped, pool has sufficient level or currently being filled.
2026-03-24 14:21:27.969 [HikariPool-1 housekeeper] DEBUG [N/A] [N/A] com.zaxxer.hikari.pool.HikariPool - HikariPool-1 - Before cleanup stats (total=5, active=0, idle=5, waiting=0)
2026-03-24 14:21:27.970 [HikariPool-1 housekeeper] DEBUG [N/A] [N/A] com.zaxxer.hikari.pool.HikariPool - HikariPool-1 - After cleanup  stats (total=5, active=0, idle=5, waiting=0)
2026-03-24 14:21:27.971 [HikariPool-1 housekeeper] DEBUG [N/A] [N/A] com.zaxxer.hikari.pool.HikariPool - HikariPool-1 - Fill pool skipped, pool has sufficient level or currently being filled.
2026-03-24 14:21:58.033 [HikariPool-1 housekeeper] DEBUG [N/A] [N/A] com.zaxxer.hikari.pool.HikariPool - HikariPool-1 - Before cleanup stats (total=5, active=0, idle=5, waiting=0)
2026-03-24 14:21:58.034 [HikariPool-1 housekeeper] DEBUG [N/A] [N/A] com.zaxxer.hikari.pool.HikariPool - HikariPool-1 - After cleanup  stats (total=5, active=0, idle=5, waiting=0)
2026-03-24 14:21:58.036 [HikariPool-1 housekeeper] DEBUG [N/A] [N/A] com.zaxxer.hikari.pool.HikariPool - HikariPool-1 - Fill pool skipped, pool has sufficient level or currently being filled.
2026-03-24 14:22:28.042 [HikariPool-1 housekeeper] DEBUG [N/A] [N/A] com.zaxxer.hikari.pool.HikariPool - HikariPool-1 - Before cleanup stats (total=5, active=0, idle=5, waiting=0)
2026-03-24 14:22:28.044 [HikariPool-1 housekeeper] DEBUG [N/A] [N/A] com.zaxxer.hikari.pool.HikariPool - HikariPool-1 - After cleanup  stats (total=5, active=0, idle=5, waiting=0)
2026-03-24 14:22:28.044 [HikariPool-1 housekeeper] DEBUG [N/A] [N/A] com.zaxxer.hikari.pool.HikariPool - HikariPool-1 - Fill pool skipped, pool has sufficient level or currently being filled.
2026-03-24 14:22:58.051 [HikariPool-1 housekeeper] DEBUG [N/A] [N/A] com.zaxxer.hikari.pool.HikariPool - HikariPool-1 - Before cleanup stats (total=5, active=0, idle=5, waiting=0)
2026-03-24 14:22:58.052 [HikariPool-1 housekeeper] DEBUG [N/A] [N/A] com.zaxxer.hikari.pool.HikariPool - HikariPool-1 - After cleanup  stats (total=5, active=0, idle=5, waiting=0)
2026-03-24 14:22:58.052 [HikariPool-1 housekeeper] DEBUG [N/A] [N/A] com.zaxxer.hikari.pool.HikariPool - HikariPool-1 - Fill pool skipped, pool has sufficient level or currently being filled.
2026-03-24 14:23:28.056 [HikariPool-1 housekeeper] DEBUG [N/A] [N/A] com.zaxxer.hikari.pool.HikariPool - HikariPool-1 - Before cleanup stats (total=5, active=0, idle=5, waiting=0)
2026-03-24 14:23:28.057 [HikariPool-1 housekeeper] DEBUG [N/A] [N/A] com.zaxxer.hikari.pool.HikariPool - HikariPool-1 - After cleanup  stats (total=5, active=0, idle=5, waiting=0)
2026-03-24 14:23:28.060 [HikariPool-1 housekeeper] DEBUG [N/A] [N/A] com.zaxxer.hikari.pool.HikariPool - HikariPool-1 - Fill pool skipped, pool has sufficient level or currently being filled.
2026-03-24 14:23:58.066 [HikariPool-1 housekeeper] DEBUG [N/A] [N/A] com.zaxxer.hikari.pool.HikariPool - HikariPool-1 - Before cleanup stats (total=5, active=0, idle=5, waiting=0)
2026-03-24 14:23:58.066 [HikariPool-1 housekeeper] DEBUG [N/A] [N/A] com.zaxxer.hikari.pool.HikariPool - HikariPool-1 - After cleanup  stats (total=5, active=0, idle=5, waiting=0)
2026-03-24 14:23:58.066 [HikariPool-1 housekeeper] DEBUG [N/A] [N/A] com.zaxxer.hikari.pool.HikariPool - HikariPool-1 - Fill pool skipped, pool has sufficient level or currently being filled.
2026-03-24 14:24:28.071 [HikariPool-1 housekeeper] DEBUG [N/A] [N/A] com.zaxxer.hikari.pool.HikariPool - HikariPool-1 - Before cleanup stats (total=5, active=0, idle=5, waiting=0)
2026-03-24 14:24:28.071 [HikariPool-1 housekeeper] DEBUG [N/A] [N/A] com.zaxxer.hikari.pool.HikariPool - HikariPool-1 - After cleanup  stats (total=5, active=0, idle=5, waiting=0)
2026-03-24 14:24:28.072 [HikariPool-1 housekeeper] DEBUG [N/A] [N/A] com.zaxxer.hikari.pool.HikariPool - HikariPool-1 - Fill pool skipped, pool has sufficient level or currently being filled.
2026-03-24 14:24:58.077 [HikariPool-1 housekeeper] DEBUG [N/A] [N/A] com.zaxxer.hikari.pool.HikariPool - HikariPool-1 - Before cleanup stats (total=5, active=0, idle=5, waiting=0)
2026-03-24 14:24:58.079 [HikariPool-1 housekeeper] DEBUG [N/A] [N/A] com.zaxxer.hikari.pool.HikariPool - HikariPool-1 - After cleanup  stats (total=5, active=0, idle=5, waiting=0)
2026-03-24 14:24:58.079 [HikariPool-1 housekeeper] DEBUG [N/A] [N/A] com.zaxxer.hikari.pool.HikariPool - HikariPool-1 - Fill pool skipped, pool has sufficient level or currently being filled.
2026-03-24 14:25:28.083 [HikariPool-1 housekeeper] DEBUG [N/A] [N/A] com.zaxxer.hikari.pool.HikariPool - HikariPool-1 - Before cleanup stats (total=5, active=0, idle=5, waiting=0)
2026-03-24 14:25:28.083 [HikariPool-1 housekeeper] DEBUG [N/A] [N/A] com.zaxxer.hikari.pool.HikariPool - HikariPool-1 - After cleanup  stats (total=5, active=0, idle=5, waiting=0)
2026-03-24 14:25:28.083 [HikariPool-1 housekeeper] DEBUG [N/A] [N/A] com.zaxxer.hikari.pool.HikariPool - HikariPool-1 - Fill pool skipped, pool has sufficient level or currently being filled.
2026-03-24 14:25:58.086 [HikariPool-1 housekeeper] DEBUG [N/A] [N/A] com.zaxxer.hikari.pool.HikariPool - HikariPool-1 - Before cleanup stats (total=5, active=0, idle=5, waiting=0)
2026-03-24 14:25:58.088 [HikariPool-1 housekeeper] DEBUG [N/A] [N/A] com.zaxxer.hikari.pool.HikariPool - HikariPool-1 - After cleanup  stats (total=5, active=0, idle=5, waiting=0)
2026-03-24 14:25:58.088 [HikariPool-1 housekeeper] DEBUG [N/A] [N/A] com.zaxxer.hikari.pool.HikariPool - HikariPool-1 - Fill pool skipped, pool has sufficient level or currently being filled.
2026-03-24 14:26:28.092 [HikariPool-1 housekeeper] DEBUG [N/A] [N/A] com.zaxxer.hikari.pool.HikariPool - HikariPool-1 - Before cleanup stats (total=5, active=0, idle=5, waiting=0)
2026-03-24 14:26:28.092 [HikariPool-1 housekeeper] DEBUG [N/A] [N/A] com.zaxxer.hikari.pool.HikariPool - HikariPool-1 - After cleanup  stats (total=5, active=0, idle=5, waiting=0)
2026-03-24 14:26:28.092 [HikariPool-1 housekeeper] DEBUG [N/A] [N/A] com.zaxxer.hikari.pool.HikariPool - HikariPool-1 - Fill pool skipped, pool has sufficient level or currently being filled.
2026-03-24 14:26:44.473 [HikariPool-1 connection closer] DEBUG [N/A] [N/A] com.zaxxer.hikari.pool.PoolBase - HikariPool-1 - Closing connection org.postgresql.jdbc.PgConnection@20ae0e37: (connection has passed maxLifetime)
2026-03-24 14:26:44.796 [HikariPool-1 connection adder] DEBUG [N/A] [N/A] com.zaxxer.hikari.pool.HikariPool - HikariPool-1 - Added connection org.postgresql.jdbc.PgConnection@42e3da1d
2026-03-24 14:26:44.830 [HikariPool-1 connection adder] DEBUG [N/A] [N/A] com.zaxxer.hikari.pool.HikariPool - HikariPool-1 - Connection not added, stats (total=5, active=0, idle=5, waiting=0)
2026-03-24 14:26:44.847 [HikariPool-1 connection closer] DEBUG [N/A] [N/A] com.zaxxer.hikari.pool.PoolBase - HikariPool-1 - Closing connection org.postgresql.jdbc.PgConnection@136bdb14: (connection has passed maxLifetime)
2026-03-24 14:26:45.059 [HikariPool-1 connection adder] DEBUG [N/A] [N/A] com.zaxxer.hikari.pool.HikariPool - HikariPool-1 - Added connection org.postgresql.jdbc.PgConnection@4c242c31
2026-03-24 14:26:45.093 [HikariPool-1 connection adder] DEBUG [N/A] [N/A] com.zaxxer.hikari.pool.HikariPool - HikariPool-1 - Connection not added, stats (total=5, active=0, idle=5, waiting=0)
2026-03-24 14:26:58.097 [HikariPool-1 housekeeper] DEBUG [N/A] [N/A] com.zaxxer.hikari.pool.HikariPool - HikariPool-1 - Before cleanup stats (total=5, active=0, idle=5, waiting=0)
2026-03-24 14:26:58.098 [HikariPool-1 housekeeper] DEBUG [N/A] [N/A] com.zaxxer.hikari.pool.HikariPool - HikariPool-1 - After cleanup  stats (total=5, active=0, idle=5, waiting=0)
2026-03-24 14:26:58.098 [HikariPool-1 housekeeper] DEBUG [N/A] [N/A] com.zaxxer.hikari.pool.HikariPool - HikariPool-1 - Fill pool skipped, pool has sufficient level or currently being filled.
2026-03-24 14:27:25.143 [HikariPool-1 connection closer] DEBUG [N/A] [N/A] com.zaxxer.hikari.pool.PoolBase - HikariPool-1 - Closing connection org.postgresql.jdbc.PgConnection@1dac3709: (connection has passed maxLifetime)
2026-03-24 14:27:25.360 [HikariPool-1 connection adder] DEBUG [N/A] [N/A] com.zaxxer.hikari.pool.HikariPool - HikariPool-1 - Added connection org.postgresql.jdbc.PgConnection@313bfb59
2026-03-24 14:27:25.391 [HikariPool-1 connection adder] DEBUG [N/A] [N/A] com.zaxxer.hikari.pool.HikariPool - HikariPool-1 - Connection not added, stats (total=5, active=0, idle=5, waiting=0)
2026-03-24 14:27:28.100 [HikariPool-1 housekeeper] DEBUG [N/A] [N/A] com.zaxxer.hikari.pool.HikariPool - HikariPool-1 - Before cleanup stats (total=5, active=0, idle=5, waiting=0)
2026-03-24 14:27:28.101 [HikariPool-1 housekeeper] DEBUG [N/A] [N/A] com.zaxxer.hikari.pool.HikariPool - HikariPool-1 - After cleanup  stats (total=5, active=0, idle=5, waiting=0)
2026-03-24 14:27:28.101 [HikariPool-1 housekeeper] DEBUG [N/A] [N/A] com.zaxxer.hikari.pool.HikariPool - HikariPool-1 - Fill pool skipped, pool has sufficient level or currently being filled.
2026-03-24 14:27:46.700 [HikariPool-1 connection closer] DEBUG [N/A] [N/A] com.zaxxer.hikari.pool.PoolBase - HikariPool-1 - Closing connection org.postgresql.jdbc.PgConnection@2dd88dd7: (connection has passed maxLifetime)
2026-03-24 14:27:47.322 [HikariPool-1 connection adder] DEBUG [N/A] [N/A] com.zaxxer.hikari.pool.HikariPool - HikariPool-1 - Added connection org.postgresql.jdbc.PgConnection@13812177
2026-03-24 14:27:47.356 [HikariPool-1 connection adder] DEBUG [N/A] [N/A] com.zaxxer.hikari.pool.HikariPool - HikariPool-1 - Connection not added, stats (total=5, active=0, idle=5, waiting=0)
2026-03-24 14:27:47.399 [HikariPool-1 connection closer] DEBUG [N/A] [N/A] com.zaxxer.hikari.pool.PoolBase - HikariPool-1 - Closing connection org.postgresql.jdbc.PgConnection@231f67c4: (connection has passed maxLifetime)
2026-03-24 14:27:47.696 [HikariPool-1 connection adder] DEBUG [N/A] [N/A] com.zaxxer.hikari.pool.HikariPool - HikariPool-1 - Added connection org.postgresql.jdbc.PgConnection@1d46cd77
2026-03-24 14:27:47.731 [HikariPool-1 connection adder] DEBUG [N/A] [N/A] com.zaxxer.hikari.pool.HikariPool - HikariPool-1 - Connection not added, stats (total=5, active=0, idle=5, waiting=0)
2026-03-24 14:27:58.102 [HikariPool-1 housekeeper] DEBUG [N/A] [N/A] com.zaxxer.hikari.pool.HikariPool - HikariPool-1 - Before cleanup stats (total=5, active=0, idle=5, waiting=0)
2026-03-24 14:27:58.102 [HikariPool-1 housekeeper] DEBUG [N/A] [N/A] com.zaxxer.hikari.pool.HikariPool - HikariPool-1 - After cleanup  stats (total=5, active=0, idle=5, waiting=0)
2026-03-24 14:27:58.102 [HikariPool-1 housekeeper] DEBUG [N/A] [N/A] com.zaxxer.hikari.pool.HikariPool - HikariPool-1 - Fill pool skipped, pool has sufficient level or currently being filled.
2026-03-24 14:28:28.107 [HikariPool-1 housekeeper] DEBUG [N/A] [N/A] com.zaxxer.hikari.pool.HikariPool - HikariPool-1 - Before cleanup stats (total=5, active=0, idle=5, waiting=0)
2026-03-24 14:28:28.108 [HikariPool-1 housekeeper] DEBUG [N/A] [N/A] com.zaxxer.hikari.pool.HikariPool - HikariPool-1 - After cleanup  stats (total=5, active=0, idle=5, waiting=0)
2026-03-24 14:28:28.108 [HikariPool-1 housekeeper] DEBUG [N/A] [N/A] com.zaxxer.hikari.pool.HikariPool - HikariPool-1 - Fill pool skipped, pool has sufficient level or currently being filled.
2026-03-24 14:28:58.112 [HikariPool-1 housekeeper] DEBUG [N/A] [N/A] com.zaxxer.hikari.pool.HikariPool - HikariPool-1 - Before cleanup stats (total=5, active=0, idle=5, waiting=0)
2026-03-24 14:28:58.112 [HikariPool-1 housekeeper] DEBUG [N/A] [N/A] com.zaxxer.hikari.pool.HikariPool - HikariPool-1 - After cleanup  stats (total=5, active=0, idle=5, waiting=0)
2026-03-24 14:28:58.112 [HikariPool-1 housekeeper] DEBUG [N/A] [N/A] com.zaxxer.hikari.pool.HikariPool - HikariPool-1 - Fill pool skipped, pool has sufficient level or currently being filled.
2026-03-24 14:29:28.115 [HikariPool-1 housekeeper] DEBUG [N/A] [N/A] com.zaxxer.hikari.pool.HikariPool - HikariPool-1 - Before cleanup stats (total=5, active=0, idle=5, waiting=0)
2026-03-24 14:29:28.119 [HikariPool-1 housekeeper] DEBUG [N/A] [N/A] com.zaxxer.hikari.pool.HikariPool - HikariPool-1 - After cleanup  stats (total=5, active=0, idle=5, waiting=0)
2026-03-24 14:29:28.119 [HikariPool-1 housekeeper] DEBUG [N/A] [N/A] com.zaxxer.hikari.pool.HikariPool - HikariPool-1 - Fill pool skipped, pool has sufficient level or currently being filled.
2026-03-24 14:29:58.120 [HikariPool-1 housekeeper] DEBUG [N/A] [N/A] com.zaxxer.hikari.pool.HikariPool - HikariPool-1 - Before cleanup stats (total=5, active=0, idle=5, waiting=0)
2026-03-24 14:29:58.120 [HikariPool-1 housekeeper] DEBUG [N/A] [N/A] com.zaxxer.hikari.pool.HikariPool - HikariPool-1 - After cleanup  stats (total=5, active=0, idle=5, waiting=0)
2026-03-24 14:29:58.120 [HikariPool-1 housekeeper] DEBUG [N/A] [N/A] com.zaxxer.hikari.pool.HikariPool - HikariPool-1 - Fill pool skipped, pool has sufficient level or currently being filled.
2026-03-24 14:30:28.128 [HikariPool-1 housekeeper] DEBUG [N/A] [N/A] com.zaxxer.hikari.pool.HikariPool - HikariPool-1 - Before cleanup stats (total=5, active=0, idle=5, waiting=0)
2026-03-24 14:30:28.128 [HikariPool-1 housekeeper] DEBUG [N/A] [N/A] com.zaxxer.hikari.pool.HikariPool - HikariPool-1 - After cleanup  stats (total=5, active=0, idle=5, waiting=0)
2026-03-24 14:30:28.128 [HikariPool-1 housekeeper] DEBUG [N/A] [N/A] com.zaxxer.hikari.pool.HikariPool - HikariPool-1 - Fill pool skipped, pool has sufficient level or currently being filled.
2026-03-24 14:30:58.139 [HikariPool-1 housekeeper] DEBUG [N/A] [N/A] com.zaxxer.hikari.pool.HikariPool - HikariPool-1 - Before cleanup stats (total=5, active=0, idle=5, waiting=0)
2026-03-24 14:30:58.140 [HikariPool-1 housekeeper] DEBUG [N/A] [N/A] com.zaxxer.hikari.pool.HikariPool - HikariPool-1 - After cleanup  stats (total=5, active=0, idle=5, waiting=0)
2026-03-24 14:30:58.140 [HikariPool-1 housekeeper] DEBUG [N/A] [N/A] com.zaxxer.hikari.pool.HikariPool - HikariPool-1 - Fill pool skipped, pool has sufficient level or currently being filled.
2026-03-24 14:31:28.143 [HikariPool-1 housekeeper] DEBUG [N/A] [N/A] com.zaxxer.hikari.pool.HikariPool - HikariPool-1 - Before cleanup stats (total=5, active=0, idle=5, waiting=0)
2026-03-24 14:31:28.143 [HikariPool-1 housekeeper] DEBUG [N/A] [N/A] com.zaxxer.hikari.pool.HikariPool - HikariPool-1 - After cleanup  stats (total=5, active=0, idle=5, waiting=0)
2026-03-24 14:31:28.143 [HikariPool-1 housekeeper] DEBUG [N/A] [N/A] com.zaxxer.hikari.pool.HikariPool - HikariPool-1 - Fill pool skipped, pool has sufficient level or currently being filled.
2026-03-24 14:31:58.146 [HikariPool-1 housekeeper] DEBUG [N/A] [N/A] com.zaxxer.hikari.pool.HikariPool - HikariPool-1 - Before cleanup stats (total=5, active=0, idle=5, waiting=0)
2026-03-24 14:31:58.147 [HikariPool-1 housekeeper] DEBUG [N/A] [N/A] com.zaxxer.hikari.pool.HikariPool - HikariPool-1 - After cleanup  stats (total=5, active=0, idle=5, waiting=0)
2026-03-24 14:31:58.147 [HikariPool-1 housekeeper] DEBUG [N/A] [N/A] com.zaxxer.hikari.pool.HikariPool - HikariPool-1 - Fill pool skipped, pool has sufficient level or currently being filled.
2026-03-24 14:32:28.152 [HikariPool-1 housekeeper] DEBUG [N/A] [N/A] com.zaxxer.hikari.pool.HikariPool - HikariPool-1 - Before cleanup stats (total=5, active=0, idle=5, waiting=0)
2026-03-24 14:32:28.152 [HikariPool-1 housekeeper] DEBUG [N/A] [N/A] com.zaxxer.hikari.pool.HikariPool - HikariPool-1 - After cleanup  stats (total=5, active=0, idle=5, waiting=0)
2026-03-24 14:32:28.152 [HikariPool-1 housekeeper] DEBUG [N/A] [N/A] com.zaxxer.hikari.pool.HikariPool - HikariPool-1 - Fill pool skipped, pool has sufficient level or currently being filled.
2026-03-24 14:32:58.153 [HikariPool-1 housekeeper] DEBUG [N/A] [N/A] com.zaxxer.hikari.pool.HikariPool - HikariPool-1 - Before cleanup stats (total=5, active=0, idle=5, waiting=0)
2026-03-24 14:32:58.153 [HikariPool-1 housekeeper] DEBUG [N/A] [N/A] com.zaxxer.hikari.pool.HikariPool - HikariPool-1 - After cleanup  stats (total=5, active=0, idle=5, waiting=0)
2026-03-24 14:32:58.153 [HikariPool-1 housekeeper] DEBUG [N/A] [N/A] com.zaxxer.hikari.pool.HikariPool - HikariPool-1 - Fill pool skipped, pool has sufficient level or currently being filled.
2026-03-24 14:33:28.156 [HikariPool-1 housekeeper] DEBUG [N/A] [N/A] com.zaxxer.hikari.pool.HikariPool - HikariPool-1 - Before cleanup stats (total=5, active=0, idle=5, waiting=0)
2026-03-24 14:33:28.158 [HikariPool-1 housekeeper] DEBUG [N/A] [N/A] com.zaxxer.hikari.pool.HikariPool - HikariPool-1 - After cleanup  stats (total=5, active=0, idle=5, waiting=0)
2026-03-24 14:33:28.158 [HikariPool-1 housekeeper] DEBUG [N/A] [N/A] com.zaxxer.hikari.pool.HikariPool - HikariPool-1 - Fill pool skipped, pool has sufficient level or currently being filled.
2026-03-24 14:33:58.161 [HikariPool-1 housekeeper] DEBUG [N/A] [N/A] com.zaxxer.hikari.pool.HikariPool - HikariPool-1 - Before cleanup stats (total=5, active=0, idle=5, waiting=0)
2026-03-24 14:33:58.161 [HikariPool-1 housekeeper] DEBUG [N/A] [N/A] com.zaxxer.hikari.pool.HikariPool - HikariPool-1 - After cleanup  stats (total=5, active=0, idle=5, waiting=0)
2026-03-24 14:33:58.161 [HikariPool-1 housekeeper] DEBUG [N/A] [N/A] com.zaxxer.hikari.pool.HikariPool - HikariPool-1 - Fill pool skipped, pool has sufficient level or currently being filled.
2026-03-24 14:34:28.166 [HikariPool-1 housekeeper] DEBUG [N/A] [N/A] com.zaxxer.hikari.pool.HikariPool - HikariPool-1 - Before cleanup stats (total=5, active=0, idle=5, waiting=0)
2026-03-24 14:34:28.166 [HikariPool-1 housekeeper] DEBUG [N/A] [N/A] com.zaxxer.hikari.pool.HikariPool - HikariPool-1 - After cleanup  stats (total=5, active=0, idle=5, waiting=0)
2026-03-24 14:34:28.166 [HikariPool-1 housekeeper] DEBUG [N/A] [N/A] com.zaxxer.hikari.pool.HikariPool - HikariPool-1 - Fill pool skipped, pool has sufficient level or currently being filled.
2026-03-24 14:34:58.169 [HikariPool-1 housekeeper] DEBUG [N/A] [N/A] com.zaxxer.hikari.pool.HikariPool - HikariPool-1 - Before cleanup stats (total=5, active=0, idle=5, waiting=0)
2026-03-24 14:34:58.169 [HikariPool-1 housekeeper] DEBUG [N/A] [N/A] com.zaxxer.hikari.pool.HikariPool - HikariPool-1 - After cleanup  stats (total=5, active=0, idle=5, waiting=0)
2026-03-24 14:34:58.169 [HikariPool-1 housekeeper] DEBUG [N/A] [N/A] com.zaxxer.hikari.pool.HikariPool - HikariPool-1 - Fill pool skipped, pool has sufficient level or currently being filled.
2026-03-24 14:35:28.171 [HikariPool-1 housekeeper] DEBUG [N/A] [N/A] com.zaxxer.hikari.pool.HikariPool - HikariPool-1 - Before cleanup stats (total=5, active=0, idle=5, waiting=0)
2026-03-24 14:35:28.172 [HikariPool-1 housekeeper] DEBUG [N/A] [N/A] com.zaxxer.hikari.pool.HikariPool - HikariPool-1 - After cleanup  stats (total=5, active=0, idle=5, waiting=0)
2026-03-24 14:35:28.172 [HikariPool-1 housekeeper] DEBUG [N/A] [N/A] com.zaxxer.hikari.pool.HikariPool - HikariPool-1 - Fill pool skipped, pool has sufficient level or currently being filled.
2026-03-24 14:35:58.177 [HikariPool-1 housekeeper] DEBUG [N/A] [N/A] com.zaxxer.hikari.pool.HikariPool - HikariPool-1 - Before cleanup stats (total=5, active=0, idle=5, waiting=0)
2026-03-24 14:35:58.177 [HikariPool-1 housekeeper] DEBUG [N/A] [N/A] com.zaxxer.hikari.pool.HikariPool - HikariPool-1 - After cleanup  stats (total=5, active=0, idle=5, waiting=0)
2026-03-24 14:35:58.177 [HikariPool-1 housekeeper] DEBUG [N/A] [N/A] com.zaxxer.hikari.pool.HikariPool - HikariPool-1 - Fill pool skipped, pool has sufficient level or currently being filled.
2026-03-24 14:36:28.186 [HikariPool-1 housekeeper] DEBUG [N/A] [N/A] com.zaxxer.hikari.pool.HikariPool - HikariPool-1 - Before cleanup stats (total=5, active=0, idle=5, waiting=0)
2026-03-24 14:36:28.188 [HikariPool-1 housekeeper] DEBUG [N/A] [N/A] com.zaxxer.hikari.pool.HikariPool - HikariPool-1 - After cleanup  stats (total=5, active=0, idle=5, waiting=0)
2026-03-24 14:36:28.188 [HikariPool-1 housekeeper] DEBUG [N/A] [N/A] com.zaxxer.hikari.pool.HikariPool - HikariPool-1 - Fill pool skipped, pool has sufficient level or currently being filled.
2026-03-24 14:36:58.193 [HikariPool-1 housekeeper] DEBUG [N/A] [N/A] com.zaxxer.hikari.pool.HikariPool - HikariPool-1 - Before cleanup stats (total=5, active=0, idle=5, waiting=0)
2026-03-24 14:36:58.193 [HikariPool-1 housekeeper] DEBUG [N/A] [N/A] com.zaxxer.hikari.pool.HikariPool - HikariPool-1 - After cleanup  stats (total=5, active=0, idle=5, waiting=0)
2026-03-24 14:36:58.193 [HikariPool-1 housekeeper] DEBUG [N/A] [N/A] com.zaxxer.hikari.pool.HikariPool - HikariPool-1 - Fill pool skipped, pool has sufficient level or currently being filled.
2026-03-24 14:37:28.197 [HikariPool-1 housekeeper] DEBUG [N/A] [N/A] com.zaxxer.hikari.pool.HikariPool - HikariPool-1 - Before cleanup stats (total=5, active=0, idle=5, waiting=0)
2026-03-24 14:37:28.197 [HikariPool-1 housekeeper] DEBUG [N/A] [N/A] com.zaxxer.hikari.pool.HikariPool - HikariPool-1 - After cleanup  stats (total=5, active=0, idle=5, waiting=0)
2026-03-24 14:37:28.197 [HikariPool-1 housekeeper] DEBUG [N/A] [N/A] com.zaxxer.hikari.pool.HikariPool - HikariPool-1 - Fill pool skipped, pool has sufficient level or currently being filled.
2026-03-24 14:37:58.198 [HikariPool-1 housekeeper] DEBUG [N/A] [N/A] com.zaxxer.hikari.pool.HikariPool - HikariPool-1 - Before cleanup stats (total=5, active=0, idle=5, waiting=0)
2026-03-24 14:37:58.198 [HikariPool-1 housekeeper] DEBUG [N/A] [N/A] com.zaxxer.hikari.pool.HikariPool - HikariPool-1 - After cleanup  stats (total=5, active=0, idle=5, waiting=0)
2026-03-24 14:37:58.198 [HikariPool-1 housekeeper] DEBUG [N/A] [N/A] com.zaxxer.hikari.pool.HikariPool - HikariPool-1 - Fill pool skipped, pool has sufficient level or currently being filled.
2026-03-24 14:38:28.204 [HikariPool-1 housekeeper] DEBUG [N/A] [N/A] com.zaxxer.hikari.pool.HikariPool - HikariPool-1 - Before cleanup stats (total=5, active=0, idle=5, waiting=0)
2026-03-24 14:38:28.204 [HikariPool-1 housekeeper] DEBUG [N/A] [N/A] com.zaxxer.hikari.pool.HikariPool - HikariPool-1 - After cleanup  stats (total=5, active=0, idle=5, waiting=0)
2026-03-24 14:38:28.204 [HikariPool-1 housekeeper] DEBUG [N/A] [N/A] com.zaxxer.hikari.pool.HikariPool - HikariPool-1 - Fill pool skipped, pool has sufficient level or currently being filled.
2026-03-24 14:38:58.208 [HikariPool-1 housekeeper] DEBUG [N/A] [N/A] com.zaxxer.hikari.pool.HikariPool - HikariPool-1 - Before cleanup stats (total=5, active=0, idle=5, waiting=0)
2026-03-24 14:38:58.209 [HikariPool-1 housekeeper] DEBUG [N/A] [N/A] com.zaxxer.hikari.pool.HikariPool - HikariPool-1 - After cleanup  stats (total=5, active=0, idle=5, waiting=0)
2026-03-24 14:38:58.211 [HikariPool-1 housekeeper] DEBUG [N/A] [N/A] com.zaxxer.hikari.pool.HikariPool - HikariPool-1 - Fill pool skipped, pool has sufficient level or currently being filled.
2026-03-24 14:39:28.216 [HikariPool-1 housekeeper] DEBUG [N/A] [N/A] com.zaxxer.hikari.pool.HikariPool - HikariPool-1 - Before cleanup stats (total=5, active=0, idle=5, waiting=0)
2026-03-24 14:39:28.217 [HikariPool-1 housekeeper] DEBUG [N/A] [N/A] com.zaxxer.hikari.pool.HikariPool - HikariPool-1 - After cleanup  stats (total=5, active=0, idle=5, waiting=0)
2026-03-24 14:39:28.217 [HikariPool-1 housekeeper] DEBUG [N/A] [N/A] com.zaxxer.hikari.pool.HikariPool - HikariPool-1 - Fill pool skipped, pool has sufficient level or currently being filled.
2026-03-24 14:39:58.222 [HikariPool-1 housekeeper] DEBUG [N/A] [N/A] com.zaxxer.hikari.pool.HikariPool - HikariPool-1 - Before cleanup stats (total=5, active=0, idle=5, waiting=0)
2026-03-24 14:39:58.223 [HikariPool-1 housekeeper] DEBUG [N/A] [N/A] com.zaxxer.hikari.pool.HikariPool - HikariPool-1 - After cleanup  stats (total=5, active=0, idle=5, waiting=0)
2026-03-24 14:39:58.223 [HikariPool-1 housekeeper] DEBUG [N/A] [N/A] com.zaxxer.hikari.pool.HikariPool - HikariPool-1 - Fill pool skipped, pool has sufficient level or currently being filled.
2026-03-24 14:40:28.227 [HikariPool-1 housekeeper] DEBUG [N/A] [N/A] com.zaxxer.hikari.pool.HikariPool - HikariPool-1 - Before cleanup stats (total=5, active=0, idle=5, waiting=0)
2026-03-24 14:40:28.228 [HikariPool-1 housekeeper] DEBUG [N/A] [N/A] com.zaxxer.hikari.pool.HikariPool - HikariPool-1 - After cleanup  stats (total=5, active=0, idle=5, waiting=0)
2026-03-24 14:40:28.228 [HikariPool-1 housekeeper] DEBUG [N/A] [N/A] com.zaxxer.hikari.pool.HikariPool - HikariPool-1 - Fill pool skipped, pool has sufficient level or currently being filled.
2026-03-24 14:40:58.234 [HikariPool-1 housekeeper] DEBUG [N/A] [N/A] com.zaxxer.hikari.pool.HikariPool - HikariPool-1 - Before cleanup stats (total=5, active=0, idle=5, waiting=0)
2026-03-24 14:40:58.235 [HikariPool-1 housekeeper] DEBUG [N/A] [N/A] com.zaxxer.hikari.pool.HikariPool - HikariPool-1 - After cleanup  stats (total=5, active=0, idle=5, waiting=0)
2026-03-24 14:40:58.235 [HikariPool-1 housekeeper] DEBUG [N/A] [N/A] com.zaxxer.hikari.pool.HikariPool - HikariPool-1 - Fill pool skipped, pool has sufficient level or currently being filled.
2026-03-24 14:41:28.239 [HikariPool-1 housekeeper] DEBUG [N/A] [N/A] com.zaxxer.hikari.pool.HikariPool - HikariPool-1 - Before cleanup stats (total=5, active=0, idle=5, waiting=0)
2026-03-24 14:41:28.239 [HikariPool-1 housekeeper] DEBUG [N/A] [N/A] com.zaxxer.hikari.pool.HikariPool - HikariPool-1 - After cleanup  stats (total=5, active=0, idle=5, waiting=0)
2026-03-24 14:41:28.240 [HikariPool-1 housekeeper] DEBUG [N/A] [N/A] com.zaxxer.hikari.pool.HikariPool - HikariPool-1 - Fill pool skipped, pool has sufficient level or currently being filled.
2026-03-24 14:41:58.244 [HikariPool-1 housekeeper] DEBUG [N/A] [N/A] com.zaxxer.hikari.pool.HikariPool - HikariPool-1 - Before cleanup stats (total=5, active=0, idle=5, waiting=0)
2026-03-24 14:41:58.245 [HikariPool-1 housekeeper] DEBUG [N/A] [N/A] com.zaxxer.hikari.pool.HikariPool - HikariPool-1 - After cleanup  stats (total=5, active=0, idle=5, waiting=0)
2026-03-24 14:41:58.245 [HikariPool-1 housekeeper] DEBUG [N/A] [N/A] com.zaxxer.hikari.pool.HikariPool - HikariPool-1 - Fill pool skipped, pool has sufficient level or currently being filled.
2026-03-24 14:42:28.249 [HikariPool-1 housekeeper] DEBUG [N/A] [N/A] com.zaxxer.hikari.pool.HikariPool - HikariPool-1 - Before cleanup stats (total=5, active=0, idle=5, waiting=0)
2026-03-24 14:42:28.249 [HikariPool-1 housekeeper] DEBUG [N/A] [N/A] com.zaxxer.hikari.pool.HikariPool - HikariPool-1 - After cleanup  stats (total=5, active=0, idle=5, waiting=0)
2026-03-24 14:42:28.249 [HikariPool-1 housekeeper] DEBUG [N/A] [N/A] com.zaxxer.hikari.pool.HikariPool - HikariPool-1 - Fill pool skipped, pool has sufficient level or currently being filled.
2026-03-24 14:42:58.252 [HikariPool-1 housekeeper] DEBUG [N/A] [N/A] com.zaxxer.hikari.pool.HikariPool - HikariPool-1 - Before cleanup stats (total=5, active=0, idle=5, waiting=0)
2026-03-24 14:42:58.252 [HikariPool-1 housekeeper] DEBUG [N/A] [N/A] com.zaxxer.hikari.pool.HikariPool - HikariPool-1 - After cleanup  stats (total=5, active=0, idle=5, waiting=0)
2026-03-24 14:42:58.252 [HikariPool-1 housekeeper] DEBUG [N/A] [N/A] com.zaxxer.hikari.pool.HikariPool - HikariPool-1 - Fill pool skipped, pool has sufficient level or currently being filled.
2026-03-24 14:43:28.257 [HikariPool-1 housekeeper] DEBUG [N/A] [N/A] com.zaxxer.hikari.pool.HikariPool - HikariPool-1 - Before cleanup stats (total=5, active=0, idle=5, waiting=0)
2026-03-24 14:43:28.258 [HikariPool-1 housekeeper] DEBUG [N/A] [N/A] com.zaxxer.hikari.pool.HikariPool - HikariPool-1 - After cleanup  stats (total=5, active=0, idle=5, waiting=0)
2026-03-24 14:43:28.258 [HikariPool-1 housekeeper] DEBUG [N/A] [N/A] com.zaxxer.hikari.pool.HikariPool - HikariPool-1 - Fill pool skipped, pool has sufficient level or currently being filled.
2026-03-24 14:43:58.263 [HikariPool-1 housekeeper] DEBUG [N/A] [N/A] com.zaxxer.hikari.pool.HikariPool - HikariPool-1 - Before cleanup stats (total=5, active=0, idle=5, waiting=0)
2026-03-24 14:43:58.264 [HikariPool-1 housekeeper] DEBUG [N/A] [N/A] com.zaxxer.hikari.pool.HikariPool - HikariPool-1 - After cleanup  stats (total=5, active=0, idle=5, waiting=0)
2026-03-24 14:43:58.264 [HikariPool-1 housekeeper] DEBUG [N/A] [N/A] com.zaxxer.hikari.pool.HikariPool - HikariPool-1 - Fill pool skipped, pool has sufficient level or currently being filled.
2026-03-24 14:44:28.267 [HikariPool-1 housekeeper] DEBUG [N/A] [N/A] com.zaxxer.hikari.pool.HikariPool - HikariPool-1 - Before cleanup stats (total=5, active=0, idle=5, waiting=0)
2026-03-24 14:44:28.269 [HikariPool-1 housekeeper] DEBUG [N/A] [N/A] com.zaxxer.hikari.pool.HikariPool - HikariPool-1 - After cleanup  stats (total=5, active=0, idle=5, waiting=0)
2026-03-24 14:44:28.270 [HikariPool-1 housekeeper] DEBUG [N/A] [N/A] com.zaxxer.hikari.pool.HikariPool - HikariPool-1 - Fill pool skipped, pool has sufficient level or currently being filled.
2026-03-24 14:44:58.276 [HikariPool-1 housekeeper] DEBUG [N/A] [N/A] com.zaxxer.hikari.pool.HikariPool - HikariPool-1 - Before cleanup stats (total=5, active=0, idle=5, waiting=0)
2026-03-24 14:44:58.276 [HikariPool-1 housekeeper] DEBUG [N/A] [N/A] com.zaxxer.hikari.pool.HikariPool - HikariPool-1 - After cleanup  stats (total=5, active=0, idle=5, waiting=0)
2026-03-24 14:44:58.276 [HikariPool-1 housekeeper] DEBUG [N/A] [N/A] com.zaxxer.hikari.pool.HikariPool - HikariPool-1 - Fill pool skipped, pool has sufficient level or currently being filled.
2026-03-24 14:45:28.283 [HikariPool-1 housekeeper] DEBUG [N/A] [N/A] com.zaxxer.hikari.pool.HikariPool - HikariPool-1 - Before cleanup stats (total=5, active=0, idle=5, waiting=0)
2026-03-24 14:45:28.283 [HikariPool-1 housekeeper] DEBUG [N/A] [N/A] com.zaxxer.hikari.pool.HikariPool - HikariPool-1 - After cleanup  stats (total=5, active=0, idle=5, waiting=0)
2026-03-24 14:45:28.284 [HikariPool-1 housekeeper] DEBUG [N/A] [N/A] com.zaxxer.hikari.pool.HikariPool - HikariPool-1 - Fill pool skipped, pool has sufficient level or currently being filled.
2026-03-24 14:45:58.290 [HikariPool-1 housekeeper] DEBUG [N/A] [N/A] com.zaxxer.hikari.pool.HikariPool - HikariPool-1 - Before cleanup stats (total=5, active=0, idle=5, waiting=0)
2026-03-24 14:45:58.290 [HikariPool-1 housekeeper] DEBUG [N/A] [N/A] com.zaxxer.hikari.pool.HikariPool - HikariPool-1 - After cleanup  stats (total=5, active=0, idle=5, waiting=0)
2026-03-24 14:45:58.290 [HikariPool-1 housekeeper] DEBUG [N/A] [N/A] com.zaxxer.hikari.pool.HikariPool - HikariPool-1 - Fill pool skipped, pool has sufficient level or currently being filled.
2026-03-24 14:46:28.295 [HikariPool-1 housekeeper] DEBUG [N/A] [N/A] com.zaxxer.hikari.pool.HikariPool - HikariPool-1 - Before cleanup stats (total=5, active=0, idle=5, waiting=0)
2026-03-24 14:46:28.295 [HikariPool-1 housekeeper] DEBUG [N/A] [N/A] com.zaxxer.hikari.pool.HikariPool - HikariPool-1 - After cleanup  stats (total=5, active=0, idle=5, waiting=0)
2026-03-24 14:46:28.296 [HikariPool-1 housekeeper] DEBUG [N/A] [N/A] com.zaxxer.hikari.pool.HikariPool - HikariPool-1 - Fill pool skipped, pool has sufficient level or currently being filled.
2026-03-24 14:46:58.302 [HikariPool-1 housekeeper] DEBUG [N/A] [N/A] com.zaxxer.hikari.pool.HikariPool - HikariPool-1 - Before cleanup stats (total=5, active=0, idle=5, waiting=0)
2026-03-24 14:46:58.303 [HikariPool-1 housekeeper] DEBUG [N/A] [N/A] com.zaxxer.hikari.pool.HikariPool - HikariPool-1 - After cleanup  stats (total=5, active=0, idle=5, waiting=0)
2026-03-24 14:46:58.304 [HikariPool-1 housekeeper] DEBUG [N/A] [N/A] com.zaxxer.hikari.pool.HikariPool - HikariPool-1 - Fill pool skipped, pool has sufficient level or currently being filled.
2026-03-24 14:47:28.308 [HikariPool-1 housekeeper] DEBUG [N/A] [N/A] com.zaxxer.hikari.pool.HikariPool - HikariPool-1 - Before cleanup stats (total=5, active=0, idle=5, waiting=0)
2026-03-24 14:47:28.309 [HikariPool-1 housekeeper] DEBUG [N/A] [N/A] com.zaxxer.hikari.pool.HikariPool - HikariPool-1 - After cleanup  stats (total=5, active=0, idle=5, waiting=0)
2026-03-24 14:47:28.310 [HikariPool-1 housekeeper] DEBUG [N/A] [N/A] com.zaxxer.hikari.pool.HikariPool - HikariPool-1 - Fill pool skipped, pool has sufficient level or currently being filled.
2026-03-24 14:47:58.312 [HikariPool-1 housekeeper] DEBUG [N/A] [N/A] com.zaxxer.hikari.pool.HikariPool - HikariPool-1 - Before cleanup stats (total=5, active=0, idle=5, waiting=0)
2026-03-24 14:47:58.313 [HikariPool-1 housekeeper] DEBUG [N/A] [N/A] com.zaxxer.hikari.pool.HikariPool - HikariPool-1 - After cleanup  stats (total=5, active=0, idle=5, waiting=0)
2026-03-24 14:47:58.314 [HikariPool-1 housekeeper] DEBUG [N/A] [N/A] com.zaxxer.hikari.pool.HikariPool - HikariPool-1 - Fill pool skipped, pool has sufficient level or currently being filled.
2026-03-24 14:48:28.320 [HikariPool-1 housekeeper] DEBUG [N/A] [N/A] com.zaxxer.hikari.pool.HikariPool - HikariPool-1 - Before cleanup stats (total=5, active=0, idle=5, waiting=0)
2026-03-24 14:48:28.320 [HikariPool-1 housekeeper] DEBUG [N/A] [N/A] com.zaxxer.hikari.pool.HikariPool - HikariPool-1 - After cleanup  stats (total=5, active=0, idle=5, waiting=0)
2026-03-24 14:48:28.320 [HikariPool-1 housekeeper] DEBUG [N/A] [N/A] com.zaxxer.hikari.pool.HikariPool - HikariPool-1 - Fill pool skipped, pool has sufficient level or currently being filled.
2026-03-24 14:48:58.321 [HikariPool-1 housekeeper] DEBUG [N/A] [N/A] com.zaxxer.hikari.pool.HikariPool - HikariPool-1 - Before cleanup stats (total=5, active=0, idle=5, waiting=0)
2026-03-24 14:48:58.323 [HikariPool-1 housekeeper] DEBUG [N/A] [N/A] com.zaxxer.hikari.pool.HikariPool - HikariPool-1 - After cleanup  stats (total=5, active=0, idle=5, waiting=0)
2026-03-24 14:48:58.323 [HikariPool-1 housekeeper] DEBUG [N/A] [N/A] com.zaxxer.hikari.pool.HikariPool - HikariPool-1 - Fill pool skipped, pool has sufficient level or currently being filled.
2026-03-24 14:49:28.328 [HikariPool-1 housekeeper] DEBUG [N/A] [N/A] com.zaxxer.hikari.pool.HikariPool - HikariPool-1 - Before cleanup stats (total=5, active=0, idle=5, waiting=0)
2026-03-24 14:49:28.331 [HikariPool-1 housekeeper] DEBUG [N/A] [N/A] com.zaxxer.hikari.pool.HikariPool - HikariPool-1 - After cleanup  stats (total=5, active=0, idle=5, waiting=0)
2026-03-24 14:49:28.332 [HikariPool-1 housekeeper] DEBUG [N/A] [N/A] com.zaxxer.hikari.pool.HikariPool - HikariPool-1 - Fill pool skipped, pool has sufficient level or currently being filled.
2026-03-24 14:49:58.336 [HikariPool-1 housekeeper] DEBUG [N/A] [N/A] com.zaxxer.hikari.pool.HikariPool - HikariPool-1 - Before cleanup stats (total=5, active=0, idle=5, waiting=0)
2026-03-24 14:49:58.336 [HikariPool-1 housekeeper] DEBUG [N/A] [N/A] com.zaxxer.hikari.pool.HikariPool - HikariPool-1 - After cleanup  stats (total=5, active=0, idle=5, waiting=0)
2026-03-24 14:49:58.338 [HikariPool-1 housekeeper] DEBUG [N/A] [N/A] com.zaxxer.hikari.pool.HikariPool - HikariPool-1 - Fill pool skipped, pool has sufficient level or currently being filled.
2026-03-24 14:50:28.342 [HikariPool-1 housekeeper] DEBUG [N/A] [N/A] com.zaxxer.hikari.pool.HikariPool - HikariPool-1 - Before cleanup stats (total=5, active=0, idle=5, waiting=0)
2026-03-24 14:50:28.343 [HikariPool-1 housekeeper] DEBUG [N/A] [N/A] com.zaxxer.hikari.pool.HikariPool - HikariPool-1 - After cleanup  stats (total=5, active=0, idle=5, waiting=0)
2026-03-24 14:50:28.343 [HikariPool-1 housekeeper] DEBUG [N/A] [N/A] com.zaxxer.hikari.pool.HikariPool - HikariPool-1 - Fill pool skipped, pool has sufficient level or currently being filled.
2026-03-24 14:50:58.344 [HikariPool-1 housekeeper] DEBUG [N/A] [N/A] com.zaxxer.hikari.pool.HikariPool - HikariPool-1 - Before cleanup stats (total=5, active=0, idle=5, waiting=0)
2026-03-24 14:50:58.345 [HikariPool-1 housekeeper] DEBUG [N/A] [N/A] com.zaxxer.hikari.pool.HikariPool - HikariPool-1 - After cleanup  stats (total=5, active=0, idle=5, waiting=0)
2026-03-24 14:50:58.345 [HikariPool-1 housekeeper] DEBUG [N/A] [N/A] com.zaxxer.hikari.pool.HikariPool - HikariPool-1 - Fill pool skipped, pool has sufficient level or currently being filled.
2026-03-24 14:51:28.349 [HikariPool-1 housekeeper] DEBUG [N/A] [N/A] com.zaxxer.hikari.pool.HikariPool - HikariPool-1 - Before cleanup stats (total=5, active=0, idle=5, waiting=0)
2026-03-24 14:51:28.351 [HikariPool-1 housekeeper] DEBUG [N/A] [N/A] com.zaxxer.hikari.pool.HikariPool - HikariPool-1 - After cleanup  stats (total=5, active=0, idle=5, waiting=0)
2026-03-24 14:51:28.352 [HikariPool-1 housekeeper] DEBUG [N/A] [N/A] com.zaxxer.hikari.pool.HikariPool - HikariPool-1 - Fill pool skipped, pool has sufficient level or currently being filled.
2026-03-24 14:51:58.357 [HikariPool-1 housekeeper] DEBUG [N/A] [N/A] com.zaxxer.hikari.pool.HikariPool - HikariPool-1 - Before cleanup stats (total=5, active=0, idle=5, waiting=0)
2026-03-24 14:51:58.359 [HikariPool-1 housekeeper] DEBUG [N/A] [N/A] com.zaxxer.hikari.pool.HikariPool - HikariPool-1 - After cleanup  stats (total=5, active=0, idle=5, waiting=0)
2026-03-24 14:51:58.359 [HikariPool-1 housekeeper] DEBUG [N/A] [N/A] com.zaxxer.hikari.pool.HikariPool - HikariPool-1 - Fill pool skipped, pool has sufficient level or currently being filled.
2026-03-24 14:52:28.364 [HikariPool-1 housekeeper] DEBUG [N/A] [N/A] com.zaxxer.hikari.pool.HikariPool - HikariPool-1 - Before cleanup stats (total=5, active=0, idle=5, waiting=0)
2026-03-24 14:52:28.364 [HikariPool-1 housekeeper] DEBUG [N/A] [N/A] com.zaxxer.hikari.pool.HikariPool - HikariPool-1 - After cleanup  stats (total=5, active=0, idle=5, waiting=0)
2026-03-24 14:52:28.364 [HikariPool-1 housekeeper] DEBUG [N/A] [N/A] com.zaxxer.hikari.pool.HikariPool - HikariPool-1 - Fill pool skipped, pool has sufficient level or currently being filled.
2026-03-24 14:52:58.365 [HikariPool-1 housekeeper] DEBUG [N/A] [N/A] com.zaxxer.hikari.pool.HikariPool - HikariPool-1 - Before cleanup stats (total=5, active=0, idle=5, waiting=0)
2026-03-24 14:52:58.365 [HikariPool-1 housekeeper] DEBUG [N/A] [N/A] com.zaxxer.hikari.pool.HikariPool - HikariPool-1 - After cleanup  stats (total=5, active=0, idle=5, waiting=0)
2026-03-24 14:52:58.365 [HikariPool-1 housekeeper] DEBUG [N/A] [N/A] com.zaxxer.hikari.pool.HikariPool - HikariPool-1 - Fill pool skipped, pool has sufficient level or currently being filled.
2026-03-24 14:53:28.374 [HikariPool-1 housekeeper] DEBUG [N/A] [N/A] com.zaxxer.hikari.pool.HikariPool - HikariPool-1 - Before cleanup stats (total=5, active=0, idle=5, waiting=0)
2026-03-24 14:53:28.375 [HikariPool-1 housekeeper] DEBUG [N/A] [N/A] com.zaxxer.hikari.pool.HikariPool - HikariPool-1 - After cleanup  stats (total=5, active=0, idle=5, waiting=0)
2026-03-24 14:53:28.375 [HikariPool-1 housekeeper] DEBUG [N/A] [N/A] com.zaxxer.hikari.pool.HikariPool - HikariPool-1 - Fill pool skipped, pool has sufficient level or currently being filled.
2026-03-24 14:53:58.381 [HikariPool-1 housekeeper] DEBUG [N/A] [N/A] com.zaxxer.hikari.pool.HikariPool - HikariPool-1 - Before cleanup stats (total=5, active=0, idle=5, waiting=0)
2026-03-24 14:53:58.382 [HikariPool-1 housekeeper] DEBUG [N/A] [N/A] com.zaxxer.hikari.pool.HikariPool - HikariPool-1 - After cleanup  stats (total=5, active=0, idle=5, waiting=0)
2026-03-24 14:53:58.382 [HikariPool-1 housekeeper] DEBUG [N/A] [N/A] com.zaxxer.hikari.pool.HikariPool - HikariPool-1 - Fill pool skipped, pool has sufficient level or currently being filled.
2026-03-24 14:54:28.384 [HikariPool-1 housekeeper] DEBUG [N/A] [N/A] com.zaxxer.hikari.pool.HikariPool - HikariPool-1 - Before cleanup stats (total=5, active=0, idle=5, waiting=0)
2026-03-24 14:54:28.386 [HikariPool-1 housekeeper] DEBUG [N/A] [N/A] com.zaxxer.hikari.pool.HikariPool - HikariPool-1 - After cleanup  stats (total=5, active=0, idle=5, waiting=0)
2026-03-24 14:54:28.387 [HikariPool-1 housekeeper] DEBUG [N/A] [N/A] com.zaxxer.hikari.pool.HikariPool - HikariPool-1 - Fill pool skipped, pool has sufficient level or currently being filled.
2026-03-24 14:54:58.392 [HikariPool-1 housekeeper] DEBUG [N/A] [N/A] com.zaxxer.hikari.pool.HikariPool - HikariPool-1 - Before cleanup stats (total=5, active=0, idle=5, waiting=0)
2026-03-24 14:54:58.393 [HikariPool-1 housekeeper] DEBUG [N/A] [N/A] com.zaxxer.hikari.pool.HikariPool - HikariPool-1 - After cleanup  stats (total=5, active=0, idle=5, waiting=0)
2026-03-24 14:54:58.393 [HikariPool-1 housekeeper] DEBUG [N/A] [N/A] com.zaxxer.hikari.pool.HikariPool - HikariPool-1 - Fill pool skipped, pool has sufficient level or currently being filled.
2026-03-24 14:55:28.399 [HikariPool-1 housekeeper] DEBUG [N/A] [N/A] com.zaxxer.hikari.pool.HikariPool - HikariPool-1 - Before cleanup stats (total=5, active=0, idle=5, waiting=0)
2026-03-24 14:55:28.401 [HikariPool-1 housekeeper] DEBUG [N/A] [N/A] com.zaxxer.hikari.pool.HikariPool - HikariPool-1 - After cleanup  stats (total=5, active=0, idle=5, waiting=0)
2026-03-24 14:55:28.401 [HikariPool-1 housekeeper] DEBUG [N/A] [N/A] com.zaxxer.hikari.pool.HikariPool - HikariPool-1 - Fill pool skipped, pool has sufficient level or currently being filled.
2026-03-24 14:55:58.404 [HikariPool-1 housekeeper] DEBUG [N/A] [N/A] com.zaxxer.hikari.pool.HikariPool - HikariPool-1 - Before cleanup stats (total=5, active=0, idle=5, waiting=0)
2026-03-24 14:55:58.404 [HikariPool-1 housekeeper] DEBUG [N/A] [N/A] com.zaxxer.hikari.pool.HikariPool - HikariPool-1 - After cleanup  stats (total=5, active=0, idle=5, waiting=0)
2026-03-24 14:55:58.404 [HikariPool-1 housekeeper] DEBUG [N/A] [N/A] com.zaxxer.hikari.pool.HikariPool - HikariPool-1 - Fill pool skipped, pool has sufficient level or currently being filled.
2026-03-24 14:56:18.047 [HikariPool-1 connection closer] DEBUG [N/A] [N/A] com.zaxxer.hikari.pool.PoolBase - HikariPool-1 - Closing connection org.postgresql.jdbc.PgConnection@4c242c31: (connection has passed maxLifetime)
2026-03-24 14:56:18.481 [HikariPool-1 connection adder] DEBUG [N/A] [N/A] com.zaxxer.hikari.pool.HikariPool - HikariPool-1 - Added connection org.postgresql.jdbc.PgConnection@1cb197a2
2026-03-24 14:56:18.513 [HikariPool-1 connection adder] DEBUG [N/A] [N/A] com.zaxxer.hikari.pool.HikariPool - HikariPool-1 - Connection not added, stats (total=5, active=0, idle=5, waiting=0)
2026-03-24 14:56:28.410 [HikariPool-1 housekeeper] DEBUG [N/A] [N/A] com.zaxxer.hikari.pool.HikariPool - HikariPool-1 - Before cleanup stats (total=5, active=0, idle=5, waiting=0)
2026-03-24 14:56:28.412 [HikariPool-1 housekeeper] DEBUG [N/A] [N/A] com.zaxxer.hikari.pool.HikariPool - HikariPool-1 - After cleanup  stats (total=5, active=0, idle=5, waiting=0)
2026-03-24 14:56:28.413 [HikariPool-1 housekeeper] DEBUG [N/A] [N/A] com.zaxxer.hikari.pool.HikariPool - HikariPool-1 - Fill pool skipped, pool has sufficient level or currently being filled.
2026-03-24 14:56:40.794 [HikariPool-1 connection closer] DEBUG [N/A] [N/A] com.zaxxer.hikari.pool.PoolBase - HikariPool-1 - Closing connection org.postgresql.jdbc.PgConnection@42e3da1d: (connection has passed maxLifetime)
2026-03-24 14:56:41.079 [HikariPool-1 connection adder] DEBUG [N/A] [N/A] com.zaxxer.hikari.pool.HikariPool - HikariPool-1 - Added connection org.postgresql.jdbc.PgConnection@17d178fc
2026-03-24 14:56:41.112 [HikariPool-1 connection adder] DEBUG [N/A] [N/A] com.zaxxer.hikari.pool.HikariPool - HikariPool-1 - Connection not added, stats (total=5, active=0, idle=5, waiting=0)
2026-03-24 14:56:51.075 [HikariPool-1 connection closer] DEBUG [N/A] [N/A] com.zaxxer.hikari.pool.PoolBase - HikariPool-1 - Closing connection org.postgresql.jdbc.PgConnection@313bfb59: (connection has passed maxLifetime)
2026-03-24 14:56:51.301 [HikariPool-1 connection adder] DEBUG [N/A] [N/A] com.zaxxer.hikari.pool.HikariPool - HikariPool-1 - Added connection org.postgresql.jdbc.PgConnection@54c93e26
2026-03-24 14:56:51.337 [HikariPool-1 connection adder] DEBUG [N/A] [N/A] com.zaxxer.hikari.pool.HikariPool - HikariPool-1 - Connection not added, stats (total=5, active=0, idle=5, waiting=0)
2026-03-24 14:56:58.414 [HikariPool-1 housekeeper] DEBUG [N/A] [N/A] com.zaxxer.hikari.pool.HikariPool - HikariPool-1 - Before cleanup stats (total=5, active=0, idle=5, waiting=0)
2026-03-24 14:56:58.414 [HikariPool-1 housekeeper] DEBUG [N/A] [N/A] com.zaxxer.hikari.pool.HikariPool - HikariPool-1 - After cleanup  stats (total=5, active=0, idle=5, waiting=0)
2026-03-24 14:56:58.414 [HikariPool-1 housekeeper] DEBUG [N/A] [N/A] com.zaxxer.hikari.pool.HikariPool - HikariPool-1 - Fill pool skipped, pool has sufficient level or currently being filled.
2026-03-24 14:57:06.099 [HikariPool-1 connection closer] DEBUG [N/A] [N/A] com.zaxxer.hikari.pool.PoolBase - HikariPool-1 - Closing connection org.postgresql.jdbc.PgConnection@13812177: (connection has passed maxLifetime)
2026-03-24 14:57:06.392 [HikariPool-1 connection adder] DEBUG [N/A] [N/A] com.zaxxer.hikari.pool.HikariPool - HikariPool-1 - Added connection org.postgresql.jdbc.PgConnection@74db158c
2026-03-24 14:57:06.425 [HikariPool-1 connection adder] DEBUG [N/A] [N/A] com.zaxxer.hikari.pool.HikariPool - HikariPool-1 - Connection not added, stats (total=5, active=0, idle=5, waiting=0)
2026-03-24 14:57:28.419 [HikariPool-1 housekeeper] DEBUG [N/A] [N/A] com.zaxxer.hikari.pool.HikariPool - HikariPool-1 - Before cleanup stats (total=5, active=0, idle=5, waiting=0)
2026-03-24 14:57:28.420 [HikariPool-1 housekeeper] DEBUG [N/A] [N/A] com.zaxxer.hikari.pool.HikariPool - HikariPool-1 - After cleanup  stats (total=5, active=0, idle=5, waiting=0)
2026-03-24 14:57:28.420 [HikariPool-1 housekeeper] DEBUG [N/A] [N/A] com.zaxxer.hikari.pool.HikariPool - HikariPool-1 - Fill pool skipped, pool has sufficient level or currently being filled.
2026-03-24 14:57:43.452 [HikariPool-1 connection closer] DEBUG [N/A] [N/A] com.zaxxer.hikari.pool.PoolBase - HikariPool-1 - Closing connection org.postgresql.jdbc.PgConnection@1d46cd77: (connection has passed maxLifetime)
2026-03-24 14:57:43.660 [HikariPool-1 connection adder] DEBUG [N/A] [N/A] com.zaxxer.hikari.pool.HikariPool - HikariPool-1 - Added connection org.postgresql.jdbc.PgConnection@239f1e11
2026-03-24 14:57:43.693 [HikariPool-1 connection adder] DEBUG [N/A] [N/A] com.zaxxer.hikari.pool.HikariPool - HikariPool-1 - Connection not added, stats (total=5, active=0, idle=5, waiting=0)
2026-03-24 14:57:58.425 [HikariPool-1 housekeeper] DEBUG [N/A] [N/A] com.zaxxer.hikari.pool.HikariPool - HikariPool-1 - Before cleanup stats (total=5, active=0, idle=5, waiting=0)
2026-03-24 14:57:58.425 [HikariPool-1 housekeeper] DEBUG [N/A] [N/A] com.zaxxer.hikari.pool.HikariPool - HikariPool-1 - After cleanup  stats (total=5, active=0, idle=5, waiting=0)
2026-03-24 14:57:58.425 [HikariPool-1 housekeeper] DEBUG [N/A] [N/A] com.zaxxer.hikari.pool.HikariPool - HikariPool-1 - Fill pool skipped, pool has sufficient level or currently being filled.
2026-03-24 14:58:28.429 [HikariPool-1 housekeeper] DEBUG [N/A] [N/A] com.zaxxer.hikari.pool.HikariPool - HikariPool-1 - Before cleanup stats (total=5, active=0, idle=5, waiting=0)
2026-03-24 14:58:28.430 [HikariPool-1 housekeeper] DEBUG [N/A] [N/A] com.zaxxer.hikari.pool.HikariPool - HikariPool-1 - After cleanup  stats (total=5, active=0, idle=5, waiting=0)
2026-03-24 14:58:28.430 [HikariPool-1 housekeeper] DEBUG [N/A] [N/A] com.zaxxer.hikari.pool.HikariPool - HikariPool-1 - Fill pool skipped, pool has sufficient level or currently being filled.
2026-03-24 14:58:58.433 [HikariPool-1 housekeeper] DEBUG [N/A] [N/A] com.zaxxer.hikari.pool.HikariPool - HikariPool-1 - Before cleanup stats (total=5, active=0, idle=5, waiting=0)
2026-03-24 14:58:58.434 [HikariPool-1 housekeeper] DEBUG [N/A] [N/A] com.zaxxer.hikari.pool.HikariPool - HikariPool-1 - After cleanup  stats (total=5, active=0, idle=5, waiting=0)
2026-03-24 14:58:58.434 [HikariPool-1 housekeeper] DEBUG [N/A] [N/A] com.zaxxer.hikari.pool.HikariPool - HikariPool-1 - Fill pool skipped, pool has sufficient level or currently being filled.
2026-03-24 14:59:28.437 [HikariPool-1 housekeeper] DEBUG [N/A] [N/A] com.zaxxer.hikari.pool.HikariPool - HikariPool-1 - Before cleanup stats (total=5, active=0, idle=5, waiting=0)
2026-03-24 14:59:28.438 [HikariPool-1 housekeeper] DEBUG [N/A] [N/A] com.zaxxer.hikari.pool.HikariPool - HikariPool-1 - After cleanup  stats (total=5, active=0, idle=5, waiting=0)
2026-03-24 14:59:28.438 [HikariPool-1 housekeeper] DEBUG [N/A] [N/A] com.zaxxer.hikari.pool.HikariPool - HikariPool-1 - Fill pool skipped, pool has sufficient level or currently being filled.
2026-03-24 14:59:58.438 [HikariPool-1 housekeeper] DEBUG [N/A] [N/A] com.zaxxer.hikari.pool.HikariPool - HikariPool-1 - Before cleanup stats (total=5, active=0, idle=5, waiting=0)
2026-03-24 14:59:58.439 [HikariPool-1 housekeeper] DEBUG [N/A] [N/A] com.zaxxer.hikari.pool.HikariPool - HikariPool-1 - After cleanup  stats (total=5, active=0, idle=5, waiting=0)
2026-03-24 14:59:58.439 [HikariPool-1 housekeeper] DEBUG [N/A] [N/A] com.zaxxer.hikari.pool.HikariPool - HikariPool-1 - Fill pool skipped, pool has sufficient level or currently being filled.
2026-03-24 15:00:28.444 [HikariPool-1 housekeeper] DEBUG [N/A] [N/A] com.zaxxer.hikari.pool.HikariPool - HikariPool-1 - Before cleanup stats (total=5, active=0, idle=5, waiting=0)
2026-03-24 15:00:28.445 [HikariPool-1 housekeeper] DEBUG [N/A] [N/A] com.zaxxer.hikari.pool.HikariPool - HikariPool-1 - After cleanup  stats (total=5, active=0, idle=5, waiting=0)
2026-03-24 15:00:28.445 [HikariPool-1 housekeeper] DEBUG [N/A] [N/A] com.zaxxer.hikari.pool.HikariPool - HikariPool-1 - Fill pool skipped, pool has sufficient level or currently being filled.
2026-03-24 15:00:58.454 [HikariPool-1 housekeeper] DEBUG [N/A] [N/A] com.zaxxer.hikari.pool.HikariPool - HikariPool-1 - Before cleanup stats (total=5, active=0, idle=5, waiting=0)
2026-03-24 15:00:58.454 [HikariPool-1 housekeeper] DEBUG [N/A] [N/A] com.zaxxer.hikari.pool.HikariPool - HikariPool-1 - After cleanup  stats (total=5, active=0, idle=5, waiting=0)
2026-03-24 15:00:58.454 [HikariPool-1 housekeeper] DEBUG [N/A] [N/A] com.zaxxer.hikari.pool.HikariPool - HikariPool-1 - Fill pool skipped, pool has sufficient level or currently being filled.
2026-03-24 15:01:28.456 [HikariPool-1 housekeeper] DEBUG [N/A] [N/A] com.zaxxer.hikari.pool.HikariPool - HikariPool-1 - Before cleanup stats (total=5, active=0, idle=5, waiting=0)
2026-03-24 15:01:28.456 [HikariPool-1 housekeeper] DEBUG [N/A] [N/A] com.zaxxer.hikari.pool.HikariPool - HikariPool-1 - After cleanup  stats (total=5, active=0, idle=5, waiting=0)
2026-03-24 15:01:28.456 [HikariPool-1 housekeeper] DEBUG [N/A] [N/A] com.zaxxer.hikari.pool.HikariPool - HikariPool-1 - Fill pool skipped, pool has sufficient level or currently being filled.
2026-03-24 15:01:58.459 [HikariPool-1 housekeeper] DEBUG [N/A] [N/A] com.zaxxer.hikari.pool.HikariPool - HikariPool-1 - Before cleanup stats (total=5, active=0, idle=5, waiting=0)
2026-03-24 15:01:58.459 [HikariPool-1 housekeeper] DEBUG [N/A] [N/A] com.zaxxer.hikari.pool.HikariPool - HikariPool-1 - After cleanup  stats (total=5, active=0, idle=5, waiting=0)
2026-03-24 15:01:58.459 [HikariPool-1 housekeeper] DEBUG [N/A] [N/A] com.zaxxer.hikari.pool.HikariPool - HikariPool-1 - Fill pool skipped, pool has sufficient level or currently being filled.
2026-03-24 15:02:28.480 [HikariPool-1 housekeeper] DEBUG [N/A] [N/A] com.zaxxer.hikari.pool.HikariPool - HikariPool-1 - Before cleanup stats (total=5, active=0, idle=5, waiting=0)
2026-03-24 15:02:28.482 [HikariPool-1 housekeeper] DEBUG [N/A] [N/A] com.zaxxer.hikari.pool.HikariPool - HikariPool-1 - After cleanup  stats (total=5, active=0, idle=5, waiting=0)
2026-03-24 15:02:28.483 [HikariPool-1 housekeeper] DEBUG [N/A] [N/A] com.zaxxer.hikari.pool.HikariPool - HikariPool-1 - Fill pool skipped, pool has sufficient level or currently being filled.
2026-03-24 15:02:58.485 [HikariPool-1 housekeeper] DEBUG [N/A] [N/A] com.zaxxer.hikari.pool.HikariPool - HikariPool-1 - Before cleanup stats (total=5, active=0, idle=5, waiting=0)
2026-03-24 15:02:58.485 [HikariPool-1 housekeeper] DEBUG [N/A] [N/A] com.zaxxer.hikari.pool.HikariPool - HikariPool-1 - After cleanup  stats (total=5, active=0, idle=5, waiting=0)
2026-03-24 15:02:58.485 [HikariPool-1 housekeeper] DEBUG [N/A] [N/A] com.zaxxer.hikari.pool.HikariPool - HikariPool-1 - Fill pool skipped, pool has sufficient level or currently being filled.
2026-03-24 15:03:28.490 [HikariPool-1 housekeeper] DEBUG [N/A] [N/A] com.zaxxer.hikari.pool.HikariPool - HikariPool-1 - Before cleanup stats (total=5, active=0, idle=5, waiting=0)
2026-03-24 15:03:28.491 [HikariPool-1 housekeeper] DEBUG [N/A] [N/A] com.zaxxer.hikari.pool.HikariPool - HikariPool-1 - After cleanup  stats (total=5, active=0, idle=5, waiting=0)
2026-03-24 15:03:28.492 [HikariPool-1 housekeeper] DEBUG [N/A] [N/A] com.zaxxer.hikari.pool.HikariPool - HikariPool-1 - Fill pool skipped, pool has sufficient level or currently being filled.
2026-03-24 15:03:58.496 [HikariPool-1 housekeeper] DEBUG [N/A] [N/A] com.zaxxer.hikari.pool.HikariPool - HikariPool-1 - Before cleanup stats (total=5, active=0, idle=5, waiting=0)
2026-03-24 15:03:58.497 [HikariPool-1 housekeeper] DEBUG [N/A] [N/A] com.zaxxer.hikari.pool.HikariPool - HikariPool-1 - After cleanup  stats (total=5, active=0, idle=5, waiting=0)
2026-03-24 15:03:58.499 [HikariPool-1 housekeeper] DEBUG [N/A] [N/A] com.zaxxer.hikari.pool.HikariPool - HikariPool-1 - Fill pool skipped, pool has sufficient level or currently being filled.
2026-03-24 15:04:28.505 [HikariPool-1 housekeeper] DEBUG [N/A] [N/A] com.zaxxer.hikari.pool.HikariPool - HikariPool-1 - Before cleanup stats (total=5, active=0, idle=5, waiting=0)
2026-03-24 15:04:28.506 [HikariPool-1 housekeeper] DEBUG [N/A] [N/A] com.zaxxer.hikari.pool.HikariPool - HikariPool-1 - After cleanup  stats (total=5, active=0, idle=5, waiting=0)
2026-03-24 15:04:28.507 [HikariPool-1 housekeeper] DEBUG [N/A] [N/A] com.zaxxer.hikari.pool.HikariPool - HikariPool-1 - Fill pool skipped, pool has sufficient level or currently being filled.
2026-03-24 15:04:58.511 [HikariPool-1 housekeeper] DEBUG [N/A] [N/A] com.zaxxer.hikari.pool.HikariPool - HikariPool-1 - Before cleanup stats (total=5, active=0, idle=5, waiting=0)
2026-03-24 15:04:58.513 [HikariPool-1 housekeeper] DEBUG [N/A] [N/A] com.zaxxer.hikari.pool.HikariPool - HikariPool-1 - After cleanup  stats (total=5, active=0, idle=5, waiting=0)
2026-03-24 15:04:58.514 [HikariPool-1 housekeeper] DEBUG [N/A] [N/A] com.zaxxer.hikari.pool.HikariPool - HikariPool-1 - Fill pool skipped, pool has sufficient level or currently being filled.
2026-03-24 15:05:28.518 [HikariPool-1 housekeeper] DEBUG [N/A] [N/A] com.zaxxer.hikari.pool.HikariPool - HikariPool-1 - Before cleanup stats (total=5, active=0, idle=5, waiting=0)
2026-03-24 15:05:28.520 [HikariPool-1 housekeeper] DEBUG [N/A] [N/A] com.zaxxer.hikari.pool.HikariPool - HikariPool-1 - After cleanup  stats (total=5, active=0, idle=5, waiting=0)
2026-03-24 15:05:28.520 [HikariPool-1 housekeeper] DEBUG [N/A] [N/A] com.zaxxer.hikari.pool.HikariPool - HikariPool-1 - Fill pool skipped, pool has sufficient level or currently being filled.
2026-03-24 15:05:58.527 [HikariPool-1 housekeeper] DEBUG [N/A] [N/A] com.zaxxer.hikari.pool.HikariPool - HikariPool-1 - Before cleanup stats (total=5, active=0, idle=5, waiting=0)
2026-03-24 15:05:58.529 [HikariPool-1 housekeeper] DEBUG [N/A] [N/A] com.zaxxer.hikari.pool.HikariPool - HikariPool-1 - After cleanup  stats (total=5, active=0, idle=5, waiting=0)
2026-03-24 15:05:58.529 [HikariPool-1 housekeeper] DEBUG [N/A] [N/A] com.zaxxer.hikari.pool.HikariPool - HikariPool-1 - Fill pool skipped, pool has sufficient level or currently being filled.
2026-03-24 15:06:28.532 [HikariPool-1 housekeeper] DEBUG [N/A] [N/A] com.zaxxer.hikari.pool.HikariPool - HikariPool-1 - Before cleanup stats (total=5, active=0, idle=5, waiting=0)
2026-03-24 15:06:28.533 [HikariPool-1 housekeeper] DEBUG [N/A] [N/A] com.zaxxer.hikari.pool.HikariPool - HikariPool-1 - After cleanup  stats (total=5, active=0, idle=5, waiting=0)
2026-03-24 15:06:28.535 [HikariPool-1 housekeeper] DEBUG [N/A] [N/A] com.zaxxer.hikari.pool.HikariPool - HikariPool-1 - Fill pool skipped, pool has sufficient level or currently being filled.
2026-03-24 15:06:58.538 [HikariPool-1 housekeeper] DEBUG [N/A] [N/A] com.zaxxer.hikari.pool.HikariPool - HikariPool-1 - Before cleanup stats (total=5, active=0, idle=5, waiting=0)
2026-03-24 15:06:58.541 [HikariPool-1 housekeeper] DEBUG [N/A] [N/A] com.zaxxer.hikari.pool.HikariPool - HikariPool-1 - After cleanup  stats (total=5, active=0, idle=5, waiting=0)
2026-03-24 15:06:58.541 [HikariPool-1 housekeeper] DEBUG [N/A] [N/A] com.zaxxer.hikari.pool.HikariPool - HikariPool-1 - Fill pool skipped, pool has sufficient level or currently being filled.
2026-03-24 15:07:28.584 [HikariPool-1 housekeeper] DEBUG [N/A] [N/A] com.zaxxer.hikari.pool.HikariPool - HikariPool-1 - Before cleanup stats (total=5, active=0, idle=5, waiting=0)
2026-03-24 15:07:28.585 [HikariPool-1 housekeeper] DEBUG [N/A] [N/A] com.zaxxer.hikari.pool.HikariPool - HikariPool-1 - After cleanup  stats (total=5, active=0, idle=5, waiting=0)
2026-03-24 15:07:28.585 [HikariPool-1 housekeeper] DEBUG [N/A] [N/A] com.zaxxer.hikari.pool.HikariPool - HikariPool-1 - Fill pool skipped, pool has sufficient level or currently being filled.
2026-03-24 15:07:58.590 [HikariPool-1 housekeeper] DEBUG [N/A] [N/A] com.zaxxer.hikari.pool.HikariPool - HikariPool-1 - Before cleanup stats (total=5, active=0, idle=5, waiting=0)
2026-03-24 15:07:58.593 [HikariPool-1 housekeeper] DEBUG [N/A] [N/A] com.zaxxer.hikari.pool.HikariPool - HikariPool-1 - After cleanup  stats (total=5, active=0, idle=5, waiting=0)
2026-03-24 15:07:58.593 [HikariPool-1 housekeeper] DEBUG [N/A] [N/A] com.zaxxer.hikari.pool.HikariPool - HikariPool-1 - Fill pool skipped, pool has sufficient level or currently being filled.
2026-03-24 15:08:28.594 [HikariPool-1 housekeeper] DEBUG [N/A] [N/A] com.zaxxer.hikari.pool.HikariPool - HikariPool-1 - Before cleanup stats (total=5, active=0, idle=5, waiting=0)
2026-03-24 15:08:28.594 [HikariPool-1 housekeeper] DEBUG [N/A] [N/A] com.zaxxer.hikari.pool.HikariPool - HikariPool-1 - After cleanup  stats (total=5, active=0, idle=5, waiting=0)
2026-03-24 15:08:28.595 [HikariPool-1 housekeeper] DEBUG [N/A] [N/A] com.zaxxer.hikari.pool.HikariPool - HikariPool-1 - Fill pool skipped, pool has sufficient level or currently being filled.
2026-03-24 15:08:58.600 [HikariPool-1 housekeeper] DEBUG [N/A] [N/A] com.zaxxer.hikari.pool.HikariPool - HikariPool-1 - Before cleanup stats (total=5, active=0, idle=5, waiting=0)
2026-03-24 15:08:58.603 [HikariPool-1 housekeeper] DEBUG [N/A] [N/A] com.zaxxer.hikari.pool.HikariPool - HikariPool-1 - After cleanup  stats (total=5, active=0, idle=5, waiting=0)
2026-03-24 15:08:58.603 [HikariPool-1 housekeeper] DEBUG [N/A] [N/A] com.zaxxer.hikari.pool.HikariPool - HikariPool-1 - Fill pool skipped, pool has sufficient level or currently being filled.
2026-03-24 15:09:28.607 [HikariPool-1 housekeeper] DEBUG [N/A] [N/A] com.zaxxer.hikari.pool.HikariPool - HikariPool-1 - Before cleanup stats (total=5, active=0, idle=5, waiting=0)
2026-03-24 15:09:28.608 [HikariPool-1 housekeeper] DEBUG [N/A] [N/A] com.zaxxer.hikari.pool.HikariPool - HikariPool-1 - After cleanup  stats (total=5, active=0, idle=5, waiting=0)
2026-03-24 15:09:28.608 [HikariPool-1 housekeeper] DEBUG [N/A] [N/A] com.zaxxer.hikari.pool.HikariPool - HikariPool-1 - Fill pool skipped, pool has sufficient level or currently being filled.
2026-03-24 15:09:58.612 [HikariPool-1 housekeeper] DEBUG [N/A] [N/A] com.zaxxer.hikari.pool.HikariPool - HikariPool-1 - Before cleanup stats (total=5, active=0, idle=5, waiting=0)
2026-03-24 15:09:58.613 [HikariPool-1 housekeeper] DEBUG [N/A] [N/A] com.zaxxer.hikari.pool.HikariPool - HikariPool-1 - After cleanup  stats (total=5, active=0, idle=5, waiting=0)
2026-03-24 15:09:58.613 [HikariPool-1 housekeeper] DEBUG [N/A] [N/A] com.zaxxer.hikari.pool.HikariPool - HikariPool-1 - Fill pool skipped, pool has sufficient level or currently being filled.
2026-03-24 15:10:28.619 [HikariPool-1 housekeeper] DEBUG [N/A] [N/A] com.zaxxer.hikari.pool.HikariPool - HikariPool-1 - Before cleanup stats (total=5, active=0, idle=5, waiting=0)
2026-03-24 15:10:28.620 [HikariPool-1 housekeeper] DEBUG [N/A] [N/A] com.zaxxer.hikari.pool.HikariPool - HikariPool-1 - After cleanup  stats (total=5, active=0, idle=5, waiting=0)
2026-03-24 15:10:28.620 [HikariPool-1 housekeeper] DEBUG [N/A] [N/A] com.zaxxer.hikari.pool.HikariPool - HikariPool-1 - Fill pool skipped, pool has sufficient level or currently being filled.
2026-03-24 15:10:58.625 [HikariPool-1 housekeeper] DEBUG [N/A] [N/A] com.zaxxer.hikari.pool.HikariPool - HikariPool-1 - Before cleanup stats (total=5, active=0, idle=5, waiting=0)
2026-03-24 15:10:58.629 [HikariPool-1 housekeeper] DEBUG [N/A] [N/A] com.zaxxer.hikari.pool.HikariPool - HikariPool-1 - After cleanup  stats (total=5, active=0, idle=5, waiting=0)
2026-03-24 15:10:58.630 [HikariPool-1 housekeeper] DEBUG [N/A] [N/A] com.zaxxer.hikari.pool.HikariPool - HikariPool-1 - Fill pool skipped, pool has sufficient level or currently being filled.
2026-03-24 15:11:28.633 [HikariPool-1 housekeeper] DEBUG [N/A] [N/A] com.zaxxer.hikari.pool.HikariPool - HikariPool-1 - Before cleanup stats (total=5, active=0, idle=5, waiting=0)
2026-03-24 15:11:28.634 [HikariPool-1 housekeeper] DEBUG [N/A] [N/A] com.zaxxer.hikari.pool.HikariPool - HikariPool-1 - After cleanup  stats (total=5, active=0, idle=5, waiting=0)
2026-03-24 15:11:28.635 [HikariPool-1 housekeeper] DEBUG [N/A] [N/A] com.zaxxer.hikari.pool.HikariPool - HikariPool-1 - Fill pool skipped, pool has sufficient level or currently being filled.
2026-03-24 15:11:58.639 [HikariPool-1 housekeeper] DEBUG [N/A] [N/A] com.zaxxer.hikari.pool.HikariPool - HikariPool-1 - Before cleanup stats (total=5, active=0, idle=5, waiting=0)
2026-03-24 15:11:58.641 [HikariPool-1 housekeeper] DEBUG [N/A] [N/A] com.zaxxer.hikari.pool.HikariPool - HikariPool-1 - After cleanup  stats (total=5, active=0, idle=5, waiting=0)
2026-03-24 15:11:58.641 [HikariPool-1 housekeeper] DEBUG [N/A] [N/A] com.zaxxer.hikari.pool.HikariPool - HikariPool-1 - Fill pool skipped, pool has sufficient level or currently being filled.
2026-03-24 15:12:28.645 [HikariPool-1 housekeeper] DEBUG [N/A] [N/A] com.zaxxer.hikari.pool.HikariPool - HikariPool-1 - Before cleanup stats (total=5, active=0, idle=5, waiting=0)
2026-03-24 15:12:28.646 [HikariPool-1 housekeeper] DEBUG [N/A] [N/A] com.zaxxer.hikari.pool.HikariPool - HikariPool-1 - After cleanup  stats (total=5, active=0, idle=5, waiting=0)
2026-03-24 15:12:28.646 [HikariPool-1 housekeeper] DEBUG [N/A] [N/A] com.zaxxer.hikari.pool.HikariPool - HikariPool-1 - Fill pool skipped, pool has sufficient level or currently being filled.
2026-03-24 15:12:58.648 [HikariPool-1 housekeeper] DEBUG [N/A] [N/A] com.zaxxer.hikari.pool.HikariPool - HikariPool-1 - Before cleanup stats (total=5, active=0, idle=5, waiting=0)
2026-03-24 15:12:58.649 [HikariPool-1 housekeeper] DEBUG [N/A] [N/A] com.zaxxer.hikari.pool.HikariPool - HikariPool-1 - After cleanup  stats (total=5, active=0, idle=5, waiting=0)
2026-03-24 15:12:58.649 [HikariPool-1 housekeeper] DEBUG [N/A] [N/A] com.zaxxer.hikari.pool.HikariPool - HikariPool-1 - Fill pool skipped, pool has sufficient level or currently being filled.
2026-03-24 15:13:28.654 [HikariPool-1 housekeeper] DEBUG [N/A] [N/A] com.zaxxer.hikari.pool.HikariPool - HikariPool-1 - Before cleanup stats (total=5, active=0, idle=5, waiting=0)
2026-03-24 15:13:28.655 [HikariPool-1 housekeeper] DEBUG [N/A] [N/A] com.zaxxer.hikari.pool.HikariPool - HikariPool-1 - After cleanup  stats (total=5, active=0, idle=5, waiting=0)
2026-03-24 15:13:28.655 [HikariPool-1 housekeeper] DEBUG [N/A] [N/A] com.zaxxer.hikari.pool.HikariPool - HikariPool-1 - Fill pool skipped, pool has sufficient level or currently being filled.
2026-03-24 15:13:58.658 [HikariPool-1 housekeeper] DEBUG [N/A] [N/A] com.zaxxer.hikari.pool.HikariPool - HikariPool-1 - Before cleanup stats (total=5, active=0, idle=5, waiting=0)
2026-03-24 15:13:58.659 [HikariPool-1 housekeeper] DEBUG [N/A] [N/A] com.zaxxer.hikari.pool.HikariPool - HikariPool-1 - After cleanup  stats (total=5, active=0, idle=5, waiting=0)
2026-03-24 15:13:58.659 [HikariPool-1 housekeeper] DEBUG [N/A] [N/A] com.zaxxer.hikari.pool.HikariPool - HikariPool-1 - Fill pool skipped, pool has sufficient level or currently being filled.
2026-03-24 15:14:28.665 [HikariPool-1 housekeeper] DEBUG [N/A] [N/A] com.zaxxer.hikari.pool.HikariPool - HikariPool-1 - Before cleanup stats (total=5, active=0, idle=5, waiting=0)
2026-03-24 15:14:28.666 [HikariPool-1 housekeeper] DEBUG [N/A] [N/A] com.zaxxer.hikari.pool.HikariPool - HikariPool-1 - After cleanup  stats (total=5, active=0, idle=5, waiting=0)
2026-03-24 15:14:28.666 [HikariPool-1 housekeeper] DEBUG [N/A] [N/A] com.zaxxer.hikari.pool.HikariPool - HikariPool-1 - Fill pool skipped, pool has sufficient level or currently being filled.
2026-03-24 15:14:58.671 [HikariPool-1 housekeeper] DEBUG [N/A] [N/A] com.zaxxer.hikari.pool.HikariPool - HikariPool-1 - Before cleanup stats (total=5, active=0, idle=5, waiting=0)
2026-03-24 15:14:58.671 [HikariPool-1 housekeeper] DEBUG [N/A] [N/A] com.zaxxer.hikari.pool.HikariPool - HikariPool-1 - After cleanup  stats (total=5, active=0, idle=5, waiting=0)
2026-03-24 15:14:58.671 [HikariPool-1 housekeeper] DEBUG [N/A] [N/A] com.zaxxer.hikari.pool.HikariPool - HikariPool-1 - Fill pool skipped, pool has sufficient level or currently being filled.
2026-03-24 15:15:28.676 [HikariPool-1 housekeeper] DEBUG [N/A] [N/A] com.zaxxer.hikari.pool.HikariPool - HikariPool-1 - Before cleanup stats (total=5, active=0, idle=5, waiting=0)
2026-03-24 15:15:28.676 [HikariPool-1 housekeeper] DEBUG [N/A] [N/A] com.zaxxer.hikari.pool.HikariPool - HikariPool-1 - After cleanup  stats (total=5, active=0, idle=5, waiting=0)
2026-03-24 15:15:28.676 [HikariPool-1 housekeeper] DEBUG [N/A] [N/A] com.zaxxer.hikari.pool.HikariPool - HikariPool-1 - Fill pool skipped, pool has sufficient level or currently being filled.
2026-03-24 15:15:58.682 [HikariPool-1 housekeeper] DEBUG [N/A] [N/A] com.zaxxer.hikari.pool.HikariPool - HikariPool-1 - Before cleanup stats (total=5, active=0, idle=5, waiting=0)
2026-03-24 15:15:58.684 [HikariPool-1 housekeeper] DEBUG [N/A] [N/A] com.zaxxer.hikari.pool.HikariPool - HikariPool-1 - After cleanup  stats (total=5, active=0, idle=5, waiting=0)
2026-03-24 15:15:58.684 [HikariPool-1 housekeeper] DEBUG [N/A] [N/A] com.zaxxer.hikari.pool.HikariPool - HikariPool-1 - Fill pool skipped, pool has sufficient level or currently being filled.
2026-03-24 15:16:28.687 [HikariPool-1 housekeeper] DEBUG [N/A] [N/A] com.zaxxer.hikari.pool.HikariPool - HikariPool-1 - Before cleanup stats (total=5, active=0, idle=5, waiting=0)
2026-03-24 15:16:28.688 [HikariPool-1 housekeeper] DEBUG [N/A] [N/A] com.zaxxer.hikari.pool.HikariPool - HikariPool-1 - After cleanup  stats (total=5, active=0, idle=5, waiting=0)
2026-03-24 15:16:28.688 [HikariPool-1 housekeeper] DEBUG [N/A] [N/A] com.zaxxer.hikari.pool.HikariPool - HikariPool-1 - Fill pool skipped, pool has sufficient level or currently being filled.
2026-03-24 15:16:58.690 [HikariPool-1 housekeeper] DEBUG [N/A] [N/A] com.zaxxer.hikari.pool.HikariPool - HikariPool-1 - Before cleanup stats (total=5, active=0, idle=5, waiting=0)
2026-03-24 15:16:58.691 [HikariPool-1 housekeeper] DEBUG [N/A] [N/A] com.zaxxer.hikari.pool.HikariPool - HikariPool-1 - After cleanup  stats (total=5, active=0, idle=5, waiting=0)
2026-03-24 15:16:58.691 [HikariPool-1 housekeeper] DEBUG [N/A] [N/A] com.zaxxer.hikari.pool.HikariPool - HikariPool-1 - Fill pool skipped, pool has sufficient level or currently being filled.
2026-03-24 15:17:28.696 [HikariPool-1 housekeeper] DEBUG [N/A] [N/A] com.zaxxer.hikari.pool.HikariPool - HikariPool-1 - Before cleanup stats (total=5, active=0, idle=5, waiting=0)
2026-03-24 15:17:28.697 [HikariPool-1 housekeeper] DEBUG [N/A] [N/A] com.zaxxer.hikari.pool.HikariPool - HikariPool-1 - After cleanup  stats (total=5, active=0, idle=5, waiting=0)
2026-03-24 15:17:28.698 [HikariPool-1 housekeeper] DEBUG [N/A] [N/A] com.zaxxer.hikari.pool.HikariPool - HikariPool-1 - Fill pool skipped, pool has sufficient level or currently being filled.
2026-03-24 15:17:58.703 [HikariPool-1 housekeeper] DEBUG [N/A] [N/A] com.zaxxer.hikari.pool.HikariPool - HikariPool-1 - Before cleanup stats (total=5, active=0, idle=5, waiting=0)
2026-03-24 15:17:58.703 [HikariPool-1 housekeeper] DEBUG [N/A] [N/A] com.zaxxer.hikari.pool.HikariPool - HikariPool-1 - After cleanup  stats (total=5, active=0, idle=5, waiting=0)
2026-03-24 15:17:58.703 [HikariPool-1 housekeeper] DEBUG [N/A] [N/A] com.zaxxer.hikari.pool.HikariPool - HikariPool-1 - Fill pool skipped, pool has sufficient level or currently being filled.
2026-03-24 15:18:28.704 [HikariPool-1 housekeeper] DEBUG [N/A] [N/A] com.zaxxer.hikari.pool.HikariPool - HikariPool-1 - Before cleanup stats (total=5, active=0, idle=5, waiting=0)
2026-03-24 15:18:28.705 [HikariPool-1 housekeeper] DEBUG [N/A] [N/A] com.zaxxer.hikari.pool.HikariPool - HikariPool-1 - After cleanup  stats (total=5, active=0, idle=5, waiting=0)
2026-03-24 15:18:28.705 [HikariPool-1 housekeeper] DEBUG [N/A] [N/A] com.zaxxer.hikari.pool.HikariPool - HikariPool-1 - Fill pool skipped, pool has sufficient level or currently being filled.
2026-03-24 15:18:58.707 [HikariPool-1 housekeeper] DEBUG [N/A] [N/A] com.zaxxer.hikari.pool.HikariPool - HikariPool-1 - Before cleanup stats (total=5, active=0, idle=5, waiting=0)
2026-03-24 15:18:58.709 [HikariPool-1 housekeeper] DEBUG [N/A] [N/A] com.zaxxer.hikari.pool.HikariPool - HikariPool-1 - After cleanup  stats (total=5, active=0, idle=5, waiting=0)
2026-03-24 15:18:58.709 [HikariPool-1 housekeeper] DEBUG [N/A] [N/A] com.zaxxer.hikari.pool.HikariPool - HikariPool-1 - Fill pool skipped, pool has sufficient level or currently being filled.
2026-03-24 15:19:28.715 [HikariPool-1 housekeeper] DEBUG [N/A] [N/A] com.zaxxer.hikari.pool.HikariPool - HikariPool-1 - Before cleanup stats (total=5, active=0, idle=5, waiting=0)
2026-03-24 15:19:28.716 [HikariPool-1 housekeeper] DEBUG [N/A] [N/A] com.zaxxer.hikari.pool.HikariPool - HikariPool-1 - After cleanup  stats (total=5, active=0, idle=5, waiting=0)
2026-03-24 15:19:28.717 [HikariPool-1 housekeeper] DEBUG [N/A] [N/A] com.zaxxer.hikari.pool.HikariPool - HikariPool-1 - Fill pool skipped, pool has sufficient level or currently being filled.
2026-03-24 15:19:58.723 [HikariPool-1 housekeeper] DEBUG [N/A] [N/A] com.zaxxer.hikari.pool.HikariPool - HikariPool-1 - Before cleanup stats (total=5, active=0, idle=5, waiting=0)
2026-03-24 15:19:58.724 [HikariPool-1 housekeeper] DEBUG [N/A] [N/A] com.zaxxer.hikari.pool.HikariPool - HikariPool-1 - After cleanup  stats (total=5, active=0, idle=5, waiting=0)
2026-03-24 15:19:58.725 [HikariPool-1 housekeeper] DEBUG [N/A] [N/A] com.zaxxer.hikari.pool.HikariPool - HikariPool-1 - Fill pool skipped, pool has sufficient level or currently being filled.
2026-03-24 15:20:28.727 [HikariPool-1 housekeeper] DEBUG [N/A] [N/A] com.zaxxer.hikari.pool.HikariPool - HikariPool-1 - Before cleanup stats (total=5, active=0, idle=5, waiting=0)
2026-03-24 15:20:28.727 [HikariPool-1 housekeeper] DEBUG [N/A] [N/A] com.zaxxer.hikari.pool.HikariPool - HikariPool-1 - After cleanup  stats (total=5, active=0, idle=5, waiting=0)
2026-03-24 15:20:28.727 [HikariPool-1 housekeeper] DEBUG [N/A] [N/A] com.zaxxer.hikari.pool.HikariPool - HikariPool-1 - Fill pool skipped, pool has sufficient level or currently being filled.
2026-03-24 15:20:58.729 [HikariPool-1 housekeeper] DEBUG [N/A] [N/A] com.zaxxer.hikari.pool.HikariPool - HikariPool-1 - Before cleanup stats (total=5, active=0, idle=5, waiting=0)
2026-03-24 15:20:58.730 [HikariPool-1 housekeeper] DEBUG [N/A] [N/A] com.zaxxer.hikari.pool.HikariPool - HikariPool-1 - After cleanup  stats (total=5, active=0, idle=5, waiting=0)
2026-03-24 15:20:58.730 [HikariPool-1 housekeeper] DEBUG [N/A] [N/A] com.zaxxer.hikari.pool.HikariPool - HikariPool-1 - Fill pool skipped, pool has sufficient level or currently being filled.
2026-03-24 15:21:28.731 [HikariPool-1 housekeeper] DEBUG [N/A] [N/A] com.zaxxer.hikari.pool.HikariPool - HikariPool-1 - Before cleanup stats (total=5, active=0, idle=5, waiting=0)
2026-03-24 15:21:28.731 [HikariPool-1 housekeeper] DEBUG [N/A] [N/A] com.zaxxer.hikari.pool.HikariPool - HikariPool-1 - After cleanup  stats (total=5, active=0, idle=5, waiting=0)
2026-03-24 15:21:28.731 [HikariPool-1 housekeeper] DEBUG [N/A] [N/A] com.zaxxer.hikari.pool.HikariPool - HikariPool-1 - Fill pool skipped, pool has sufficient level or currently being filled.
2026-03-24 15:21:58.737 [HikariPool-1 housekeeper] DEBUG [N/A] [N/A] com.zaxxer.hikari.pool.HikariPool - HikariPool-1 - Before cleanup stats (total=5, active=0, idle=5, waiting=0)
2026-03-24 15:21:58.737 [HikariPool-1 housekeeper] DEBUG [N/A] [N/A] com.zaxxer.hikari.pool.HikariPool - HikariPool-1 - After cleanup  stats (total=5, active=0, idle=5, waiting=0)
2026-03-24 15:21:58.737 [HikariPool-1 housekeeper] DEBUG [N/A] [N/A] com.zaxxer.hikari.pool.HikariPool - HikariPool-1 - Fill pool skipped, pool has sufficient level or currently being filled.
2026-03-24 15:22:28.743 [HikariPool-1 housekeeper] DEBUG [N/A] [N/A] com.zaxxer.hikari.pool.HikariPool - HikariPool-1 - Before cleanup stats (total=5, active=0, idle=5, waiting=0)
2026-03-24 15:22:28.743 [HikariPool-1 housekeeper] DEBUG [N/A] [N/A] com.zaxxer.hikari.pool.HikariPool - HikariPool-1 - After cleanup  stats (total=5, active=0, idle=5, waiting=0)
2026-03-24 15:22:28.743 [HikariPool-1 housekeeper] DEBUG [N/A] [N/A] com.zaxxer.hikari.pool.HikariPool - HikariPool-1 - Fill pool skipped, pool has sufficient level or currently being filled.
2026-03-24 15:22:58.749 [HikariPool-1 housekeeper] DEBUG [N/A] [N/A] com.zaxxer.hikari.pool.HikariPool - HikariPool-1 - Before cleanup stats (total=5, active=0, idle=5, waiting=0)
2026-03-24 15:22:58.749 [HikariPool-1 housekeeper] DEBUG [N/A] [N/A] com.zaxxer.hikari.pool.HikariPool - HikariPool-1 - After cleanup  stats (total=5, active=0, idle=5, waiting=0)
2026-03-24 15:22:58.749 [HikariPool-1 housekeeper] DEBUG [N/A] [N/A] com.zaxxer.hikari.pool.HikariPool - HikariPool-1 - Fill pool skipped, pool has sufficient level or currently being filled.
2026-03-24 15:23:28.750 [HikariPool-1 housekeeper] DEBUG [N/A] [N/A] com.zaxxer.hikari.pool.HikariPool - HikariPool-1 - Before cleanup stats (total=5, active=0, idle=5, waiting=0)
2026-03-24 15:23:28.750 [HikariPool-1 housekeeper] DEBUG [N/A] [N/A] com.zaxxer.hikari.pool.HikariPool - HikariPool-1 - After cleanup  stats (total=5, active=0, idle=5, waiting=0)
2026-03-24 15:23:28.750 [HikariPool-1 housekeeper] DEBUG [N/A] [N/A] com.zaxxer.hikari.pool.HikariPool - HikariPool-1 - Fill pool skipped, pool has sufficient level or currently being filled.
2026-03-24 15:23:58.753 [HikariPool-1 housekeeper] DEBUG [N/A] [N/A] com.zaxxer.hikari.pool.HikariPool - HikariPool-1 - Before cleanup stats (total=5, active=0, idle=5, waiting=0)
2026-03-24 15:23:58.753 [HikariPool-1 housekeeper] DEBUG [N/A] [N/A] com.zaxxer.hikari.pool.HikariPool - HikariPool-1 - After cleanup  stats (total=5, active=0, idle=5, waiting=0)
2026-03-24 15:23:58.755 [HikariPool-1 housekeeper] DEBUG [N/A] [N/A] com.zaxxer.hikari.pool.HikariPool - HikariPool-1 - Fill pool skipped, pool has sufficient level or currently being filled.
2026-03-24 15:24:28.756 [HikariPool-1 housekeeper] DEBUG [N/A] [N/A] com.zaxxer.hikari.pool.HikariPool - HikariPool-1 - Before cleanup stats (total=5, active=0, idle=5, waiting=0)
2026-03-24 15:24:28.757 [HikariPool-1 housekeeper] DEBUG [N/A] [N/A] com.zaxxer.hikari.pool.HikariPool - HikariPool-1 - After cleanup  stats (total=5, active=0, idle=5, waiting=0)
2026-03-24 15:24:28.757 [HikariPool-1 housekeeper] DEBUG [N/A] [N/A] com.zaxxer.hikari.pool.HikariPool - HikariPool-1 - Fill pool skipped, pool has sufficient level or currently being filled.
2026-03-24 15:24:58.762 [HikariPool-1 housekeeper] DEBUG [N/A] [N/A] com.zaxxer.hikari.pool.HikariPool - HikariPool-1 - Before cleanup stats (total=5, active=0, idle=5, waiting=0)
2026-03-24 15:24:58.762 [HikariPool-1 housekeeper] DEBUG [N/A] [N/A] com.zaxxer.hikari.pool.HikariPool - HikariPool-1 - After cleanup  stats (total=5, active=0, idle=5, waiting=0)
2026-03-24 15:24:58.762 [HikariPool-1 housekeeper] DEBUG [N/A] [N/A] com.zaxxer.hikari.pool.HikariPool - HikariPool-1 - Fill pool skipped, pool has sufficient level or currently being filled.
2026-03-24 15:25:28.764 [HikariPool-1 housekeeper] DEBUG [N/A] [N/A] com.zaxxer.hikari.pool.HikariPool - HikariPool-1 - Before cleanup stats (total=5, active=0, idle=5, waiting=0)
2026-03-24 15:25:28.764 [HikariPool-1 housekeeper] DEBUG [N/A] [N/A] com.zaxxer.hikari.pool.HikariPool - HikariPool-1 - After cleanup  stats (total=5, active=0, idle=5, waiting=0)
2026-03-24 15:25:28.764 [HikariPool-1 housekeeper] DEBUG [N/A] [N/A] com.zaxxer.hikari.pool.HikariPool - HikariPool-1 - Fill pool skipped, pool has sufficient level or currently being filled.
2026-03-24 15:25:35.119 [HikariPool-1 connection closer] DEBUG [N/A] [N/A] com.zaxxer.hikari.pool.PoolBase - HikariPool-1 - Closing connection org.postgresql.jdbc.PgConnection@1cb197a2: (connection has passed maxLifetime)
2026-03-24 15:25:35.450 [HikariPool-1 connection adder] DEBUG [N/A] [N/A] com.zaxxer.hikari.pool.HikariPool - HikariPool-1 - Added connection org.postgresql.jdbc.PgConnection@5ed838b1
2026-03-24 15:25:35.485 [HikariPool-1 connection adder] DEBUG [N/A] [N/A] com.zaxxer.hikari.pool.HikariPool - HikariPool-1 - Connection not added, stats (total=5, active=0, idle=5, waiting=0)
2026-03-24 15:25:58.770 [HikariPool-1 housekeeper] DEBUG [N/A] [N/A] com.zaxxer.hikari.pool.HikariPool - HikariPool-1 - Before cleanup stats (total=5, active=0, idle=5, waiting=0)
2026-03-24 15:25:58.770 [HikariPool-1 housekeeper] DEBUG [N/A] [N/A] com.zaxxer.hikari.pool.HikariPool - HikariPool-1 - After cleanup  stats (total=5, active=0, idle=5, waiting=0)
2026-03-24 15:25:58.772 [HikariPool-1 housekeeper] DEBUG [N/A] [N/A] com.zaxxer.hikari.pool.HikariPool - HikariPool-1 - Fill pool skipped, pool has sufficient level or currently being filled.
2026-03-24 15:26:10.648 [HikariPool-1 connection closer] DEBUG [N/A] [N/A] com.zaxxer.hikari.pool.PoolBase - HikariPool-1 - Closing connection org.postgresql.jdbc.PgConnection@54c93e26: (connection has passed maxLifetime)
2026-03-24 15:26:10.855 [HikariPool-1 connection adder] DEBUG [N/A] [N/A] com.zaxxer.hikari.pool.HikariPool - HikariPool-1 - Added connection org.postgresql.jdbc.PgConnection@1e0c2597
2026-03-24 15:26:10.887 [HikariPool-1 connection adder] DEBUG [N/A] [N/A] com.zaxxer.hikari.pool.HikariPool - HikariPool-1 - Connection not added, stats (total=5, active=0, idle=5, waiting=0)
2026-03-24 15:26:11.882 [HikariPool-1 connection closer] DEBUG [N/A] [N/A] com.zaxxer.hikari.pool.PoolBase - HikariPool-1 - Closing connection org.postgresql.jdbc.PgConnection@17d178fc: (connection has passed maxLifetime)
2026-03-24 15:26:12.185 [HikariPool-1 connection adder] DEBUG [N/A] [N/A] com.zaxxer.hikari.pool.HikariPool - HikariPool-1 - Added connection org.postgresql.jdbc.PgConnection@10cbc826
2026-03-24 15:26:12.217 [HikariPool-1 connection adder] DEBUG [N/A] [N/A] com.zaxxer.hikari.pool.HikariPool - HikariPool-1 - Connection not added, stats (total=5, active=0, idle=5, waiting=0)
2026-03-24 15:26:28.774 [HikariPool-1 housekeeper] DEBUG [N/A] [N/A] com.zaxxer.hikari.pool.HikariPool - HikariPool-1 - Before cleanup stats (total=5, active=0, idle=5, waiting=0)
2026-03-24 15:26:28.775 [HikariPool-1 housekeeper] DEBUG [N/A] [N/A] com.zaxxer.hikari.pool.HikariPool - HikariPool-1 - After cleanup  stats (total=5, active=0, idle=5, waiting=0)
2026-03-24 15:26:28.775 [HikariPool-1 housekeeper] DEBUG [N/A] [N/A] com.zaxxer.hikari.pool.HikariPool - HikariPool-1 - Fill pool skipped, pool has sufficient level or currently being filled.
2026-03-24 15:26:49.900 [HikariPool-1 connection closer] DEBUG [N/A] [N/A] com.zaxxer.hikari.pool.PoolBase - HikariPool-1 - Closing connection org.postgresql.jdbc.PgConnection@74db158c: (connection has passed maxLifetime)
2026-03-24 15:26:50.117 [HikariPool-1 connection adder] DEBUG [N/A] [N/A] com.zaxxer.hikari.pool.HikariPool - HikariPool-1 - Added connection org.postgresql.jdbc.PgConnection@14d2fbe3
2026-03-24 15:26:50.152 [HikariPool-1 connection adder] DEBUG [N/A] [N/A] com.zaxxer.hikari.pool.HikariPool - HikariPool-1 - Connection not added, stats (total=5, active=0, idle=5, waiting=0)
2026-03-24 15:26:58.780 [HikariPool-1 housekeeper] DEBUG [N/A] [N/A] com.zaxxer.hikari.pool.HikariPool - HikariPool-1 - Before cleanup stats (total=5, active=0, idle=5, waiting=0)
2026-03-24 15:26:58.780 [HikariPool-1 housekeeper] DEBUG [N/A] [N/A] com.zaxxer.hikari.pool.HikariPool - HikariPool-1 - After cleanup  stats (total=5, active=0, idle=5, waiting=0)
2026-03-24 15:26:58.780 [HikariPool-1 housekeeper] DEBUG [N/A] [N/A] com.zaxxer.hikari.pool.HikariPool - HikariPool-1 - Fill pool skipped, pool has sufficient level or currently being filled.
2026-03-24 15:27:28.781 [HikariPool-1 housekeeper] DEBUG [N/A] [N/A] com.zaxxer.hikari.pool.HikariPool - HikariPool-1 - Before cleanup stats (total=5, active=0, idle=5, waiting=0)
2026-03-24 15:27:28.781 [HikariPool-1 housekeeper] DEBUG [N/A] [N/A] com.zaxxer.hikari.pool.HikariPool - HikariPool-1 - After cleanup  stats (total=5, active=0, idle=5, waiting=0)
2026-03-24 15:27:28.781 [HikariPool-1 housekeeper] DEBUG [N/A] [N/A] com.zaxxer.hikari.pool.HikariPool - HikariPool-1 - Fill pool skipped, pool has sufficient level or currently being filled.
2026-03-24 15:27:36.235 [HikariPool-1 connection closer] DEBUG [N/A] [N/A] com.zaxxer.hikari.pool.PoolBase - HikariPool-1 - Closing connection org.postgresql.jdbc.PgConnection@239f1e11: (connection has passed maxLifetime)
2026-03-24 15:27:36.614 [HikariPool-1 connection adder] DEBUG [N/A] [N/A] com.zaxxer.hikari.pool.HikariPool - HikariPool-1 - Added connection org.postgresql.jdbc.PgConnection@d1e3d98
2026-03-24 15:27:36.649 [HikariPool-1 connection adder] DEBUG [N/A] [N/A] com.zaxxer.hikari.pool.HikariPool - HikariPool-1 - Connection not added, stats (total=5, active=0, idle=5, waiting=0)
2026-03-24 15:27:58.785 [HikariPool-1 housekeeper] DEBUG [N/A] [N/A] com.zaxxer.hikari.pool.HikariPool - HikariPool-1 - Before cleanup stats (total=5, active=0, idle=5, waiting=0)
2026-03-24 15:27:58.785 [HikariPool-1 housekeeper] DEBUG [N/A] [N/A] com.zaxxer.hikari.pool.HikariPool - HikariPool-1 - After cleanup  stats (total=5, active=0, idle=5, waiting=0)
2026-03-24 15:27:58.785 [HikariPool-1 housekeeper] DEBUG [N/A] [N/A] com.zaxxer.hikari.pool.HikariPool - HikariPool-1 - Fill pool skipped, pool has sufficient level or currently being filled.
2026-03-24 15:28:28.790 [HikariPool-1 housekeeper] DEBUG [N/A] [N/A] com.zaxxer.hikari.pool.HikariPool - HikariPool-1 - Before cleanup stats (total=5, active=0, idle=5, waiting=0)
2026-03-24 15:28:28.791 [HikariPool-1 housekeeper] DEBUG [N/A] [N/A] com.zaxxer.hikari.pool.HikariPool - HikariPool-1 - After cleanup  stats (total=5, active=0, idle=5, waiting=0)
2026-03-24 15:28:28.791 [HikariPool-1 housekeeper] DEBUG [N/A] [N/A] com.zaxxer.hikari.pool.HikariPool - HikariPool-1 - Fill pool skipped, pool has sufficient level or currently being filled.
2026-03-24 15:28:58.795 [HikariPool-1 housekeeper] DEBUG [N/A] [N/A] com.zaxxer.hikari.pool.HikariPool - HikariPool-1 - Before cleanup stats (total=5, active=0, idle=5, waiting=0)
2026-03-24 15:28:58.796 [HikariPool-1 housekeeper] DEBUG [N/A] [N/A] com.zaxxer.hikari.pool.HikariPool - HikariPool-1 - After cleanup  stats (total=5, active=0, idle=5, waiting=0)
2026-03-24 15:28:58.797 [HikariPool-1 housekeeper] DEBUG [N/A] [N/A] com.zaxxer.hikari.pool.HikariPool - HikariPool-1 - Fill pool skipped, pool has sufficient level or currently being filled.
2026-03-24 15:29:28.802 [HikariPool-1 housekeeper] DEBUG [N/A] [N/A] com.zaxxer.hikari.pool.HikariPool - HikariPool-1 - Before cleanup stats (total=5, active=0, idle=5, waiting=0)
2026-03-24 15:29:28.803 [HikariPool-1 housekeeper] DEBUG [N/A] [N/A] com.zaxxer.hikari.pool.HikariPool - HikariPool-1 - After cleanup  stats (total=5, active=0, idle=5, waiting=0)
2026-03-24 15:29:28.803 [HikariPool-1 housekeeper] DEBUG [N/A] [N/A] com.zaxxer.hikari.pool.HikariPool - HikariPool-1 - Fill pool skipped, pool has sufficient level or currently being filled.
2026-03-24 15:29:58.809 [HikariPool-1 housekeeper] DEBUG [N/A] [N/A] com.zaxxer.hikari.pool.HikariPool - HikariPool-1 - Before cleanup stats (total=5, active=0, idle=5, waiting=0)
2026-03-24 15:29:58.811 [HikariPool-1 housekeeper] DEBUG [N/A] [N/A] com.zaxxer.hikari.pool.HikariPool - HikariPool-1 - After cleanup  stats (total=5, active=0, idle=5, waiting=0)
2026-03-24 15:29:58.812 [HikariPool-1 housekeeper] DEBUG [N/A] [N/A] com.zaxxer.hikari.pool.HikariPool - HikariPool-1 - Fill pool skipped, pool has sufficient level or currently being filled.
2026-03-24 15:30:28.809 [HikariPool-1 housekeeper] DEBUG [N/A] [N/A] com.zaxxer.hikari.pool.HikariPool - HikariPool-1 - Before cleanup stats (total=5, active=0, idle=5, waiting=0)
2026-03-24 15:30:28.811 [HikariPool-1 housekeeper] DEBUG [N/A] [N/A] com.zaxxer.hikari.pool.HikariPool - HikariPool-1 - After cleanup  stats (total=5, active=0, idle=5, waiting=0)
2026-03-24 15:30:28.811 [HikariPool-1 housekeeper] DEBUG [N/A] [N/A] com.zaxxer.hikari.pool.HikariPool - HikariPool-1 - Fill pool skipped, pool has sufficient level or currently being filled.
2026-03-24 15:30:58.808 [HikariPool-1 housekeeper] DEBUG [N/A] [N/A] com.zaxxer.hikari.pool.HikariPool - HikariPool-1 - Before cleanup stats (total=5, active=0, idle=5, waiting=0)
2026-03-24 15:30:58.808 [HikariPool-1 housekeeper] DEBUG [N/A] [N/A] com.zaxxer.hikari.pool.HikariPool - HikariPool-1 - After cleanup  stats (total=5, active=0, idle=5, waiting=0)
2026-03-24 15:30:58.808 [HikariPool-1 housekeeper] DEBUG [N/A] [N/A] com.zaxxer.hikari.pool.HikariPool - HikariPool-1 - Fill pool skipped, pool has sufficient level or currently being filled.
2026-03-24 15:31:28.814 [HikariPool-1 housekeeper] DEBUG [N/A] [N/A] com.zaxxer.hikari.pool.HikariPool - HikariPool-1 - Before cleanup stats (total=5, active=0, idle=5, waiting=0)
2026-03-24 15:31:28.815 [HikariPool-1 housekeeper] DEBUG [N/A] [N/A] com.zaxxer.hikari.pool.HikariPool - HikariPool-1 - After cleanup  stats (total=5, active=0, idle=5, waiting=0)
2026-03-24 15:31:28.815 [HikariPool-1 housekeeper] DEBUG [N/A] [N/A] com.zaxxer.hikari.pool.HikariPool - HikariPool-1 - Fill pool skipped, pool has sufficient level or currently being filled.
2026-03-24 15:31:58.822 [HikariPool-1 housekeeper] DEBUG [N/A] [N/A] com.zaxxer.hikari.pool.HikariPool - HikariPool-1 - Before cleanup stats (total=5, active=0, idle=5, waiting=0)
2026-03-24 15:31:58.822 [HikariPool-1 housekeeper] DEBUG [N/A] [N/A] com.zaxxer.hikari.pool.HikariPool - HikariPool-1 - After cleanup  stats (total=5, active=0, idle=5, waiting=0)
2026-03-24 15:31:58.822 [HikariPool-1 housekeeper] DEBUG [N/A] [N/A] com.zaxxer.hikari.pool.HikariPool - HikariPool-1 - Fill pool skipped, pool has sufficient level or currently being filled.
2026-03-24 15:32:28.825 [HikariPool-1 housekeeper] DEBUG [N/A] [N/A] com.zaxxer.hikari.pool.HikariPool - HikariPool-1 - Before cleanup stats (total=5, active=0, idle=5, waiting=0)
2026-03-24 15:32:28.826 [HikariPool-1 housekeeper] DEBUG [N/A] [N/A] com.zaxxer.hikari.pool.HikariPool - HikariPool-1 - After cleanup  stats (total=5, active=0, idle=5, waiting=0)
2026-03-24 15:32:28.827 [HikariPool-1 housekeeper] DEBUG [N/A] [N/A] com.zaxxer.hikari.pool.HikariPool - HikariPool-1 - Fill pool skipped, pool has sufficient level or currently being filled.
2026-03-24 15:32:58.833 [HikariPool-1 housekeeper] DEBUG [N/A] [N/A] com.zaxxer.hikari.pool.HikariPool - HikariPool-1 - Before cleanup stats (total=5, active=0, idle=5, waiting=0)
2026-03-24 15:32:58.834 [HikariPool-1 housekeeper] DEBUG [N/A] [N/A] com.zaxxer.hikari.pool.HikariPool - HikariPool-1 - After cleanup  stats (total=5, active=0, idle=5, waiting=0)
2026-03-24 15:32:58.834 [HikariPool-1 housekeeper] DEBUG [N/A] [N/A] com.zaxxer.hikari.pool.HikariPool - HikariPool-1 - Fill pool skipped, pool has sufficient level or currently being filled.
2026-03-24 15:33:28.838 [HikariPool-1 housekeeper] DEBUG [N/A] [N/A] com.zaxxer.hikari.pool.HikariPool - HikariPool-1 - Before cleanup stats (total=5, active=0, idle=5, waiting=0)
2026-03-24 15:33:28.838 [HikariPool-1 housekeeper] DEBUG [N/A] [N/A] com.zaxxer.hikari.pool.HikariPool - HikariPool-1 - After cleanup  stats (total=5, active=0, idle=5, waiting=0)
2026-03-24 15:33:28.839 [HikariPool-1 housekeeper] DEBUG [N/A] [N/A] com.zaxxer.hikari.pool.HikariPool - HikariPool-1 - Fill pool skipped, pool has sufficient level or currently being filled.
2026-03-24 15:33:58.841 [HikariPool-1 housekeeper] DEBUG [N/A] [N/A] com.zaxxer.hikari.pool.HikariPool - HikariPool-1 - Before cleanup stats (total=5, active=0, idle=5, waiting=0)
2026-03-24 15:33:58.842 [HikariPool-1 housekeeper] DEBUG [N/A] [N/A] com.zaxxer.hikari.pool.HikariPool - HikariPool-1 - After cleanup  stats (total=5, active=0, idle=5, waiting=0)
2026-03-24 15:33:58.842 [HikariPool-1 housekeeper] DEBUG [N/A] [N/A] com.zaxxer.hikari.pool.HikariPool - HikariPool-1 - Fill pool skipped, pool has sufficient level or currently being filled.
2026-03-24 15:34:28.846 [HikariPool-1 housekeeper] DEBUG [N/A] [N/A] com.zaxxer.hikari.pool.HikariPool - HikariPool-1 - Before cleanup stats (total=5, active=0, idle=5, waiting=0)
2026-03-24 15:34:28.846 [HikariPool-1 housekeeper] DEBUG [N/A] [N/A] com.zaxxer.hikari.pool.HikariPool - HikariPool-1 - After cleanup  stats (total=5, active=0, idle=5, waiting=0)
2026-03-24 15:34:28.846 [HikariPool-1 housekeeper] DEBUG [N/A] [N/A] com.zaxxer.hikari.pool.HikariPool - HikariPool-1 - Fill pool skipped, pool has sufficient level or currently being filled.
2026-03-24 15:34:58.849 [HikariPool-1 housekeeper] DEBUG [N/A] [N/A] com.zaxxer.hikari.pool.HikariPool - HikariPool-1 - Before cleanup stats (total=5, active=0, idle=5, waiting=0)
2026-03-24 15:34:58.850 [HikariPool-1 housekeeper] DEBUG [N/A] [N/A] com.zaxxer.hikari.pool.HikariPool - HikariPool-1 - After cleanup  stats (total=5, active=0, idle=5, waiting=0)
2026-03-24 15:34:58.850 [HikariPool-1 housekeeper] DEBUG [N/A] [N/A] com.zaxxer.hikari.pool.HikariPool - HikariPool-1 - Fill pool skipped, pool has sufficient level or currently being filled.
2026-03-24 15:35:28.901 [HikariPool-1 housekeeper] DEBUG [N/A] [N/A] com.zaxxer.hikari.pool.HikariPool - HikariPool-1 - Before cleanup stats (total=5, active=0, idle=5, waiting=0)
2026-03-24 15:35:28.904 [HikariPool-1 housekeeper] DEBUG [N/A] [N/A] com.zaxxer.hikari.pool.HikariPool - HikariPool-1 - After cleanup  stats (total=5, active=0, idle=5, waiting=0)
2026-03-24 15:35:28.905 [HikariPool-1 housekeeper] DEBUG [N/A] [N/A] com.zaxxer.hikari.pool.HikariPool - HikariPool-1 - Fill pool skipped, pool has sufficient level or currently being filled.
2026-03-24 15:35:58.909 [HikariPool-1 housekeeper] DEBUG [N/A] [N/A] com.zaxxer.hikari.pool.HikariPool - HikariPool-1 - Before cleanup stats (total=5, active=0, idle=5, waiting=0)
2026-03-24 15:35:58.910 [HikariPool-1 housekeeper] DEBUG [N/A] [N/A] com.zaxxer.hikari.pool.HikariPool - HikariPool-1 - After cleanup  stats (total=5, active=0, idle=5, waiting=0)
2026-03-24 15:35:58.910 [HikariPool-1 housekeeper] DEBUG [N/A] [N/A] com.zaxxer.hikari.pool.HikariPool - HikariPool-1 - Fill pool skipped, pool has sufficient level or currently being filled.
2026-03-24 15:36:28.913 [HikariPool-1 housekeeper] DEBUG [N/A] [N/A] com.zaxxer.hikari.pool.HikariPool - HikariPool-1 - Before cleanup stats (total=5, active=0, idle=5, waiting=0)
2026-03-24 15:36:28.915 [HikariPool-1 housekeeper] DEBUG [N/A] [N/A] com.zaxxer.hikari.pool.HikariPool - HikariPool-1 - After cleanup  stats (total=5, active=0, idle=5, waiting=0)
2026-03-24 15:36:28.915 [HikariPool-1 housekeeper] DEBUG [N/A] [N/A] com.zaxxer.hikari.pool.HikariPool - HikariPool-1 - Fill pool skipped, pool has sufficient level or currently being filled.
2026-03-24 15:36:58.919 [HikariPool-1 housekeeper] DEBUG [N/A] [N/A] com.zaxxer.hikari.pool.HikariPool - HikariPool-1 - Before cleanup stats (total=5, active=0, idle=5, waiting=0)
2026-03-24 15:36:58.920 [HikariPool-1 housekeeper] DEBUG [N/A] [N/A] com.zaxxer.hikari.pool.HikariPool - HikariPool-1 - After cleanup  stats (total=5, active=0, idle=5, waiting=0)
2026-03-24 15:36:58.920 [HikariPool-1 housekeeper] DEBUG [N/A] [N/A] com.zaxxer.hikari.pool.HikariPool - HikariPool-1 - Fill pool skipped, pool has sufficient level or currently being filled.
2026-03-24 15:37:28.922 [HikariPool-1 housekeeper] DEBUG [N/A] [N/A] com.zaxxer.hikari.pool.HikariPool - HikariPool-1 - Before cleanup stats (total=5, active=0, idle=5, waiting=0)
2026-03-24 15:37:28.922 [HikariPool-1 housekeeper] DEBUG [N/A] [N/A] com.zaxxer.hikari.pool.HikariPool - HikariPool-1 - After cleanup  stats (total=5, active=0, idle=5, waiting=0)
2026-03-24 15:37:28.922 [HikariPool-1 housekeeper] DEBUG [N/A] [N/A] com.zaxxer.hikari.pool.HikariPool - HikariPool-1 - Fill pool skipped, pool has sufficient level or currently being filled.
2026-03-24 15:37:58.928 [HikariPool-1 housekeeper] DEBUG [N/A] [N/A] com.zaxxer.hikari.pool.HikariPool - HikariPool-1 - Before cleanup stats (total=5, active=0, idle=5, waiting=0)
2026-03-24 15:37:58.928 [HikariPool-1 housekeeper] DEBUG [N/A] [N/A] com.zaxxer.hikari.pool.HikariPool - HikariPool-1 - After cleanup  stats (total=5, active=0, idle=5, waiting=0)
2026-03-24 15:37:58.928 [HikariPool-1 housekeeper] DEBUG [N/A] [N/A] com.zaxxer.hikari.pool.HikariPool - HikariPool-1 - Fill pool skipped, pool has sufficient level or currently being filled.
2026-03-24 15:38:28.932 [HikariPool-1 housekeeper] DEBUG [N/A] [N/A] com.zaxxer.hikari.pool.HikariPool - HikariPool-1 - Before cleanup stats (total=5, active=0, idle=5, waiting=0)
2026-03-24 15:38:28.933 [HikariPool-1 housekeeper] DEBUG [N/A] [N/A] com.zaxxer.hikari.pool.HikariPool - HikariPool-1 - After cleanup  stats (total=5, active=0, idle=5, waiting=0)
2026-03-24 15:38:28.933 [HikariPool-1 housekeeper] DEBUG [N/A] [N/A] com.zaxxer.hikari.pool.HikariPool - HikariPool-1 - Fill pool skipped, pool has sufficient level or currently being filled.
2026-03-24 15:38:58.939 [HikariPool-1 housekeeper] DEBUG [N/A] [N/A] com.zaxxer.hikari.pool.HikariPool - HikariPool-1 - Before cleanup stats (total=5, active=0, idle=5, waiting=0)
2026-03-24 15:38:58.941 [HikariPool-1 housekeeper] DEBUG [N/A] [N/A] com.zaxxer.hikari.pool.HikariPool - HikariPool-1 - After cleanup  stats (total=5, active=0, idle=5, waiting=0)
2026-03-24 15:38:58.941 [HikariPool-1 housekeeper] DEBUG [N/A] [N/A] com.zaxxer.hikari.pool.HikariPool - HikariPool-1 - Fill pool skipped, pool has sufficient level or currently being filled.
2026-03-24 15:39:28.945 [HikariPool-1 housekeeper] DEBUG [N/A] [N/A] com.zaxxer.hikari.pool.HikariPool - HikariPool-1 - Before cleanup stats (total=5, active=0, idle=5, waiting=0)
2026-03-24 15:39:28.945 [HikariPool-1 housekeeper] DEBUG [N/A] [N/A] com.zaxxer.hikari.pool.HikariPool - HikariPool-1 - After cleanup  stats (total=5, active=0, idle=5, waiting=0)
2026-03-24 15:39:28.945 [HikariPool-1 housekeeper] DEBUG [N/A] [N/A] com.zaxxer.hikari.pool.HikariPool - HikariPool-1 - Fill pool skipped, pool has sufficient level or currently being filled.
2026-03-24 15:39:58.950 [HikariPool-1 housekeeper] DEBUG [N/A] [N/A] com.zaxxer.hikari.pool.HikariPool - HikariPool-1 - Before cleanup stats (total=5, active=0, idle=5, waiting=0)
2026-03-24 15:39:58.951 [HikariPool-1 housekeeper] DEBUG [N/A] [N/A] com.zaxxer.hikari.pool.HikariPool - HikariPool-1 - After cleanup  stats (total=5, active=0, idle=5, waiting=0)
2026-03-24 15:39:58.951 [HikariPool-1 housekeeper] DEBUG [N/A] [N/A] com.zaxxer.hikari.pool.HikariPool - HikariPool-1 - Fill pool skipped, pool has sufficient level or currently being filled.
2026-03-24 15:40:28.955 [HikariPool-1 housekeeper] DEBUG [N/A] [N/A] com.zaxxer.hikari.pool.HikariPool - HikariPool-1 - Before cleanup stats (total=5, active=0, idle=5, waiting=0)
2026-03-24 15:40:28.956 [HikariPool-1 housekeeper] DEBUG [N/A] [N/A] com.zaxxer.hikari.pool.HikariPool - HikariPool-1 - After cleanup  stats (total=5, active=0, idle=5, waiting=0)
2026-03-24 15:40:28.956 [HikariPool-1 housekeeper] DEBUG [N/A] [N/A] com.zaxxer.hikari.pool.HikariPool - HikariPool-1 - Fill pool skipped, pool has sufficient level or currently being filled.
2026-03-24 15:40:58.960 [HikariPool-1 housekeeper] DEBUG [N/A] [N/A] com.zaxxer.hikari.pool.HikariPool - HikariPool-1 - Before cleanup stats (total=5, active=0, idle=5, waiting=0)
2026-03-24 15:40:58.960 [HikariPool-1 housekeeper] DEBUG [N/A] [N/A] com.zaxxer.hikari.pool.HikariPool - HikariPool-1 - After cleanup  stats (total=5, active=0, idle=5, waiting=0)
2026-03-24 15:40:58.963 [HikariPool-1 housekeeper] DEBUG [N/A] [N/A] com.zaxxer.hikari.pool.HikariPool - HikariPool-1 - Fill pool skipped, pool has sufficient level or currently being filled.
2026-03-24 15:41:28.967 [HikariPool-1 housekeeper] DEBUG [N/A] [N/A] com.zaxxer.hikari.pool.HikariPool - HikariPool-1 - Before cleanup stats (total=5, active=0, idle=5, waiting=0)
2026-03-24 15:41:28.968 [HikariPool-1 housekeeper] DEBUG [N/A] [N/A] com.zaxxer.hikari.pool.HikariPool - HikariPool-1 - After cleanup  stats (total=5, active=0, idle=5, waiting=0)
2026-03-24 15:41:28.968 [HikariPool-1 housekeeper] DEBUG [N/A] [N/A] com.zaxxer.hikari.pool.HikariPool - HikariPool-1 - Fill pool skipped, pool has sufficient level or currently being filled.
2026-03-24 15:41:58.968 [HikariPool-1 housekeeper] DEBUG [N/A] [N/A] com.zaxxer.hikari.pool.HikariPool - HikariPool-1 - Before cleanup stats (total=5, active=0, idle=5, waiting=0)
2026-03-24 15:41:58.970 [HikariPool-1 housekeeper] DEBUG [N/A] [N/A] com.zaxxer.hikari.pool.HikariPool - HikariPool-1 - After cleanup  stats (total=5, active=0, idle=5, waiting=0)
2026-03-24 15:41:58.972 [HikariPool-1 housekeeper] DEBUG [N/A] [N/A] com.zaxxer.hikari.pool.HikariPool - HikariPool-1 - Fill pool skipped, pool has sufficient level or currently being filled.
2026-03-24 15:42:28.976 [HikariPool-1 housekeeper] DEBUG [N/A] [N/A] com.zaxxer.hikari.pool.HikariPool - HikariPool-1 - Before cleanup stats (total=5, active=0, idle=5, waiting=0)
2026-03-24 15:42:28.976 [HikariPool-1 housekeeper] DEBUG [N/A] [N/A] com.zaxxer.hikari.pool.HikariPool - HikariPool-1 - After cleanup  stats (total=5, active=0, idle=5, waiting=0)
2026-03-24 15:42:28.976 [HikariPool-1 housekeeper] DEBUG [N/A] [N/A] com.zaxxer.hikari.pool.HikariPool - HikariPool-1 - Fill pool skipped, pool has sufficient level or currently being filled.
2026-03-24 15:42:58.980 [HikariPool-1 housekeeper] DEBUG [N/A] [N/A] com.zaxxer.hikari.pool.HikariPool - HikariPool-1 - Before cleanup stats (total=5, active=0, idle=5, waiting=0)
2026-03-24 15:42:58.981 [HikariPool-1 housekeeper] DEBUG [N/A] [N/A] com.zaxxer.hikari.pool.HikariPool - HikariPool-1 - After cleanup  stats (total=5, active=0, idle=5, waiting=0)
2026-03-24 15:42:58.981 [HikariPool-1 housekeeper] DEBUG [N/A] [N/A] com.zaxxer.hikari.pool.HikariPool - HikariPool-1 - Fill pool skipped, pool has sufficient level or currently being filled.
2026-03-24 15:43:28.986 [HikariPool-1 housekeeper] DEBUG [N/A] [N/A] com.zaxxer.hikari.pool.HikariPool - HikariPool-1 - Before cleanup stats (total=5, active=0, idle=5, waiting=0)
2026-03-24 15:43:28.986 [HikariPool-1 housekeeper] DEBUG [N/A] [N/A] com.zaxxer.hikari.pool.HikariPool - HikariPool-1 - After cleanup  stats (total=5, active=0, idle=5, waiting=0)
2026-03-24 15:43:28.987 [HikariPool-1 housekeeper] DEBUG [N/A] [N/A] com.zaxxer.hikari.pool.HikariPool - HikariPool-1 - Fill pool skipped, pool has sufficient level or currently being filled.
2026-03-24 15:43:58.992 [HikariPool-1 housekeeper] DEBUG [N/A] [N/A] com.zaxxer.hikari.pool.HikariPool - HikariPool-1 - Before cleanup stats (total=5, active=0, idle=5, waiting=0)
2026-03-24 15:43:58.992 [HikariPool-1 housekeeper] DEBUG [N/A] [N/A] com.zaxxer.hikari.pool.HikariPool - HikariPool-1 - After cleanup  stats (total=5, active=0, idle=5, waiting=0)
2026-03-24 15:43:58.992 [HikariPool-1 housekeeper] DEBUG [N/A] [N/A] com.zaxxer.hikari.pool.HikariPool - HikariPool-1 - Fill pool skipped, pool has sufficient level or currently being filled.
2026-03-24 15:44:28.998 [HikariPool-1 housekeeper] DEBUG [N/A] [N/A] com.zaxxer.hikari.pool.HikariPool - HikariPool-1 - Before cleanup stats (total=5, active=0, idle=5, waiting=0)
2026-03-24 15:44:28.998 [HikariPool-1 housekeeper] DEBUG [N/A] [N/A] com.zaxxer.hikari.pool.HikariPool - HikariPool-1 - After cleanup  stats (total=5, active=0, idle=5, waiting=0)
2026-03-24 15:44:28.998 [HikariPool-1 housekeeper] DEBUG [N/A] [N/A] com.zaxxer.hikari.pool.HikariPool - HikariPool-1 - Fill pool skipped, pool has sufficient level or currently being filled.
2026-03-24 15:44:59.002 [HikariPool-1 housekeeper] DEBUG [N/A] [N/A] com.zaxxer.hikari.pool.HikariPool - HikariPool-1 - Before cleanup stats (total=5, active=0, idle=5, waiting=0)
2026-03-24 15:44:59.003 [HikariPool-1 housekeeper] DEBUG [N/A] [N/A] com.zaxxer.hikari.pool.HikariPool - HikariPool-1 - After cleanup  stats (total=5, active=0, idle=5, waiting=0)
2026-03-24 15:44:59.003 [HikariPool-1 housekeeper] DEBUG [N/A] [N/A] com.zaxxer.hikari.pool.HikariPool - HikariPool-1 - Fill pool skipped, pool has sufficient level or currently being filled.
2026-03-24 15:45:28.998 [HikariPool-1 housekeeper] DEBUG [N/A] [N/A] com.zaxxer.hikari.pool.HikariPool - HikariPool-1 - Before cleanup stats (total=5, active=0, idle=5, waiting=0)
2026-03-24 15:45:28.998 [HikariPool-1 housekeeper] DEBUG [N/A] [N/A] com.zaxxer.hikari.pool.HikariPool - HikariPool-1 - After cleanup  stats (total=5, active=0, idle=5, waiting=0)
2026-03-24 15:45:28.998 [HikariPool-1 housekeeper] DEBUG [N/A] [N/A] com.zaxxer.hikari.pool.HikariPool - HikariPool-1 - Fill pool skipped, pool has sufficient level or currently being filled.
2026-03-24 15:45:58.993 [HikariPool-1 housekeeper] DEBUG [N/A] [N/A] com.zaxxer.hikari.pool.HikariPool - HikariPool-1 - Before cleanup stats (total=5, active=0, idle=5, waiting=0)
2026-03-24 15:45:58.993 [HikariPool-1 housekeeper] DEBUG [N/A] [N/A] com.zaxxer.hikari.pool.HikariPool - HikariPool-1 - After cleanup  stats (total=5, active=0, idle=5, waiting=0)
2026-03-24 15:45:58.993 [HikariPool-1 housekeeper] DEBUG [N/A] [N/A] com.zaxxer.hikari.pool.HikariPool - HikariPool-1 - Fill pool skipped, pool has sufficient level or currently being filled.
2026-03-24 15:46:28.995 [HikariPool-1 housekeeper] DEBUG [N/A] [N/A] com.zaxxer.hikari.pool.HikariPool - HikariPool-1 - Before cleanup stats (total=5, active=0, idle=5, waiting=0)
2026-03-24 15:46:28.995 [HikariPool-1 housekeeper] DEBUG [N/A] [N/A] com.zaxxer.hikari.pool.HikariPool - HikariPool-1 - After cleanup  stats (total=5, active=0, idle=5, waiting=0)
2026-03-24 15:46:28.996 [HikariPool-1 housekeeper] DEBUG [N/A] [N/A] com.zaxxer.hikari.pool.HikariPool - HikariPool-1 - Fill pool skipped, pool has sufficient level or currently being filled.
2026-03-24 15:46:59.000 [HikariPool-1 housekeeper] DEBUG [N/A] [N/A] com.zaxxer.hikari.pool.HikariPool - HikariPool-1 - Before cleanup stats (total=5, active=0, idle=5, waiting=0)
2026-03-24 15:46:59.001 [HikariPool-1 housekeeper] DEBUG [N/A] [N/A] com.zaxxer.hikari.pool.HikariPool - HikariPool-1 - After cleanup  stats (total=5, active=0, idle=5, waiting=0)
2026-03-24 15:46:59.002 [HikariPool-1 housekeeper] DEBUG [N/A] [N/A] com.zaxxer.hikari.pool.HikariPool - HikariPool-1 - Fill pool skipped, pool has sufficient level or currently being filled.
2026-03-24 15:47:29.008 [HikariPool-1 housekeeper] DEBUG [N/A] [N/A] com.zaxxer.hikari.pool.HikariPool - HikariPool-1 - Before cleanup stats (total=5, active=0, idle=5, waiting=0)
2026-03-24 15:47:29.009 [HikariPool-1 housekeeper] DEBUG [N/A] [N/A] com.zaxxer.hikari.pool.HikariPool - HikariPool-1 - After cleanup  stats (total=5, active=0, idle=5, waiting=0)
2026-03-24 15:47:29.009 [HikariPool-1 housekeeper] DEBUG [N/A] [N/A] com.zaxxer.hikari.pool.HikariPool - HikariPool-1 - Fill pool skipped, pool has sufficient level or currently being filled.
2026-03-24 15:47:59.015 [HikariPool-1 housekeeper] DEBUG [N/A] [N/A] com.zaxxer.hikari.pool.HikariPool - HikariPool-1 - Before cleanup stats (total=5, active=0, idle=5, waiting=0)
2026-03-24 15:47:59.015 [HikariPool-1 housekeeper] DEBUG [N/A] [N/A] com.zaxxer.hikari.pool.HikariPool - HikariPool-1 - After cleanup  stats (total=5, active=0, idle=5, waiting=0)
2026-03-24 15:47:59.015 [HikariPool-1 housekeeper] DEBUG [N/A] [N/A] com.zaxxer.hikari.pool.HikariPool - HikariPool-1 - Fill pool skipped, pool has sufficient level or currently being filled.
2026-03-24 15:48:29.020 [HikariPool-1 housekeeper] DEBUG [N/A] [N/A] com.zaxxer.hikari.pool.HikariPool - HikariPool-1 - Before cleanup stats (total=5, active=0, idle=5, waiting=0)
2026-03-24 15:48:29.022 [HikariPool-1 housekeeper] DEBUG [N/A] [N/A] com.zaxxer.hikari.pool.HikariPool - HikariPool-1 - After cleanup  stats (total=5, active=0, idle=5, waiting=0)
2026-03-24 15:48:29.022 [HikariPool-1 housekeeper] DEBUG [N/A] [N/A] com.zaxxer.hikari.pool.HikariPool - HikariPool-1 - Fill pool skipped, pool has sufficient level or currently being filled.
2026-03-24 15:48:59.026 [HikariPool-1 housekeeper] DEBUG [N/A] [N/A] com.zaxxer.hikari.pool.HikariPool - HikariPool-1 - Before cleanup stats (total=5, active=0, idle=5, waiting=0)
2026-03-24 15:48:59.026 [HikariPool-1 housekeeper] DEBUG [N/A] [N/A] com.zaxxer.hikari.pool.HikariPool - HikariPool-1 - After cleanup  stats (total=5, active=0, idle=5, waiting=0)
2026-03-24 15:48:59.026 [HikariPool-1 housekeeper] DEBUG [N/A] [N/A] com.zaxxer.hikari.pool.HikariPool - HikariPool-1 - Fill pool skipped, pool has sufficient level or currently being filled.
2026-03-24 15:49:29.031 [HikariPool-1 housekeeper] DEBUG [N/A] [N/A] com.zaxxer.hikari.pool.HikariPool - HikariPool-1 - Before cleanup stats (total=5, active=0, idle=5, waiting=0)
2026-03-24 15:49:29.032 [HikariPool-1 housekeeper] DEBUG [N/A] [N/A] com.zaxxer.hikari.pool.HikariPool - HikariPool-1 - After cleanup  stats (total=5, active=0, idle=5, waiting=0)
2026-03-24 15:49:29.032 [HikariPool-1 housekeeper] DEBUG [N/A] [N/A] com.zaxxer.hikari.pool.HikariPool - HikariPool-1 - Fill pool skipped, pool has sufficient level or currently being filled.
2026-03-24 15:49:59.037 [HikariPool-1 housekeeper] DEBUG [N/A] [N/A] com.zaxxer.hikari.pool.HikariPool - HikariPool-1 - Before cleanup stats (total=5, active=0, idle=5, waiting=0)
2026-03-24 15:49:59.037 [HikariPool-1 housekeeper] DEBUG [N/A] [N/A] com.zaxxer.hikari.pool.HikariPool - HikariPool-1 - After cleanup  stats (total=5, active=0, idle=5, waiting=0)
2026-03-24 15:49:59.037 [HikariPool-1 housekeeper] DEBUG [N/A] [N/A] com.zaxxer.hikari.pool.HikariPool - HikariPool-1 - Fill pool skipped, pool has sufficient level or currently being filled.
2026-03-24 15:50:29.042 [HikariPool-1 housekeeper] DEBUG [N/A] [N/A] com.zaxxer.hikari.pool.HikariPool - HikariPool-1 - Before cleanup stats (total=5, active=0, idle=5, waiting=0)
2026-03-24 15:50:29.042 [HikariPool-1 housekeeper] DEBUG [N/A] [N/A] com.zaxxer.hikari.pool.HikariPool - HikariPool-1 - After cleanup  stats (total=5, active=0, idle=5, waiting=0)
2026-03-24 15:50:29.042 [HikariPool-1 housekeeper] DEBUG [N/A] [N/A] com.zaxxer.hikari.pool.HikariPool - HikariPool-1 - Fill pool skipped, pool has sufficient level or currently being filled.
2026-03-24 15:50:59.047 [HikariPool-1 housekeeper] DEBUG [N/A] [N/A] com.zaxxer.hikari.pool.HikariPool - HikariPool-1 - Before cleanup stats (total=5, active=0, idle=5, waiting=0)
2026-03-24 15:50:59.048 [HikariPool-1 housekeeper] DEBUG [N/A] [N/A] com.zaxxer.hikari.pool.HikariPool - HikariPool-1 - After cleanup  stats (total=5, active=0, idle=5, waiting=0)
2026-03-24 15:50:59.048 [HikariPool-1 housekeeper] DEBUG [N/A] [N/A] com.zaxxer.hikari.pool.HikariPool - HikariPool-1 - Fill pool skipped, pool has sufficient level or currently being filled.
2026-03-24 15:51:29.049 [HikariPool-1 housekeeper] DEBUG [N/A] [N/A] com.zaxxer.hikari.pool.HikariPool - HikariPool-1 - Before cleanup stats (total=5, active=0, idle=5, waiting=0)
2026-03-24 15:51:29.051 [HikariPool-1 housekeeper] DEBUG [N/A] [N/A] com.zaxxer.hikari.pool.HikariPool - HikariPool-1 - After cleanup  stats (total=5, active=0, idle=5, waiting=0)
2026-03-24 15:51:29.052 [HikariPool-1 housekeeper] DEBUG [N/A] [N/A] com.zaxxer.hikari.pool.HikariPool - HikariPool-1 - Fill pool skipped, pool has sufficient level or currently being filled.
2026-03-24 15:51:59.053 [HikariPool-1 housekeeper] DEBUG [N/A] [N/A] com.zaxxer.hikari.pool.HikariPool - HikariPool-1 - Before cleanup stats (total=5, active=0, idle=5, waiting=0)
2026-03-24 15:51:59.054 [HikariPool-1 housekeeper] DEBUG [N/A] [N/A] com.zaxxer.hikari.pool.HikariPool - HikariPool-1 - After cleanup  stats (total=5, active=0, idle=5, waiting=0)
2026-03-24 15:51:59.054 [HikariPool-1 housekeeper] DEBUG [N/A] [N/A] com.zaxxer.hikari.pool.HikariPool - HikariPool-1 - Fill pool skipped, pool has sufficient level or currently being filled.
2026-03-24 15:52:29.059 [HikariPool-1 housekeeper] DEBUG [N/A] [N/A] com.zaxxer.hikari.pool.HikariPool - HikariPool-1 - Before cleanup stats (total=5, active=0, idle=5, waiting=0)
2026-03-24 15:52:29.060 [HikariPool-1 housekeeper] DEBUG [N/A] [N/A] com.zaxxer.hikari.pool.HikariPool - HikariPool-1 - After cleanup  stats (total=5, active=0, idle=5, waiting=0)
2026-03-24 15:52:29.060 [HikariPool-1 housekeeper] DEBUG [N/A] [N/A] com.zaxxer.hikari.pool.HikariPool - HikariPool-1 - Fill pool skipped, pool has sufficient level or currently being filled.
2026-03-24 15:52:59.065 [HikariPool-1 housekeeper] DEBUG [N/A] [N/A] com.zaxxer.hikari.pool.HikariPool - HikariPool-1 - Before cleanup stats (total=5, active=0, idle=5, waiting=0)
2026-03-24 15:52:59.065 [HikariPool-1 housekeeper] DEBUG [N/A] [N/A] com.zaxxer.hikari.pool.HikariPool - HikariPool-1 - After cleanup  stats (total=5, active=0, idle=5, waiting=0)
2026-03-24 15:52:59.065 [HikariPool-1 housekeeper] DEBUG [N/A] [N/A] com.zaxxer.hikari.pool.HikariPool - HikariPool-1 - Fill pool skipped, pool has sufficient level or currently being filled.
2026-03-24 15:53:29.070 [HikariPool-1 housekeeper] DEBUG [N/A] [N/A] com.zaxxer.hikari.pool.HikariPool - HikariPool-1 - Before cleanup stats (total=5, active=0, idle=5, waiting=0)
2026-03-24 15:53:29.070 [HikariPool-1 housekeeper] DEBUG [N/A] [N/A] com.zaxxer.hikari.pool.HikariPool - HikariPool-1 - After cleanup  stats (total=5, active=0, idle=5, waiting=0)
2026-03-24 15:53:29.070 [HikariPool-1 housekeeper] DEBUG [N/A] [N/A] com.zaxxer.hikari.pool.HikariPool - HikariPool-1 - Fill pool skipped, pool has sufficient level or currently being filled.
2026-03-24 15:53:59.074 [HikariPool-1 housekeeper] DEBUG [N/A] [N/A] com.zaxxer.hikari.pool.HikariPool - HikariPool-1 - Before cleanup stats (total=5, active=0, idle=5, waiting=0)
2026-03-24 15:53:59.075 [HikariPool-1 housekeeper] DEBUG [N/A] [N/A] com.zaxxer.hikari.pool.HikariPool - HikariPool-1 - After cleanup  stats (total=5, active=0, idle=5, waiting=0)
2026-03-24 15:53:59.075 [HikariPool-1 housekeeper] DEBUG [N/A] [N/A] com.zaxxer.hikari.pool.HikariPool - HikariPool-1 - Fill pool skipped, pool has sufficient level or currently being filled.
2026-03-24 15:54:29.079 [HikariPool-1 housekeeper] DEBUG [N/A] [N/A] com.zaxxer.hikari.pool.HikariPool - HikariPool-1 - Before cleanup stats (total=5, active=0, idle=5, waiting=0)
2026-03-24 15:54:29.080 [HikariPool-1 housekeeper] DEBUG [N/A] [N/A] com.zaxxer.hikari.pool.HikariPool - HikariPool-1 - After cleanup  stats (total=5, active=0, idle=5, waiting=0)
2026-03-24 15:54:29.080 [HikariPool-1 housekeeper] DEBUG [N/A] [N/A] com.zaxxer.hikari.pool.HikariPool - HikariPool-1 - Fill pool skipped, pool has sufficient level or currently being filled.
2026-03-24 15:54:59.086 [HikariPool-1 housekeeper] DEBUG [N/A] [N/A] com.zaxxer.hikari.pool.HikariPool - HikariPool-1 - Before cleanup stats (total=5, active=0, idle=5, waiting=0)
2026-03-24 15:54:59.086 [HikariPool-1 housekeeper] DEBUG [N/A] [N/A] com.zaxxer.hikari.pool.HikariPool - HikariPool-1 - After cleanup  stats (total=5, active=0, idle=5, waiting=0)
2026-03-24 15:54:59.086 [HikariPool-1 housekeeper] DEBUG [N/A] [N/A] com.zaxxer.hikari.pool.HikariPool - HikariPool-1 - Fill pool skipped, pool has sufficient level or currently being filled.
2026-03-24 15:55:10.805 [HikariPool-1 connection closer] DEBUG [N/A] [N/A] com.zaxxer.hikari.pool.PoolBase - HikariPool-1 - Closing connection org.postgresql.jdbc.PgConnection@5ed838b1: (connection has passed maxLifetime)
2026-03-24 15:55:11.384 [HikariPool-1 connection adder] DEBUG [N/A] [N/A] com.zaxxer.hikari.pool.HikariPool - HikariPool-1 - Added connection org.postgresql.jdbc.PgConnection@4045ce3e
2026-03-24 15:55:11.418 [HikariPool-1 connection adder] DEBUG [N/A] [N/A] com.zaxxer.hikari.pool.HikariPool - HikariPool-1 - Connection not added, stats (total=5, active=0, idle=5, waiting=0)
2026-03-24 15:55:29.091 [HikariPool-1 housekeeper] DEBUG [N/A] [N/A] com.zaxxer.hikari.pool.HikariPool - HikariPool-1 - Before cleanup stats (total=5, active=0, idle=5, waiting=0)
2026-03-24 15:55:29.092 [HikariPool-1 housekeeper] DEBUG [N/A] [N/A] com.zaxxer.hikari.pool.HikariPool - HikariPool-1 - After cleanup  stats (total=5, active=0, idle=5, waiting=0)
2026-03-24 15:55:29.092 [HikariPool-1 housekeeper] DEBUG [N/A] [N/A] com.zaxxer.hikari.pool.HikariPool - HikariPool-1 - Fill pool skipped, pool has sufficient level or currently being filled.
2026-03-24 15:55:29.956 [HikariPool-1 connection closer] DEBUG [N/A] [N/A] com.zaxxer.hikari.pool.PoolBase - HikariPool-1 - Closing connection org.postgresql.jdbc.PgConnection@1e0c2597: (connection has passed maxLifetime)
2026-03-24 15:55:30.259 [HikariPool-1 connection adder] DEBUG [N/A] [N/A] com.zaxxer.hikari.pool.HikariPool - HikariPool-1 - Added connection org.postgresql.jdbc.PgConnection@25b5d729
2026-03-24 15:55:30.290 [HikariPool-1 connection adder] DEBUG [N/A] [N/A] com.zaxxer.hikari.pool.HikariPool - HikariPool-1 - Connection not added, stats (total=5, active=0, idle=5, waiting=0)
2026-03-24 15:55:59.096 [HikariPool-1 housekeeper] DEBUG [N/A] [N/A] com.zaxxer.hikari.pool.HikariPool - HikariPool-1 - Before cleanup stats (total=5, active=0, idle=5, waiting=0)
2026-03-24 15:55:59.098 [HikariPool-1 housekeeper] DEBUG [N/A] [N/A] com.zaxxer.hikari.pool.HikariPool - HikariPool-1 - After cleanup  stats (total=5, active=0, idle=5, waiting=0)
2026-03-24 15:55:59.098 [HikariPool-1 housekeeper] DEBUG [N/A] [N/A] com.zaxxer.hikari.pool.HikariPool - HikariPool-1 - Fill pool skipped, pool has sufficient level or currently being filled.
2026-03-24 15:56:07.586 [HikariPool-1 connection closer] DEBUG [N/A] [N/A] com.zaxxer.hikari.pool.PoolBase - HikariPool-1 - Closing connection org.postgresql.jdbc.PgConnection@10cbc826: (connection has passed maxLifetime)
2026-03-24 15:56:07.971 [HikariPool-1 connection adder] DEBUG [N/A] [N/A] com.zaxxer.hikari.pool.HikariPool - HikariPool-1 - Added connection org.postgresql.jdbc.PgConnection@22b0fc9b
2026-03-24 15:56:08.006 [HikariPool-1 connection adder] DEBUG [N/A] [N/A] com.zaxxer.hikari.pool.HikariPool - HikariPool-1 - Connection not added, stats (total=5, active=0, idle=5, waiting=0)
2026-03-24 15:56:29.102 [HikariPool-1 housekeeper] DEBUG [N/A] [N/A] com.zaxxer.hikari.pool.HikariPool - HikariPool-1 - Before cleanup stats (total=5, active=0, idle=5, waiting=0)
2026-03-24 15:56:29.103 [HikariPool-1 housekeeper] DEBUG [N/A] [N/A] com.zaxxer.hikari.pool.HikariPool - HikariPool-1 - After cleanup  stats (total=5, active=0, idle=5, waiting=0)
2026-03-24 15:56:29.103 [HikariPool-1 housekeeper] DEBUG [N/A] [N/A] com.zaxxer.hikari.pool.HikariPool - HikariPool-1 - Fill pool skipped, pool has sufficient level or currently being filled.
2026-03-24 15:56:38.308 [HikariPool-1 connection closer] DEBUG [N/A] [N/A] com.zaxxer.hikari.pool.PoolBase - HikariPool-1 - Closing connection org.postgresql.jdbc.PgConnection@14d2fbe3: (connection has passed maxLifetime)
2026-03-24 15:56:38.525 [HikariPool-1 connection adder] DEBUG [N/A] [N/A] com.zaxxer.hikari.pool.HikariPool - HikariPool-1 - Added connection org.postgresql.jdbc.PgConnection@702b7241
2026-03-24 15:56:38.557 [HikariPool-1 connection adder] DEBUG [N/A] [N/A] com.zaxxer.hikari.pool.HikariPool - HikariPool-1 - Connection not added, stats (total=5, active=0, idle=5, waiting=0)
2026-03-24 15:56:59.108 [HikariPool-1 housekeeper] DEBUG [N/A] [N/A] com.zaxxer.hikari.pool.HikariPool - HikariPool-1 - Before cleanup stats (total=5, active=0, idle=5, waiting=0)
2026-03-24 15:56:59.111 [HikariPool-1 housekeeper] DEBUG [N/A] [N/A] com.zaxxer.hikari.pool.HikariPool - HikariPool-1 - After cleanup  stats (total=5, active=0, idle=5, waiting=0)
2026-03-24 15:56:59.111 [HikariPool-1 housekeeper] DEBUG [N/A] [N/A] com.zaxxer.hikari.pool.HikariPool - HikariPool-1 - Fill pool skipped, pool has sufficient level or currently being filled.
2026-03-24 15:57:07.565 [HikariPool-1 connection closer] DEBUG [N/A] [N/A] com.zaxxer.hikari.pool.PoolBase - HikariPool-1 - Closing connection org.postgresql.jdbc.PgConnection@d1e3d98: (connection has passed maxLifetime)
2026-03-24 15:57:07.823 [HikariPool-1 connection adder] DEBUG [N/A] [N/A] com.zaxxer.hikari.pool.HikariPool - HikariPool-1 - Added connection org.postgresql.jdbc.PgConnection@1d683a31
2026-03-24 15:57:07.858 [HikariPool-1 connection adder] DEBUG [N/A] [N/A] com.zaxxer.hikari.pool.HikariPool - HikariPool-1 - Connection not added, stats (total=5, active=0, idle=5, waiting=0)
2026-03-24 15:57:29.112 [HikariPool-1 housekeeper] DEBUG [N/A] [N/A] com.zaxxer.hikari.pool.HikariPool - HikariPool-1 - Before cleanup stats (total=5, active=0, idle=5, waiting=0)
2026-03-24 15:57:29.114 [HikariPool-1 housekeeper] DEBUG [N/A] [N/A] com.zaxxer.hikari.pool.HikariPool - HikariPool-1 - After cleanup  stats (total=5, active=0, idle=5, waiting=0)
2026-03-24 15:57:29.114 [HikariPool-1 housekeeper] DEBUG [N/A] [N/A] com.zaxxer.hikari.pool.HikariPool - HikariPool-1 - Fill pool skipped, pool has sufficient level or currently being filled.
2026-03-24 15:57:59.117 [HikariPool-1 housekeeper] DEBUG [N/A] [N/A] com.zaxxer.hikari.pool.HikariPool - HikariPool-1 - Before cleanup stats (total=5, active=0, idle=5, waiting=0)
2026-03-24 15:57:59.117 [HikariPool-1 housekeeper] DEBUG [N/A] [N/A] com.zaxxer.hikari.pool.HikariPool - HikariPool-1 - After cleanup  stats (total=5, active=0, idle=5, waiting=0)
2026-03-24 15:57:59.117 [HikariPool-1 housekeeper] DEBUG [N/A] [N/A] com.zaxxer.hikari.pool.HikariPool - HikariPool-1 - Fill pool skipped, pool has sufficient level or currently being filled.
2026-03-24 15:58:29.124 [HikariPool-1 housekeeper] DEBUG [N/A] [N/A] com.zaxxer.hikari.pool.HikariPool - HikariPool-1 - Before cleanup stats (total=5, active=0, idle=5, waiting=0)
2026-03-24 15:58:29.124 [HikariPool-1 housekeeper] DEBUG [N/A] [N/A] com.zaxxer.hikari.pool.HikariPool - HikariPool-1 - After cleanup  stats (total=5, active=0, idle=5, waiting=0)
2026-03-24 15:58:29.124 [HikariPool-1 housekeeper] DEBUG [N/A] [N/A] com.zaxxer.hikari.pool.HikariPool - HikariPool-1 - Fill pool skipped, pool has sufficient level or currently being filled.
2026-03-24 15:58:59.127 [HikariPool-1 housekeeper] DEBUG [N/A] [N/A] com.zaxxer.hikari.pool.HikariPool - HikariPool-1 - Before cleanup stats (total=5, active=0, idle=5, waiting=0)
2026-03-24 15:58:59.128 [HikariPool-1 housekeeper] DEBUG [N/A] [N/A] com.zaxxer.hikari.pool.HikariPool - HikariPool-1 - After cleanup  stats (total=5, active=0, idle=5, waiting=0)
2026-03-24 15:58:59.128 [HikariPool-1 housekeeper] DEBUG [N/A] [N/A] com.zaxxer.hikari.pool.HikariPool - HikariPool-1 - Fill pool skipped, pool has sufficient level or currently being filled.
2026-03-24 15:59:29.132 [HikariPool-1 housekeeper] DEBUG [N/A] [N/A] com.zaxxer.hikari.pool.HikariPool - HikariPool-1 - Before cleanup stats (total=5, active=0, idle=5, waiting=0)
2026-03-24 15:59:29.133 [HikariPool-1 housekeeper] DEBUG [N/A] [N/A] com.zaxxer.hikari.pool.HikariPool - HikariPool-1 - After cleanup  stats (total=5, active=0, idle=5, waiting=0)
2026-03-24 15:59:29.133 [HikariPool-1 housekeeper] DEBUG [N/A] [N/A] com.zaxxer.hikari.pool.HikariPool - HikariPool-1 - Fill pool skipped, pool has sufficient level or currently being filled.
2026-03-24 15:59:59.139 [HikariPool-1 housekeeper] DEBUG [N/A] [N/A] com.zaxxer.hikari.pool.HikariPool - HikariPool-1 - Before cleanup stats (total=5, active=0, idle=5, waiting=0)
2026-03-24 15:59:59.139 [HikariPool-1 housekeeper] DEBUG [N/A] [N/A] com.zaxxer.hikari.pool.HikariPool - HikariPool-1 - After cleanup  stats (total=5, active=0, idle=5, waiting=0)
2026-03-24 15:59:59.140 [HikariPool-1 housekeeper] DEBUG [N/A] [N/A] com.zaxxer.hikari.pool.HikariPool - HikariPool-1 - Fill pool skipped, pool has sufficient level or currently being filled.
2026-03-24 16:00:29.140 [HikariPool-1 housekeeper] DEBUG [N/A] [N/A] com.zaxxer.hikari.pool.HikariPool - HikariPool-1 - Before cleanup stats (total=5, active=0, idle=5, waiting=0)
2026-03-24 16:00:29.140 [HikariPool-1 housekeeper] DEBUG [N/A] [N/A] com.zaxxer.hikari.pool.HikariPool - HikariPool-1 - After cleanup  stats (total=5, active=0, idle=5, waiting=0)
2026-03-24 16:00:29.142 [HikariPool-1 housekeeper] DEBUG [N/A] [N/A] com.zaxxer.hikari.pool.HikariPool - HikariPool-1 - Fill pool skipped, pool has sufficient level or currently being filled.
2026-03-24 16:00:59.145 [HikariPool-1 housekeeper] DEBUG [N/A] [N/A] com.zaxxer.hikari.pool.HikariPool - HikariPool-1 - Before cleanup stats (total=5, active=0, idle=5, waiting=0)
2026-03-24 16:00:59.146 [HikariPool-1 housekeeper] DEBUG [N/A] [N/A] com.zaxxer.hikari.pool.HikariPool - HikariPool-1 - After cleanup  stats (total=5, active=0, idle=5, waiting=0)
2026-03-24 16:00:59.146 [HikariPool-1 housekeeper] DEBUG [N/A] [N/A] com.zaxxer.hikari.pool.HikariPool - HikariPool-1 - Fill pool skipped, pool has sufficient level or currently being filled.
2026-03-24 16:01:29.150 [HikariPool-1 housekeeper] DEBUG [N/A] [N/A] com.zaxxer.hikari.pool.HikariPool - HikariPool-1 - Before cleanup stats (total=5, active=0, idle=5, waiting=0)
2026-03-24 16:01:29.150 [HikariPool-1 housekeeper] DEBUG [N/A] [N/A] com.zaxxer.hikari.pool.HikariPool - HikariPool-1 - After cleanup  stats (total=5, active=0, idle=5, waiting=0)
2026-03-24 16:01:29.150 [HikariPool-1 housekeeper] DEBUG [N/A] [N/A] com.zaxxer.hikari.pool.HikariPool - HikariPool-1 - Fill pool skipped, pool has sufficient level or currently being filled.
2026-03-24 16:01:59.156 [HikariPool-1 housekeeper] DEBUG [N/A] [N/A] com.zaxxer.hikari.pool.HikariPool - HikariPool-1 - Before cleanup stats (total=5, active=0, idle=5, waiting=0)
2026-03-24 16:01:59.156 [HikariPool-1 housekeeper] DEBUG [N/A] [N/A] com.zaxxer.hikari.pool.HikariPool - HikariPool-1 - After cleanup  stats (total=5, active=0, idle=5, waiting=0)
2026-03-24 16:01:59.156 [HikariPool-1 housekeeper] DEBUG [N/A] [N/A] com.zaxxer.hikari.pool.HikariPool - HikariPool-1 - Fill pool skipped, pool has sufficient level or currently being filled.
2026-03-24 16:02:29.161 [HikariPool-1 housekeeper] DEBUG [N/A] [N/A] com.zaxxer.hikari.pool.HikariPool - HikariPool-1 - Before cleanup stats (total=5, active=0, idle=5, waiting=0)
2026-03-24 16:02:29.161 [HikariPool-1 housekeeper] DEBUG [N/A] [N/A] com.zaxxer.hikari.pool.HikariPool - HikariPool-1 - After cleanup  stats (total=5, active=0, idle=5, waiting=0)
2026-03-24 16:02:29.161 [HikariPool-1 housekeeper] DEBUG [N/A] [N/A] com.zaxxer.hikari.pool.HikariPool - HikariPool-1 - Fill pool skipped, pool has sufficient level or currently being filled.
2026-03-24 16:02:59.166 [HikariPool-1 housekeeper] DEBUG [N/A] [N/A] com.zaxxer.hikari.pool.HikariPool - HikariPool-1 - Before cleanup stats (total=5, active=0, idle=5, waiting=0)
2026-03-24 16:02:59.166 [HikariPool-1 housekeeper] DEBUG [N/A] [N/A] com.zaxxer.hikari.pool.HikariPool - HikariPool-1 - After cleanup  stats (total=5, active=0, idle=5, waiting=0)
2026-03-24 16:02:59.166 [HikariPool-1 housekeeper] DEBUG [N/A] [N/A] com.zaxxer.hikari.pool.HikariPool - HikariPool-1 - Fill pool skipped, pool has sufficient level or currently being filled.
2026-03-24 16:03:29.168 [HikariPool-1 housekeeper] DEBUG [N/A] [N/A] com.zaxxer.hikari.pool.HikariPool - HikariPool-1 - Before cleanup stats (total=5, active=0, idle=5, waiting=0)
2026-03-24 16:03:29.169 [HikariPool-1 housekeeper] DEBUG [N/A] [N/A] com.zaxxer.hikari.pool.HikariPool - HikariPool-1 - After cleanup  stats (total=5, active=0, idle=5, waiting=0)
2026-03-24 16:03:29.170 [HikariPool-1 housekeeper] DEBUG [N/A] [N/A] com.zaxxer.hikari.pool.HikariPool - HikariPool-1 - Fill pool skipped, pool has sufficient level or currently being filled.
2026-03-24 16:03:59.174 [HikariPool-1 housekeeper] DEBUG [N/A] [N/A] com.zaxxer.hikari.pool.HikariPool - HikariPool-1 - Before cleanup stats (total=5, active=0, idle=5, waiting=0)
2026-03-24 16:03:59.176 [HikariPool-1 housekeeper] DEBUG [N/A] [N/A] com.zaxxer.hikari.pool.HikariPool - HikariPool-1 - After cleanup  stats (total=5, active=0, idle=5, waiting=0)
2026-03-24 16:03:59.176 [HikariPool-1 housekeeper] DEBUG [N/A] [N/A] com.zaxxer.hikari.pool.HikariPool - HikariPool-1 - Fill pool skipped, pool has sufficient level or currently being filled.
2026-03-24 16:04:29.177 [HikariPool-1 housekeeper] DEBUG [N/A] [N/A] com.zaxxer.hikari.pool.HikariPool - HikariPool-1 - Before cleanup stats (total=5, active=0, idle=5, waiting=0)
2026-03-24 16:04:29.177 [HikariPool-1 housekeeper] DEBUG [N/A] [N/A] com.zaxxer.hikari.pool.HikariPool - HikariPool-1 - After cleanup  stats (total=5, active=0, idle=5, waiting=0)
2026-03-24 16:04:29.177 [HikariPool-1 housekeeper] DEBUG [N/A] [N/A] com.zaxxer.hikari.pool.HikariPool - HikariPool-1 - Fill pool skipped, pool has sufficient level or currently being filled.
2026-03-24 16:04:59.182 [HikariPool-1 housekeeper] DEBUG [N/A] [N/A] com.zaxxer.hikari.pool.HikariPool - HikariPool-1 - Before cleanup stats (total=5, active=0, idle=5, waiting=0)
2026-03-24 16:04:59.182 [HikariPool-1 housekeeper] DEBUG [N/A] [N/A] com.zaxxer.hikari.pool.HikariPool - HikariPool-1 - After cleanup  stats (total=5, active=0, idle=5, waiting=0)
2026-03-24 16:04:59.183 [HikariPool-1 housekeeper] DEBUG [N/A] [N/A] com.zaxxer.hikari.pool.HikariPool - HikariPool-1 - Fill pool skipped, pool has sufficient level or currently being filled.
2026-03-24 16:05:29.194 [HikariPool-1 housekeeper] DEBUG [N/A] [N/A] com.zaxxer.hikari.pool.HikariPool - HikariPool-1 - Before cleanup stats (total=5, active=0, idle=5, waiting=0)
2026-03-24 16:05:29.196 [HikariPool-1 housekeeper] DEBUG [N/A] [N/A] com.zaxxer.hikari.pool.HikariPool - HikariPool-1 - After cleanup  stats (total=5, active=0, idle=5, waiting=0)
2026-03-24 16:05:29.196 [HikariPool-1 housekeeper] DEBUG [N/A] [N/A] com.zaxxer.hikari.pool.HikariPool - HikariPool-1 - Fill pool skipped, pool has sufficient level or currently being filled.
2026-03-24 16:05:59.206 [HikariPool-1 housekeeper] DEBUG [N/A] [N/A] com.zaxxer.hikari.pool.HikariPool - HikariPool-1 - Before cleanup stats (total=5, active=0, idle=5, waiting=0)
2026-03-24 16:05:59.207 [HikariPool-1 housekeeper] DEBUG [N/A] [N/A] com.zaxxer.hikari.pool.HikariPool - HikariPool-1 - After cleanup  stats (total=5, active=0, idle=5, waiting=0)
2026-03-24 16:05:59.207 [HikariPool-1 housekeeper] DEBUG [N/A] [N/A] com.zaxxer.hikari.pool.HikariPool - HikariPool-1 - Fill pool skipped, pool has sufficient level or currently being filled.
2026-03-24 16:06:29.217 [HikariPool-1 housekeeper] DEBUG [N/A] [N/A] com.zaxxer.hikari.pool.HikariPool - HikariPool-1 - Before cleanup stats (total=5, active=0, idle=5, waiting=0)
2026-03-24 16:06:29.218 [HikariPool-1 housekeeper] DEBUG [N/A] [N/A] com.zaxxer.hikari.pool.HikariPool - HikariPool-1 - After cleanup  stats (total=5, active=0, idle=5, waiting=0)
2026-03-24 16:06:29.218 [HikariPool-1 housekeeper] DEBUG [N/A] [N/A] com.zaxxer.hikari.pool.HikariPool - HikariPool-1 - Fill pool skipped, pool has sufficient level or currently being filled.
2026-03-24 16:06:59.228 [HikariPool-1 housekeeper] DEBUG [N/A] [N/A] com.zaxxer.hikari.pool.HikariPool - HikariPool-1 - Before cleanup stats (total=5, active=0, idle=5, waiting=0)
2026-03-24 16:06:59.230 [HikariPool-1 housekeeper] DEBUG [N/A] [N/A] com.zaxxer.hikari.pool.HikariPool - HikariPool-1 - After cleanup  stats (total=5, active=0, idle=5, waiting=0)
2026-03-24 16:06:59.230 [HikariPool-1 housekeeper] DEBUG [N/A] [N/A] com.zaxxer.hikari.pool.HikariPool - HikariPool-1 - Fill pool skipped, pool has sufficient level or currently being filled.
2026-03-24 16:07:29.240 [HikariPool-1 housekeeper] DEBUG [N/A] [N/A] com.zaxxer.hikari.pool.HikariPool - HikariPool-1 - Before cleanup stats (total=5, active=0, idle=5, waiting=0)
2026-03-24 16:07:29.240 [HikariPool-1 housekeeper] DEBUG [N/A] [N/A] com.zaxxer.hikari.pool.HikariPool - HikariPool-1 - After cleanup  stats (total=5, active=0, idle=5, waiting=0)
2026-03-24 16:07:29.240 [HikariPool-1 housekeeper] DEBUG [N/A] [N/A] com.zaxxer.hikari.pool.HikariPool - HikariPool-1 - Fill pool skipped, pool has sufficient level or currently being filled.
2026-03-24 16:07:59.249 [HikariPool-1 housekeeper] DEBUG [N/A] [N/A] com.zaxxer.hikari.pool.HikariPool - HikariPool-1 - Before cleanup stats (total=5, active=0, idle=5, waiting=0)
2026-03-24 16:07:59.250 [HikariPool-1 housekeeper] DEBUG [N/A] [N/A] com.zaxxer.hikari.pool.HikariPool - HikariPool-1 - After cleanup  stats (total=5, active=0, idle=5, waiting=0)
2026-03-24 16:07:59.250 [HikariPool-1 housekeeper] DEBUG [N/A] [N/A] com.zaxxer.hikari.pool.HikariPool - HikariPool-1 - Fill pool skipped, pool has sufficient level or currently being filled.
2026-03-24 16:08:29.258 [HikariPool-1 housekeeper] DEBUG [N/A] [N/A] com.zaxxer.hikari.pool.HikariPool - HikariPool-1 - Before cleanup stats (total=5, active=0, idle=5, waiting=0)
2026-03-24 16:08:29.259 [HikariPool-1 housekeeper] DEBUG [N/A] [N/A] com.zaxxer.hikari.pool.HikariPool - HikariPool-1 - After cleanup  stats (total=5, active=0, idle=5, waiting=0)
2026-03-24 16:08:29.260 [HikariPool-1 housekeeper] DEBUG [N/A] [N/A] com.zaxxer.hikari.pool.HikariPool - HikariPool-1 - Fill pool skipped, pool has sufficient level or currently being filled.
2026-03-24 16:08:59.268 [HikariPool-1 housekeeper] DEBUG [N/A] [N/A] com.zaxxer.hikari.pool.HikariPool - HikariPool-1 - Before cleanup stats (total=5, active=0, idle=5, waiting=0)
2026-03-24 16:08:59.271 [HikariPool-1 housekeeper] DEBUG [N/A] [N/A] com.zaxxer.hikari.pool.HikariPool - HikariPool-1 - After cleanup  stats (total=5, active=0, idle=5, waiting=0)
2026-03-24 16:08:59.271 [HikariPool-1 housekeeper] DEBUG [N/A] [N/A] com.zaxxer.hikari.pool.HikariPool - HikariPool-1 - Fill pool skipped, pool has sufficient level or currently being filled.
2026-03-24 16:09:29.278 [HikariPool-1 housekeeper] DEBUG [N/A] [N/A] com.zaxxer.hikari.pool.HikariPool - HikariPool-1 - Before cleanup stats (total=5, active=0, idle=5, waiting=0)
2026-03-24 16:09:29.280 [HikariPool-1 housekeeper] DEBUG [N/A] [N/A] com.zaxxer.hikari.pool.HikariPool - HikariPool-1 - After cleanup  stats (total=5, active=0, idle=5, waiting=0)
2026-03-24 16:09:29.281 [HikariPool-1 housekeeper] DEBUG [N/A] [N/A] com.zaxxer.hikari.pool.HikariPool - HikariPool-1 - Fill pool skipped, pool has sufficient level or currently being filled.
2026-03-24 16:09:59.292 [HikariPool-1 housekeeper] DEBUG [N/A] [N/A] com.zaxxer.hikari.pool.HikariPool - HikariPool-1 - Before cleanup stats (total=5, active=0, idle=5, waiting=0)
2026-03-24 16:09:59.292 [HikariPool-1 housekeeper] DEBUG [N/A] [N/A] com.zaxxer.hikari.pool.HikariPool - HikariPool-1 - After cleanup  stats (total=5, active=0, idle=5, waiting=0)
2026-03-24 16:09:59.293 [HikariPool-1 housekeeper] DEBUG [N/A] [N/A] com.zaxxer.hikari.pool.HikariPool - HikariPool-1 - Fill pool skipped, pool has sufficient level or currently being filled.
2026-03-24 16:10:29.300 [HikariPool-1 housekeeper] DEBUG [N/A] [N/A] com.zaxxer.hikari.pool.HikariPool - HikariPool-1 - Before cleanup stats (total=5, active=0, idle=5, waiting=0)
2026-03-24 16:10:29.301 [HikariPool-1 housekeeper] DEBUG [N/A] [N/A] com.zaxxer.hikari.pool.HikariPool - HikariPool-1 - After cleanup  stats (total=5, active=0, idle=5, waiting=0)
2026-03-24 16:10:29.301 [HikariPool-1 housekeeper] DEBUG [N/A] [N/A] com.zaxxer.hikari.pool.HikariPool - HikariPool-1 - Fill pool skipped, pool has sufficient level or currently being filled.
2026-03-24 16:10:59.311 [HikariPool-1 housekeeper] DEBUG [N/A] [N/A] com.zaxxer.hikari.pool.HikariPool - HikariPool-1 - Before cleanup stats (total=5, active=0, idle=5, waiting=0)
2026-03-24 16:10:59.312 [HikariPool-1 housekeeper] DEBUG [N/A] [N/A] com.zaxxer.hikari.pool.HikariPool - HikariPool-1 - After cleanup  stats (total=5, active=0, idle=5, waiting=0)
2026-03-24 16:10:59.313 [HikariPool-1 housekeeper] DEBUG [N/A] [N/A] com.zaxxer.hikari.pool.HikariPool - HikariPool-1 - Fill pool skipped, pool has sufficient level or currently being filled.
2026-03-24 16:11:29.322 [HikariPool-1 housekeeper] DEBUG [N/A] [N/A] com.zaxxer.hikari.pool.HikariPool - HikariPool-1 - Before cleanup stats (total=5, active=0, idle=5, waiting=0)
2026-03-24 16:11:29.323 [HikariPool-1 housekeeper] DEBUG [N/A] [N/A] com.zaxxer.hikari.pool.HikariPool - HikariPool-1 - After cleanup  stats (total=5, active=0, idle=5, waiting=0)
2026-03-24 16:11:29.324 [HikariPool-1 housekeeper] DEBUG [N/A] [N/A] com.zaxxer.hikari.pool.HikariPool - HikariPool-1 - Fill pool skipped, pool has sufficient level or currently being filled.
2026-03-24 16:11:59.333 [HikariPool-1 housekeeper] DEBUG [N/A] [N/A] com.zaxxer.hikari.pool.HikariPool - HikariPool-1 - Before cleanup stats (total=5, active=0, idle=5, waiting=0)
2026-03-24 16:11:59.333 [HikariPool-1 housekeeper] DEBUG [N/A] [N/A] com.zaxxer.hikari.pool.HikariPool - HikariPool-1 - After cleanup  stats (total=5, active=0, idle=5, waiting=0)
2026-03-24 16:11:59.334 [HikariPool-1 housekeeper] DEBUG [N/A] [N/A] com.zaxxer.hikari.pool.HikariPool - HikariPool-1 - Fill pool skipped, pool has sufficient level or currently being filled.
2026-03-24 16:12:29.337 [HikariPool-1 housekeeper] DEBUG [N/A] [N/A] com.zaxxer.hikari.pool.HikariPool - HikariPool-1 - Before cleanup stats (total=5, active=0, idle=5, waiting=0)
2026-03-24 16:12:29.338 [HikariPool-1 housekeeper] DEBUG [N/A] [N/A] com.zaxxer.hikari.pool.HikariPool - HikariPool-1 - After cleanup  stats (total=5, active=0, idle=5, waiting=0)
2026-03-24 16:12:29.340 [HikariPool-1 housekeeper] DEBUG [N/A] [N/A] com.zaxxer.hikari.pool.HikariPool - HikariPool-1 - Fill pool skipped, pool has sufficient level or currently being filled.
2026-03-24 16:12:59.346 [HikariPool-1 housekeeper] DEBUG [N/A] [N/A] com.zaxxer.hikari.pool.HikariPool - HikariPool-1 - Before cleanup stats (total=5, active=0, idle=5, waiting=0)
2026-03-24 16:12:59.348 [HikariPool-1 housekeeper] DEBUG [N/A] [N/A] com.zaxxer.hikari.pool.HikariPool - HikariPool-1 - After cleanup  stats (total=5, active=0, idle=5, waiting=0)
2026-03-24 16:12:59.349 [HikariPool-1 housekeeper] DEBUG [N/A] [N/A] com.zaxxer.hikari.pool.HikariPool - HikariPool-1 - Fill pool skipped, pool has sufficient level or currently being filled.
2026-03-24 16:13:29.359 [HikariPool-1 housekeeper] DEBUG [N/A] [N/A] com.zaxxer.hikari.pool.HikariPool - HikariPool-1 - Before cleanup stats (total=5, active=0, idle=5, waiting=0)
2026-03-24 16:13:29.360 [HikariPool-1 housekeeper] DEBUG [N/A] [N/A] com.zaxxer.hikari.pool.HikariPool - HikariPool-1 - After cleanup  stats (total=5, active=0, idle=5, waiting=0)
2026-03-24 16:13:29.360 [HikariPool-1 housekeeper] DEBUG [N/A] [N/A] com.zaxxer.hikari.pool.HikariPool - HikariPool-1 - Fill pool skipped, pool has sufficient level or currently being filled.
2026-03-24 16:13:59.365 [HikariPool-1 housekeeper] DEBUG [N/A] [N/A] com.zaxxer.hikari.pool.HikariPool - HikariPool-1 - Before cleanup stats (total=5, active=0, idle=5, waiting=0)
2026-03-24 16:13:59.367 [HikariPool-1 housekeeper] DEBUG [N/A] [N/A] com.zaxxer.hikari.pool.HikariPool - HikariPool-1 - After cleanup  stats (total=5, active=0, idle=5, waiting=0)
2026-03-24 16:13:59.368 [HikariPool-1 housekeeper] DEBUG [N/A] [N/A] com.zaxxer.hikari.pool.HikariPool - HikariPool-1 - Fill pool skipped, pool has sufficient level or currently being filled.
2026-03-24 16:14:29.369 [HikariPool-1 housekeeper] DEBUG [N/A] [N/A] com.zaxxer.hikari.pool.HikariPool - HikariPool-1 - Before cleanup stats (total=5, active=0, idle=5, waiting=0)
2026-03-24 16:14:29.371 [HikariPool-1 housekeeper] DEBUG [N/A] [N/A] com.zaxxer.hikari.pool.HikariPool - HikariPool-1 - After cleanup  stats (total=5, active=0, idle=5, waiting=0)
2026-03-24 16:14:29.372 [HikariPool-1 housekeeper] DEBUG [N/A] [N/A] com.zaxxer.hikari.pool.HikariPool - HikariPool-1 - Fill pool skipped, pool has sufficient level or currently being filled.
2026-03-24 16:14:59.378 [HikariPool-1 housekeeper] DEBUG [N/A] [N/A] com.zaxxer.hikari.pool.HikariPool - HikariPool-1 - Before cleanup stats (total=5, active=0, idle=5, waiting=0)
2026-03-24 16:14:59.380 [HikariPool-1 housekeeper] DEBUG [N/A] [N/A] com.zaxxer.hikari.pool.HikariPool - HikariPool-1 - After cleanup  stats (total=5, active=0, idle=5, waiting=0)
2026-03-24 16:14:59.380 [HikariPool-1 housekeeper] DEBUG [N/A] [N/A] com.zaxxer.hikari.pool.HikariPool - HikariPool-1 - Fill pool skipped, pool has sufficient level or currently being filled.
2026-03-24 16:15:29.381 [HikariPool-1 housekeeper] DEBUG [N/A] [N/A] com.zaxxer.hikari.pool.HikariPool - HikariPool-1 - Before cleanup stats (total=5, active=0, idle=5, waiting=0)
2026-03-24 16:15:29.383 [HikariPool-1 housekeeper] DEBUG [N/A] [N/A] com.zaxxer.hikari.pool.HikariPool - HikariPool-1 - After cleanup  stats (total=5, active=0, idle=5, waiting=0)
2026-03-24 16:15:29.384 [HikariPool-1 housekeeper] DEBUG [N/A] [N/A] com.zaxxer.hikari.pool.HikariPool - HikariPool-1 - Fill pool skipped, pool has sufficient level or currently being filled.
2026-03-24 16:15:59.381 [HikariPool-1 housekeeper] DEBUG [N/A] [N/A] com.zaxxer.hikari.pool.HikariPool - HikariPool-1 - Before cleanup stats (total=5, active=0, idle=5, waiting=0)
2026-03-24 16:15:59.381 [HikariPool-1 housekeeper] DEBUG [N/A] [N/A] com.zaxxer.hikari.pool.HikariPool - HikariPool-1 - After cleanup  stats (total=5, active=0, idle=5, waiting=0)
2026-03-24 16:15:59.381 [HikariPool-1 housekeeper] DEBUG [N/A] [N/A] com.zaxxer.hikari.pool.HikariPool - HikariPool-1 - Fill pool skipped, pool has sufficient level or currently being filled.
2026-03-24 16:16:29.383 [HikariPool-1 housekeeper] DEBUG [N/A] [N/A] com.zaxxer.hikari.pool.HikariPool - HikariPool-1 - Before cleanup stats (total=5, active=0, idle=5, waiting=0)
2026-03-24 16:16:29.384 [HikariPool-1 housekeeper] DEBUG [N/A] [N/A] com.zaxxer.hikari.pool.HikariPool - HikariPool-1 - After cleanup  stats (total=5, active=0, idle=5, waiting=0)
2026-03-24 16:16:29.384 [HikariPool-1 housekeeper] DEBUG [N/A] [N/A] com.zaxxer.hikari.pool.HikariPool - HikariPool-1 - Fill pool skipped, pool has sufficient level or currently being filled.
2026-03-24 16:16:59.389 [HikariPool-1 housekeeper] DEBUG [N/A] [N/A] com.zaxxer.hikari.pool.HikariPool - HikariPool-1 - Before cleanup stats (total=5, active=0, idle=5, waiting=0)
2026-03-24 16:16:59.391 [HikariPool-1 housekeeper] DEBUG [N/A] [N/A] com.zaxxer.hikari.pool.HikariPool - HikariPool-1 - After cleanup  stats (total=5, active=0, idle=5, waiting=0)
2026-03-24 16:16:59.391 [HikariPool-1 housekeeper] DEBUG [N/A] [N/A] com.zaxxer.hikari.pool.HikariPool - HikariPool-1 - Fill pool skipped, pool has sufficient level or currently being filled.
2026-03-24 16:17:29.397 [HikariPool-1 housekeeper] DEBUG [N/A] [N/A] com.zaxxer.hikari.pool.HikariPool - HikariPool-1 - Before cleanup stats (total=5, active=0, idle=5, waiting=0)
2026-03-24 16:17:29.398 [HikariPool-1 housekeeper] DEBUG [N/A] [N/A] com.zaxxer.hikari.pool.HikariPool - HikariPool-1 - After cleanup  stats (total=5, active=0, idle=5, waiting=0)
2026-03-24 16:17:29.398 [HikariPool-1 housekeeper] DEBUG [N/A] [N/A] com.zaxxer.hikari.pool.HikariPool - HikariPool-1 - Fill pool skipped, pool has sufficient level or currently being filled.
2026-03-24 16:17:59.399 [HikariPool-1 housekeeper] DEBUG [N/A] [N/A] com.zaxxer.hikari.pool.HikariPool - HikariPool-1 - Before cleanup stats (total=5, active=0, idle=5, waiting=0)
2026-03-24 16:17:59.401 [HikariPool-1 housekeeper] DEBUG [N/A] [N/A] com.zaxxer.hikari.pool.HikariPool - HikariPool-1 - After cleanup  stats (total=5, active=0, idle=5, waiting=0)
2026-03-24 16:17:59.401 [HikariPool-1 housekeeper] DEBUG [N/A] [N/A] com.zaxxer.hikari.pool.HikariPool - HikariPool-1 - Fill pool skipped, pool has sufficient level or currently being filled.
2026-03-24 16:18:29.402 [HikariPool-1 housekeeper] DEBUG [N/A] [N/A] com.zaxxer.hikari.pool.HikariPool - HikariPool-1 - Before cleanup stats (total=5, active=0, idle=5, waiting=0)
2026-03-24 16:18:29.404 [HikariPool-1 housekeeper] DEBUG [N/A] [N/A] com.zaxxer.hikari.pool.HikariPool - HikariPool-1 - After cleanup  stats (total=5, active=0, idle=5, waiting=0)
2026-03-24 16:18:29.405 [HikariPool-1 housekeeper] DEBUG [N/A] [N/A] com.zaxxer.hikari.pool.HikariPool - HikariPool-1 - Fill pool skipped, pool has sufficient level or currently being filled.
2026-03-24 16:18:59.409 [HikariPool-1 housekeeper] DEBUG [N/A] [N/A] com.zaxxer.hikari.pool.HikariPool - HikariPool-1 - Before cleanup stats (total=5, active=0, idle=5, waiting=0)
2026-03-24 16:18:59.409 [HikariPool-1 housekeeper] DEBUG [N/A] [N/A] com.zaxxer.hikari.pool.HikariPool - HikariPool-1 - After cleanup  stats (total=5, active=0, idle=5, waiting=0)
2026-03-24 16:18:59.409 [HikariPool-1 housekeeper] DEBUG [N/A] [N/A] com.zaxxer.hikari.pool.HikariPool - HikariPool-1 - Fill pool skipped, pool has sufficient level or currently being filled.
2026-03-24 16:19:29.412 [HikariPool-1 housekeeper] DEBUG [N/A] [N/A] com.zaxxer.hikari.pool.HikariPool - HikariPool-1 - Before cleanup stats (total=5, active=0, idle=5, waiting=0)
2026-03-24 16:19:29.413 [HikariPool-1 housekeeper] DEBUG [N/A] [N/A] com.zaxxer.hikari.pool.HikariPool - HikariPool-1 - After cleanup  stats (total=5, active=0, idle=5, waiting=0)
2026-03-24 16:19:29.414 [HikariPool-1 housekeeper] DEBUG [N/A] [N/A] com.zaxxer.hikari.pool.HikariPool - HikariPool-1 - Fill pool skipped, pool has sufficient level or currently being filled.
2026-03-24 16:19:59.420 [HikariPool-1 housekeeper] DEBUG [N/A] [N/A] com.zaxxer.hikari.pool.HikariPool - HikariPool-1 - Before cleanup stats (total=5, active=0, idle=5, waiting=0)
2026-03-24 16:19:59.421 [HikariPool-1 housekeeper] DEBUG [N/A] [N/A] com.zaxxer.hikari.pool.HikariPool - HikariPool-1 - After cleanup  stats (total=5, active=0, idle=5, waiting=0)
2026-03-24 16:19:59.421 [HikariPool-1 housekeeper] DEBUG [N/A] [N/A] com.zaxxer.hikari.pool.HikariPool - HikariPool-1 - Fill pool skipped, pool has sufficient level or currently being filled.
2026-03-24 16:20:29.425 [HikariPool-1 housekeeper] DEBUG [N/A] [N/A] com.zaxxer.hikari.pool.HikariPool - HikariPool-1 - Before cleanup stats (total=5, active=0, idle=5, waiting=0)
2026-03-24 16:20:29.425 [HikariPool-1 housekeeper] DEBUG [N/A] [N/A] com.zaxxer.hikari.pool.HikariPool - HikariPool-1 - After cleanup  stats (total=5, active=0, idle=5, waiting=0)
2026-03-24 16:20:29.427 [HikariPool-1 housekeeper] DEBUG [N/A] [N/A] com.zaxxer.hikari.pool.HikariPool - HikariPool-1 - Fill pool skipped, pool has sufficient level or currently being filled.
2026-03-24 16:20:59.431 [HikariPool-1 housekeeper] DEBUG [N/A] [N/A] com.zaxxer.hikari.pool.HikariPool - HikariPool-1 - Before cleanup stats (total=5, active=0, idle=5, waiting=0)
2026-03-24 16:20:59.431 [HikariPool-1 housekeeper] DEBUG [N/A] [N/A] com.zaxxer.hikari.pool.HikariPool - HikariPool-1 - After cleanup  stats (total=5, active=0, idle=5, waiting=0)
2026-03-24 16:20:59.433 [HikariPool-1 housekeeper] DEBUG [N/A] [N/A] com.zaxxer.hikari.pool.HikariPool - HikariPool-1 - Fill pool skipped, pool has sufficient level or currently being filled.
2026-03-24 16:21:29.440 [HikariPool-1 housekeeper] DEBUG [N/A] [N/A] com.zaxxer.hikari.pool.HikariPool - HikariPool-1 - Before cleanup stats (total=5, active=0, idle=5, waiting=0)
2026-03-24 16:21:29.440 [HikariPool-1 housekeeper] DEBUG [N/A] [N/A] com.zaxxer.hikari.pool.HikariPool - HikariPool-1 - After cleanup  stats (total=5, active=0, idle=5, waiting=0)
2026-03-24 16:21:29.440 [HikariPool-1 housekeeper] DEBUG [N/A] [N/A] com.zaxxer.hikari.pool.HikariPool - HikariPool-1 - Fill pool skipped, pool has sufficient level or currently being filled.
2026-03-24 16:21:59.450 [HikariPool-1 housekeeper] DEBUG [N/A] [N/A] com.zaxxer.hikari.pool.HikariPool - HikariPool-1 - Before cleanup stats (total=5, active=0, idle=5, waiting=0)
2026-03-24 16:21:59.453 [HikariPool-1 housekeeper] DEBUG [N/A] [N/A] com.zaxxer.hikari.pool.HikariPool - HikariPool-1 - After cleanup  stats (total=5, active=0, idle=5, waiting=0)
2026-03-24 16:21:59.453 [HikariPool-1 housekeeper] DEBUG [N/A] [N/A] com.zaxxer.hikari.pool.HikariPool - HikariPool-1 - Fill pool skipped, pool has sufficient level or currently being filled.
2026-03-24 16:22:29.458 [HikariPool-1 housekeeper] DEBUG [N/A] [N/A] com.zaxxer.hikari.pool.HikariPool - HikariPool-1 - Before cleanup stats (total=5, active=0, idle=5, waiting=0)
2026-03-24 16:22:29.461 [HikariPool-1 housekeeper] DEBUG [N/A] [N/A] com.zaxxer.hikari.pool.HikariPool - HikariPool-1 - After cleanup  stats (total=5, active=0, idle=5, waiting=0)
2026-03-24 16:22:29.462 [HikariPool-1 housekeeper] DEBUG [N/A] [N/A] com.zaxxer.hikari.pool.HikariPool - HikariPool-1 - Fill pool skipped, pool has sufficient level or currently being filled.
2026-03-24 16:22:59.466 [HikariPool-1 housekeeper] DEBUG [N/A] [N/A] com.zaxxer.hikari.pool.HikariPool - HikariPool-1 - Before cleanup stats (total=5, active=0, idle=5, waiting=0)
2026-03-24 16:22:59.467 [HikariPool-1 housekeeper] DEBUG [N/A] [N/A] com.zaxxer.hikari.pool.HikariPool - HikariPool-1 - After cleanup  stats (total=5, active=0, idle=5, waiting=0)
2026-03-24 16:22:59.467 [HikariPool-1 housekeeper] DEBUG [N/A] [N/A] com.zaxxer.hikari.pool.HikariPool - HikariPool-1 - Fill pool skipped, pool has sufficient level or currently being filled.
2026-03-24 16:23:29.472 [HikariPool-1 housekeeper] DEBUG [N/A] [N/A] com.zaxxer.hikari.pool.HikariPool - HikariPool-1 - Before cleanup stats (total=5, active=0, idle=5, waiting=0)
2026-03-24 16:23:29.473 [HikariPool-1 housekeeper] DEBUG [N/A] [N/A] com.zaxxer.hikari.pool.HikariPool - HikariPool-1 - After cleanup  stats (total=5, active=0, idle=5, waiting=0)
2026-03-24 16:23:29.475 [HikariPool-1 housekeeper] DEBUG [N/A] [N/A] com.zaxxer.hikari.pool.HikariPool - HikariPool-1 - Fill pool skipped, pool has sufficient level or currently being filled.
2026-03-24 16:23:59.478 [HikariPool-1 housekeeper] DEBUG [N/A] [N/A] com.zaxxer.hikari.pool.HikariPool - HikariPool-1 - Before cleanup stats (total=5, active=0, idle=5, waiting=0)
2026-03-24 16:23:59.481 [HikariPool-1 housekeeper] DEBUG [N/A] [N/A] com.zaxxer.hikari.pool.HikariPool - HikariPool-1 - After cleanup  stats (total=5, active=0, idle=5, waiting=0)
2026-03-24 16:23:59.483 [HikariPool-1 housekeeper] DEBUG [N/A] [N/A] com.zaxxer.hikari.pool.HikariPool - HikariPool-1 - Fill pool skipped, pool has sufficient level or currently being filled.
2026-03-24 16:24:29.486 [HikariPool-1 housekeeper] DEBUG [N/A] [N/A] com.zaxxer.hikari.pool.HikariPool - HikariPool-1 - Before cleanup stats (total=5, active=0, idle=5, waiting=0)
2026-03-24 16:24:29.487 [HikariPool-1 housekeeper] DEBUG [N/A] [N/A] com.zaxxer.hikari.pool.HikariPool - HikariPool-1 - After cleanup  stats (total=5, active=0, idle=5, waiting=0)
2026-03-24 16:24:29.488 [HikariPool-1 housekeeper] DEBUG [N/A] [N/A] com.zaxxer.hikari.pool.HikariPool - HikariPool-1 - Fill pool skipped, pool has sufficient level or currently being filled.
2026-03-24 16:24:40.088 [HikariPool-1 connection closer] DEBUG [N/A] [N/A] com.zaxxer.hikari.pool.PoolBase - HikariPool-1 - Closing connection org.postgresql.jdbc.PgConnection@4045ce3e: (connection has passed maxLifetime)
2026-03-24 16:24:40.419 [HikariPool-1 connection adder] DEBUG [N/A] [N/A] com.zaxxer.hikari.pool.HikariPool - HikariPool-1 - Added connection org.postgresql.jdbc.PgConnection@4ba53496
2026-03-24 16:24:40.452 [HikariPool-1 connection adder] DEBUG [N/A] [N/A] com.zaxxer.hikari.pool.HikariPool - HikariPool-1 - Connection not added, stats (total=5, active=0, idle=5, waiting=0)
2026-03-24 16:24:59.494 [HikariPool-1 housekeeper] DEBUG [N/A] [N/A] com.zaxxer.hikari.pool.HikariPool - HikariPool-1 - Before cleanup stats (total=5, active=0, idle=5, waiting=0)
2026-03-24 16:24:59.496 [HikariPool-1 housekeeper] DEBUG [N/A] [N/A] com.zaxxer.hikari.pool.HikariPool - HikariPool-1 - After cleanup  stats (total=5, active=0, idle=5, waiting=0)
2026-03-24 16:24:59.496 [HikariPool-1 housekeeper] DEBUG [N/A] [N/A] com.zaxxer.hikari.pool.HikariPool - HikariPool-1 - Fill pool skipped, pool has sufficient level or currently being filled.
2026-03-24 16:25:07.206 [HikariPool-1 connection closer] DEBUG [N/A] [N/A] com.zaxxer.hikari.pool.PoolBase - HikariPool-1 - Closing connection org.postgresql.jdbc.PgConnection@25b5d729: (connection has passed maxLifetime)
2026-03-24 16:25:07.580 [HikariPool-1 connection adder] DEBUG [N/A] [N/A] com.zaxxer.hikari.pool.HikariPool - HikariPool-1 - Added connection org.postgresql.jdbc.PgConnection@3a336b35
2026-03-24 16:25:07.612 [HikariPool-1 connection adder] DEBUG [N/A] [N/A] com.zaxxer.hikari.pool.HikariPool - HikariPool-1 - Connection not added, stats (total=5, active=0, idle=5, waiting=0)
2026-03-24 16:25:29.502 [HikariPool-1 housekeeper] DEBUG [N/A] [N/A] com.zaxxer.hikari.pool.HikariPool - HikariPool-1 - Before cleanup stats (total=5, active=0, idle=5, waiting=0)
2026-03-24 16:25:29.503 [HikariPool-1 housekeeper] DEBUG [N/A] [N/A] com.zaxxer.hikari.pool.HikariPool - HikariPool-1 - After cleanup  stats (total=5, active=0, idle=5, waiting=0)
2026-03-24 16:25:29.504 [HikariPool-1 housekeeper] DEBUG [N/A] [N/A] com.zaxxer.hikari.pool.HikariPool - HikariPool-1 - Fill pool skipped, pool has sufficient level or currently being filled.
2026-03-24 16:25:36.839 [HikariPool-1 connection closer] DEBUG [N/A] [N/A] com.zaxxer.hikari.pool.PoolBase - HikariPool-1 - Closing connection org.postgresql.jdbc.PgConnection@22b0fc9b: (connection has passed maxLifetime)
2026-03-24 16:25:37.069 [HikariPool-1 connection adder] DEBUG [N/A] [N/A] com.zaxxer.hikari.pool.HikariPool - HikariPool-1 - Added connection org.postgresql.jdbc.PgConnection@6f00bf5e
2026-03-24 16:25:37.104 [HikariPool-1 connection adder] DEBUG [N/A] [N/A] com.zaxxer.hikari.pool.HikariPool - HikariPool-1 - Connection not added, stats (total=5, active=0, idle=5, waiting=0)
2026-03-24 16:25:59.506 [HikariPool-1 housekeeper] DEBUG [N/A] [N/A] com.zaxxer.hikari.pool.HikariPool - HikariPool-1 - Before cleanup stats (total=5, active=0, idle=5, waiting=0)
2026-03-24 16:25:59.509 [HikariPool-1 housekeeper] DEBUG [N/A] [N/A] com.zaxxer.hikari.pool.HikariPool - HikariPool-1 - After cleanup  stats (total=5, active=0, idle=5, waiting=0)
2026-03-24 16:25:59.509 [HikariPool-1 housekeeper] DEBUG [N/A] [N/A] com.zaxxer.hikari.pool.HikariPool - HikariPool-1 - Fill pool skipped, pool has sufficient level or currently being filled.
2026-03-24 16:26:28.077 [HikariPool-1 connection closer] DEBUG [N/A] [N/A] com.zaxxer.hikari.pool.PoolBase - HikariPool-1 - Closing connection org.postgresql.jdbc.PgConnection@702b7241: (connection has passed maxLifetime)
2026-03-24 16:26:28.362 [HikariPool-1 connection adder] DEBUG [N/A] [N/A] com.zaxxer.hikari.pool.HikariPool - HikariPool-1 - Added connection org.postgresql.jdbc.PgConnection@7ac0f447
2026-03-24 16:26:28.398 [HikariPool-1 connection adder] DEBUG [N/A] [N/A] com.zaxxer.hikari.pool.HikariPool - HikariPool-1 - Connection not added, stats (total=5, active=0, idle=5, waiting=0)
2026-03-24 16:26:29.211 [HikariPool-1 connection closer] DEBUG [N/A] [N/A] com.zaxxer.hikari.pool.PoolBase - HikariPool-1 - Closing connection org.postgresql.jdbc.PgConnection@1d683a31: (connection has passed maxLifetime)
2026-03-24 16:26:29.449 [HikariPool-1 connection adder] DEBUG [N/A] [N/A] com.zaxxer.hikari.pool.HikariPool - HikariPool-1 - Added connection org.postgresql.jdbc.PgConnection@7407156f
2026-03-24 16:26:29.484 [HikariPool-1 connection adder] DEBUG [N/A] [N/A] com.zaxxer.hikari.pool.HikariPool - HikariPool-1 - Connection not added, stats (total=5, active=0, idle=5, waiting=0)
2026-03-24 16:26:29.516 [HikariPool-1 housekeeper] DEBUG [N/A] [N/A] com.zaxxer.hikari.pool.HikariPool - HikariPool-1 - Before cleanup stats (total=5, active=0, idle=5, waiting=0)
2026-03-24 16:26:29.518 [HikariPool-1 housekeeper] DEBUG [N/A] [N/A] com.zaxxer.hikari.pool.HikariPool - HikariPool-1 - After cleanup  stats (total=5, active=0, idle=5, waiting=0)
2026-03-24 16:26:29.518 [HikariPool-1 housekeeper] DEBUG [N/A] [N/A] com.zaxxer.hikari.pool.HikariPool - HikariPool-1 - Fill pool skipped, pool has sufficient level or currently being filled.
2026-03-24 16:26:59.522 [HikariPool-1 housekeeper] DEBUG [N/A] [N/A] com.zaxxer.hikari.pool.HikariPool - HikariPool-1 - Before cleanup stats (total=5, active=0, idle=5, waiting=0)
2026-03-24 16:26:59.523 [HikariPool-1 housekeeper] DEBUG [N/A] [N/A] com.zaxxer.hikari.pool.HikariPool - HikariPool-1 - After cleanup  stats (total=5, active=0, idle=5, waiting=0)
2026-03-24 16:26:59.524 [HikariPool-1 housekeeper] DEBUG [N/A] [N/A] com.zaxxer.hikari.pool.HikariPool - HikariPool-1 - Fill pool skipped, pool has sufficient level or currently being filled.
2026-03-24 16:27:29.529 [HikariPool-1 housekeeper] DEBUG [N/A] [N/A] com.zaxxer.hikari.pool.HikariPool - HikariPool-1 - Before cleanup stats (total=5, active=0, idle=5, waiting=0)
2026-03-24 16:27:29.531 [HikariPool-1 housekeeper] DEBUG [N/A] [N/A] com.zaxxer.hikari.pool.HikariPool - HikariPool-1 - After cleanup  stats (total=5, active=0, idle=5, waiting=0)
2026-03-24 16:27:29.531 [HikariPool-1 housekeeper] DEBUG [N/A] [N/A] com.zaxxer.hikari.pool.HikariPool - HikariPool-1 - Fill pool skipped, pool has sufficient level or currently being filled.
2026-03-24 16:27:59.536 [HikariPool-1 housekeeper] DEBUG [N/A] [N/A] com.zaxxer.hikari.pool.HikariPool - HikariPool-1 - Before cleanup stats (total=5, active=0, idle=5, waiting=0)
2026-03-24 16:27:59.536 [HikariPool-1 housekeeper] DEBUG [N/A] [N/A] com.zaxxer.hikari.pool.HikariPool - HikariPool-1 - After cleanup  stats (total=5, active=0, idle=5, waiting=0)
2026-03-24 16:27:59.536 [HikariPool-1 housekeeper] DEBUG [N/A] [N/A] com.zaxxer.hikari.pool.HikariPool - HikariPool-1 - Fill pool skipped, pool has sufficient level or currently being filled.
2026-03-24 16:28:29.541 [HikariPool-1 housekeeper] DEBUG [N/A] [N/A] com.zaxxer.hikari.pool.HikariPool - HikariPool-1 - Before cleanup stats (total=5, active=0, idle=5, waiting=0)
2026-03-24 16:28:29.542 [HikariPool-1 housekeeper] DEBUG [N/A] [N/A] com.zaxxer.hikari.pool.HikariPool - HikariPool-1 - After cleanup  stats (total=5, active=0, idle=5, waiting=0)
2026-03-24 16:28:29.542 [HikariPool-1 housekeeper] DEBUG [N/A] [N/A] com.zaxxer.hikari.pool.HikariPool - HikariPool-1 - Fill pool skipped, pool has sufficient level or currently being filled.
2026-03-24 16:28:59.546 [HikariPool-1 housekeeper] DEBUG [N/A] [N/A] com.zaxxer.hikari.pool.HikariPool - HikariPool-1 - Before cleanup stats (total=5, active=0, idle=5, waiting=0)
2026-03-24 16:28:59.549 [HikariPool-1 housekeeper] DEBUG [N/A] [N/A] com.zaxxer.hikari.pool.HikariPool - HikariPool-1 - After cleanup  stats (total=5, active=0, idle=5, waiting=0)
2026-03-24 16:28:59.549 [HikariPool-1 housekeeper] DEBUG [N/A] [N/A] com.zaxxer.hikari.pool.HikariPool - HikariPool-1 - Fill pool skipped, pool has sufficient level or currently being filled.
2026-03-24 16:29:29.552 [HikariPool-1 housekeeper] DEBUG [N/A] [N/A] com.zaxxer.hikari.pool.HikariPool - HikariPool-1 - Before cleanup stats (total=5, active=0, idle=5, waiting=0)
2026-03-24 16:29:29.553 [HikariPool-1 housekeeper] DEBUG [N/A] [N/A] com.zaxxer.hikari.pool.HikariPool - HikariPool-1 - After cleanup  stats (total=5, active=0, idle=5, waiting=0)
2026-03-24 16:29:29.555 [HikariPool-1 housekeeper] DEBUG [N/A] [N/A] com.zaxxer.hikari.pool.HikariPool - HikariPool-1 - Fill pool skipped, pool has sufficient level or currently being filled.
2026-03-24 16:29:59.560 [HikariPool-1 housekeeper] DEBUG [N/A] [N/A] com.zaxxer.hikari.pool.HikariPool - HikariPool-1 - Before cleanup stats (total=5, active=0, idle=5, waiting=0)
2026-03-24 16:29:59.560 [HikariPool-1 housekeeper] DEBUG [N/A] [N/A] com.zaxxer.hikari.pool.HikariPool - HikariPool-1 - After cleanup  stats (total=5, active=0, idle=5, waiting=0)
2026-03-24 16:29:59.563 [HikariPool-1 housekeeper] DEBUG [N/A] [N/A] com.zaxxer.hikari.pool.HikariPool - HikariPool-1 - Fill pool skipped, pool has sufficient level or currently being filled.
2026-03-24 16:30:29.564 [HikariPool-1 housekeeper] DEBUG [N/A] [N/A] com.zaxxer.hikari.pool.HikariPool - HikariPool-1 - Before cleanup stats (total=5, active=0, idle=5, waiting=0)
2026-03-24 16:30:29.565 [HikariPool-1 housekeeper] DEBUG [N/A] [N/A] com.zaxxer.hikari.pool.HikariPool - HikariPool-1 - After cleanup  stats (total=5, active=0, idle=5, waiting=0)
2026-03-24 16:30:29.566 [HikariPool-1 housekeeper] DEBUG [N/A] [N/A] com.zaxxer.hikari.pool.HikariPool - HikariPool-1 - Fill pool skipped, pool has sufficient level or currently being filled.
2026-03-24 16:30:59.567 [HikariPool-1 housekeeper] DEBUG [N/A] [N/A] com.zaxxer.hikari.pool.HikariPool - HikariPool-1 - Before cleanup stats (total=5, active=0, idle=5, waiting=0)
2026-03-24 16:30:59.569 [HikariPool-1 housekeeper] DEBUG [N/A] [N/A] com.zaxxer.hikari.pool.HikariPool - HikariPool-1 - After cleanup  stats (total=5, active=0, idle=5, waiting=0)
2026-03-24 16:30:59.570 [HikariPool-1 housekeeper] DEBUG [N/A] [N/A] com.zaxxer.hikari.pool.HikariPool - HikariPool-1 - Fill pool skipped, pool has sufficient level or currently being filled.
2026-03-24 16:31:29.574 [HikariPool-1 housekeeper] DEBUG [N/A] [N/A] com.zaxxer.hikari.pool.HikariPool - HikariPool-1 - Before cleanup stats (total=5, active=0, idle=5, waiting=0)
2026-03-24 16:31:29.576 [HikariPool-1 housekeeper] DEBUG [N/A] [N/A] com.zaxxer.hikari.pool.HikariPool - HikariPool-1 - After cleanup  stats (total=5, active=0, idle=5, waiting=0)
2026-03-24 16:31:29.576 [HikariPool-1 housekeeper] DEBUG [N/A] [N/A] com.zaxxer.hikari.pool.HikariPool - HikariPool-1 - Fill pool skipped, pool has sufficient level or currently being filled.
2026-03-24 16:31:59.580 [HikariPool-1 housekeeper] DEBUG [N/A] [N/A] com.zaxxer.hikari.pool.HikariPool - HikariPool-1 - Before cleanup stats (total=5, active=0, idle=5, waiting=0)
2026-03-24 16:31:59.582 [HikariPool-1 housekeeper] DEBUG [N/A] [N/A] com.zaxxer.hikari.pool.HikariPool - HikariPool-1 - After cleanup  stats (total=5, active=0, idle=5, waiting=0)
2026-03-24 16:31:59.582 [HikariPool-1 housekeeper] DEBUG [N/A] [N/A] com.zaxxer.hikari.pool.HikariPool - HikariPool-1 - Fill pool skipped, pool has sufficient level or currently being filled.
2026-03-24 16:32:29.586 [HikariPool-1 housekeeper] DEBUG [N/A] [N/A] com.zaxxer.hikari.pool.HikariPool - HikariPool-1 - Before cleanup stats (total=5, active=0, idle=5, waiting=0)
2026-03-24 16:32:29.587 [HikariPool-1 housekeeper] DEBUG [N/A] [N/A] com.zaxxer.hikari.pool.HikariPool - HikariPool-1 - After cleanup  stats (total=5, active=0, idle=5, waiting=0)
2026-03-24 16:32:29.587 [HikariPool-1 housekeeper] DEBUG [N/A] [N/A] com.zaxxer.hikari.pool.HikariPool - HikariPool-1 - Fill pool skipped, pool has sufficient level or currently being filled.
2026-03-24 16:32:59.590 [HikariPool-1 housekeeper] DEBUG [N/A] [N/A] com.zaxxer.hikari.pool.HikariPool - HikariPool-1 - Before cleanup stats (total=5, active=0, idle=5, waiting=0)
2026-03-24 16:32:59.591 [HikariPool-1 housekeeper] DEBUG [N/A] [N/A] com.zaxxer.hikari.pool.HikariPool - HikariPool-1 - After cleanup  stats (total=5, active=0, idle=5, waiting=0)
2026-03-24 16:32:59.593 [HikariPool-1 housekeeper] DEBUG [N/A] [N/A] com.zaxxer.hikari.pool.HikariPool - HikariPool-1 - Fill pool skipped, pool has sufficient level or currently being filled.
2026-03-24 16:33:29.596 [HikariPool-1 housekeeper] DEBUG [N/A] [N/A] com.zaxxer.hikari.pool.HikariPool - HikariPool-1 - Before cleanup stats (total=5, active=0, idle=5, waiting=0)
2026-03-24 16:33:29.596 [HikariPool-1 housekeeper] DEBUG [N/A] [N/A] com.zaxxer.hikari.pool.HikariPool - HikariPool-1 - After cleanup  stats (total=5, active=0, idle=5, waiting=0)
2026-03-24 16:33:29.596 [HikariPool-1 housekeeper] DEBUG [N/A] [N/A] com.zaxxer.hikari.pool.HikariPool - HikariPool-1 - Fill pool skipped, pool has sufficient level or currently being filled.
2026-03-24 16:33:59.601 [HikariPool-1 housekeeper] DEBUG [N/A] [N/A] com.zaxxer.hikari.pool.HikariPool - HikariPool-1 - Before cleanup stats (total=5, active=0, idle=5, waiting=0)
2026-03-24 16:33:59.601 [HikariPool-1 housekeeper] DEBUG [N/A] [N/A] com.zaxxer.hikari.pool.HikariPool - HikariPool-1 - After cleanup  stats (total=5, active=0, idle=5, waiting=0)
2026-03-24 16:33:59.601 [HikariPool-1 housekeeper] DEBUG [N/A] [N/A] com.zaxxer.hikari.pool.HikariPool - HikariPool-1 - Fill pool skipped, pool has sufficient level or currently being filled.
2026-03-24 16:34:29.606 [HikariPool-1 housekeeper] DEBUG [N/A] [N/A] com.zaxxer.hikari.pool.HikariPool - HikariPool-1 - Before cleanup stats (total=5, active=0, idle=5, waiting=0)
2026-03-24 16:34:29.606 [HikariPool-1 housekeeper] DEBUG [N/A] [N/A] com.zaxxer.hikari.pool.HikariPool - HikariPool-1 - After cleanup  stats (total=5, active=0, idle=5, waiting=0)
2026-03-24 16:34:29.606 [HikariPool-1 housekeeper] DEBUG [N/A] [N/A] com.zaxxer.hikari.pool.HikariPool - HikariPool-1 - Fill pool skipped, pool has sufficient level or currently being filled.
2026-03-24 16:34:59.611 [HikariPool-1 housekeeper] DEBUG [N/A] [N/A] com.zaxxer.hikari.pool.HikariPool - HikariPool-1 - Before cleanup stats (total=5, active=0, idle=5, waiting=0)
2026-03-24 16:34:59.611 [HikariPool-1 housekeeper] DEBUG [N/A] [N/A] com.zaxxer.hikari.pool.HikariPool - HikariPool-1 - After cleanup  stats (total=5, active=0, idle=5, waiting=0)
2026-03-24 16:34:59.611 [HikariPool-1 housekeeper] DEBUG [N/A] [N/A] com.zaxxer.hikari.pool.HikariPool - HikariPool-1 - Fill pool skipped, pool has sufficient level or currently being filled.
2026-03-24 16:35:29.613 [HikariPool-1 housekeeper] DEBUG [N/A] [N/A] com.zaxxer.hikari.pool.HikariPool - HikariPool-1 - Before cleanup stats (total=5, active=0, idle=5, waiting=0)
2026-03-24 16:35:29.614 [HikariPool-1 housekeeper] DEBUG [N/A] [N/A] com.zaxxer.hikari.pool.HikariPool - HikariPool-1 - After cleanup  stats (total=5, active=0, idle=5, waiting=0)
2026-03-24 16:35:29.614 [HikariPool-1 housekeeper] DEBUG [N/A] [N/A] com.zaxxer.hikari.pool.HikariPool - HikariPool-1 - Fill pool skipped, pool has sufficient level or currently being filled.
2026-03-24 16:35:59.617 [HikariPool-1 housekeeper] DEBUG [N/A] [N/A] com.zaxxer.hikari.pool.HikariPool - HikariPool-1 - Before cleanup stats (total=5, active=0, idle=5, waiting=0)
2026-03-24 16:35:59.617 [HikariPool-1 housekeeper] DEBUG [N/A] [N/A] com.zaxxer.hikari.pool.HikariPool - HikariPool-1 - After cleanup  stats (total=5, active=0, idle=5, waiting=0)
2026-03-24 16:35:59.617 [HikariPool-1 housekeeper] DEBUG [N/A] [N/A] com.zaxxer.hikari.pool.HikariPool - HikariPool-1 - Fill pool skipped, pool has sufficient level or currently being filled.
2026-03-24 16:36:29.624 [HikariPool-1 housekeeper] DEBUG [N/A] [N/A] com.zaxxer.hikari.pool.HikariPool - HikariPool-1 - Before cleanup stats (total=5, active=0, idle=5, waiting=0)
2026-03-24 16:36:29.624 [HikariPool-1 housekeeper] DEBUG [N/A] [N/A] com.zaxxer.hikari.pool.HikariPool - HikariPool-1 - After cleanup  stats (total=5, active=0, idle=5, waiting=0)
2026-03-24 16:36:29.624 [HikariPool-1 housekeeper] DEBUG [N/A] [N/A] com.zaxxer.hikari.pool.HikariPool - HikariPool-1 - Fill pool skipped, pool has sufficient level or currently being filled.
2026-03-24 16:36:59.628 [HikariPool-1 housekeeper] DEBUG [N/A] [N/A] com.zaxxer.hikari.pool.HikariPool - HikariPool-1 - Before cleanup stats (total=5, active=0, idle=5, waiting=0)
2026-03-24 16:36:59.629 [HikariPool-1 housekeeper] DEBUG [N/A] [N/A] com.zaxxer.hikari.pool.HikariPool - HikariPool-1 - After cleanup  stats (total=5, active=0, idle=5, waiting=0)
2026-03-24 16:36:59.631 [HikariPool-1 housekeeper] DEBUG [N/A] [N/A] com.zaxxer.hikari.pool.HikariPool - HikariPool-1 - Fill pool skipped, pool has sufficient level or currently being filled.
2026-03-24 16:37:29.636 [HikariPool-1 housekeeper] DEBUG [N/A] [N/A] com.zaxxer.hikari.pool.HikariPool - HikariPool-1 - Before cleanup stats (total=5, active=0, idle=5, waiting=0)
2026-03-24 16:37:29.637 [HikariPool-1 housekeeper] DEBUG [N/A] [N/A] com.zaxxer.hikari.pool.HikariPool - HikariPool-1 - After cleanup  stats (total=5, active=0, idle=5, waiting=0)
2026-03-24 16:37:29.637 [HikariPool-1 housekeeper] DEBUG [N/A] [N/A] com.zaxxer.hikari.pool.HikariPool - HikariPool-1 - Fill pool skipped, pool has sufficient level or currently being filled.
2026-03-24 16:37:59.640 [HikariPool-1 housekeeper] DEBUG [N/A] [N/A] com.zaxxer.hikari.pool.HikariPool - HikariPool-1 - Before cleanup stats (total=5, active=0, idle=5, waiting=0)
2026-03-24 16:37:59.640 [HikariPool-1 housekeeper] DEBUG [N/A] [N/A] com.zaxxer.hikari.pool.HikariPool - HikariPool-1 - After cleanup  stats (total=5, active=0, idle=5, waiting=0)
2026-03-24 16:37:59.640 [HikariPool-1 housekeeper] DEBUG [N/A] [N/A] com.zaxxer.hikari.pool.HikariPool - HikariPool-1 - Fill pool skipped, pool has sufficient level or currently being filled.
2026-03-24 16:38:29.645 [HikariPool-1 housekeeper] DEBUG [N/A] [N/A] com.zaxxer.hikari.pool.HikariPool - HikariPool-1 - Before cleanup stats (total=5, active=0, idle=5, waiting=0)
2026-03-24 16:38:29.645 [HikariPool-1 housekeeper] DEBUG [N/A] [N/A] com.zaxxer.hikari.pool.HikariPool - HikariPool-1 - After cleanup  stats (total=5, active=0, idle=5, waiting=0)
2026-03-24 16:38:29.646 [HikariPool-1 housekeeper] DEBUG [N/A] [N/A] com.zaxxer.hikari.pool.HikariPool - HikariPool-1 - Fill pool skipped, pool has sufficient level or currently being filled.
2026-03-24 16:38:59.648 [HikariPool-1 housekeeper] DEBUG [N/A] [N/A] com.zaxxer.hikari.pool.HikariPool - HikariPool-1 - Before cleanup stats (total=5, active=0, idle=5, waiting=0)
2026-03-24 16:38:59.651 [HikariPool-1 housekeeper] DEBUG [N/A] [N/A] com.zaxxer.hikari.pool.HikariPool - HikariPool-1 - After cleanup  stats (total=5, active=0, idle=5, waiting=0)
2026-03-24 16:38:59.651 [HikariPool-1 housekeeper] DEBUG [N/A] [N/A] com.zaxxer.hikari.pool.HikariPool - HikariPool-1 - Fill pool skipped, pool has sufficient level or currently being filled.
2026-03-24 16:39:29.656 [HikariPool-1 housekeeper] DEBUG [N/A] [N/A] com.zaxxer.hikari.pool.HikariPool - HikariPool-1 - Before cleanup stats (total=5, active=0, idle=5, waiting=0)
2026-03-24 16:39:29.659 [HikariPool-1 housekeeper] DEBUG [N/A] [N/A] com.zaxxer.hikari.pool.HikariPool - HikariPool-1 - After cleanup  stats (total=5, active=0, idle=5, waiting=0)
2026-03-24 16:39:29.659 [HikariPool-1 housekeeper] DEBUG [N/A] [N/A] com.zaxxer.hikari.pool.HikariPool - HikariPool-1 - Fill pool skipped, pool has sufficient level or currently being filled.
2026-03-24 16:39:59.664 [HikariPool-1 housekeeper] DEBUG [N/A] [N/A] com.zaxxer.hikari.pool.HikariPool - HikariPool-1 - Before cleanup stats (total=5, active=0, idle=5, waiting=0)
2026-03-24 16:39:59.664 [HikariPool-1 housekeeper] DEBUG [N/A] [N/A] com.zaxxer.hikari.pool.HikariPool - HikariPool-1 - After cleanup  stats (total=5, active=0, idle=5, waiting=0)
2026-03-24 16:39:59.666 [HikariPool-1 housekeeper] DEBUG [N/A] [N/A] com.zaxxer.hikari.pool.HikariPool - HikariPool-1 - Fill pool skipped, pool has sufficient level or currently being filled.
2026-03-24 16:40:29.672 [HikariPool-1 housekeeper] DEBUG [N/A] [N/A] com.zaxxer.hikari.pool.HikariPool - HikariPool-1 - Before cleanup stats (total=5, active=0, idle=5, waiting=0)
2026-03-24 16:40:29.674 [HikariPool-1 housekeeper] DEBUG [N/A] [N/A] com.zaxxer.hikari.pool.HikariPool - HikariPool-1 - After cleanup  stats (total=5, active=0, idle=5, waiting=0)
2026-03-24 16:40:29.674 [HikariPool-1 housekeeper] DEBUG [N/A] [N/A] com.zaxxer.hikari.pool.HikariPool - HikariPool-1 - Fill pool skipped, pool has sufficient level or currently being filled.
2026-03-24 16:40:59.679 [HikariPool-1 housekeeper] DEBUG [N/A] [N/A] com.zaxxer.hikari.pool.HikariPool - HikariPool-1 - Before cleanup stats (total=5, active=0, idle=5, waiting=0)
2026-03-24 16:40:59.679 [HikariPool-1 housekeeper] DEBUG [N/A] [N/A] com.zaxxer.hikari.pool.HikariPool - HikariPool-1 - After cleanup  stats (total=5, active=0, idle=5, waiting=0)
2026-03-24 16:40:59.680 [HikariPool-1 housekeeper] DEBUG [N/A] [N/A] com.zaxxer.hikari.pool.HikariPool - HikariPool-1 - Fill pool skipped, pool has sufficient level or currently being filled.
2026-03-24 16:41:29.684 [HikariPool-1 housekeeper] DEBUG [N/A] [N/A] com.zaxxer.hikari.pool.HikariPool - HikariPool-1 - Before cleanup stats (total=5, active=0, idle=5, waiting=0)
2026-03-24 16:41:29.685 [HikariPool-1 housekeeper] DEBUG [N/A] [N/A] com.zaxxer.hikari.pool.HikariPool - HikariPool-1 - After cleanup  stats (total=5, active=0, idle=5, waiting=0)
2026-03-24 16:41:29.685 [HikariPool-1 housekeeper] DEBUG [N/A] [N/A] com.zaxxer.hikari.pool.HikariPool - HikariPool-1 - Fill pool skipped, pool has sufficient level or currently being filled.
2026-03-24 16:41:59.689 [HikariPool-1 housekeeper] DEBUG [N/A] [N/A] com.zaxxer.hikari.pool.HikariPool - HikariPool-1 - Before cleanup stats (total=5, active=0, idle=5, waiting=0)
2026-03-24 16:41:59.690 [HikariPool-1 housekeeper] DEBUG [N/A] [N/A] com.zaxxer.hikari.pool.HikariPool - HikariPool-1 - After cleanup  stats (total=5, active=0, idle=5, waiting=0)
2026-03-24 16:41:59.690 [HikariPool-1 housekeeper] DEBUG [N/A] [N/A] com.zaxxer.hikari.pool.HikariPool - HikariPool-1 - Fill pool skipped, pool has sufficient level or currently being filled.
2026-03-24 16:42:29.697 [HikariPool-1 housekeeper] DEBUG [N/A] [N/A] com.zaxxer.hikari.pool.HikariPool - HikariPool-1 - Before cleanup stats (total=5, active=0, idle=5, waiting=0)
2026-03-24 16:42:29.700 [HikariPool-1 housekeeper] DEBUG [N/A] [N/A] com.zaxxer.hikari.pool.HikariPool - HikariPool-1 - After cleanup  stats (total=5, active=0, idle=5, waiting=0)
2026-03-24 16:42:29.700 [HikariPool-1 housekeeper] DEBUG [N/A] [N/A] com.zaxxer.hikari.pool.HikariPool - HikariPool-1 - Fill pool skipped, pool has sufficient level or currently being filled.
2026-03-24 16:42:59.705 [HikariPool-1 housekeeper] DEBUG [N/A] [N/A] com.zaxxer.hikari.pool.HikariPool - HikariPool-1 - Before cleanup stats (total=5, active=0, idle=5, waiting=0)
2026-03-24 16:42:59.705 [HikariPool-1 housekeeper] DEBUG [N/A] [N/A] com.zaxxer.hikari.pool.HikariPool - HikariPool-1 - After cleanup  stats (total=5, active=0, idle=5, waiting=0)
2026-03-24 16:42:59.705 [HikariPool-1 housekeeper] DEBUG [N/A] [N/A] com.zaxxer.hikari.pool.HikariPool - HikariPool-1 - Fill pool skipped, pool has sufficient level or currently being filled.
2026-03-24 16:43:29.707 [HikariPool-1 housekeeper] DEBUG [N/A] [N/A] com.zaxxer.hikari.pool.HikariPool - HikariPool-1 - Before cleanup stats (total=5, active=0, idle=5, waiting=0)
2026-03-24 16:43:29.709 [HikariPool-1 housekeeper] DEBUG [N/A] [N/A] com.zaxxer.hikari.pool.HikariPool - HikariPool-1 - After cleanup  stats (total=5, active=0, idle=5, waiting=0)
2026-03-24 16:43:29.709 [HikariPool-1 housekeeper] DEBUG [N/A] [N/A] com.zaxxer.hikari.pool.HikariPool - HikariPool-1 - Fill pool skipped, pool has sufficient level or currently being filled.
2026-03-24 16:43:59.713 [HikariPool-1 housekeeper] DEBUG [N/A] [N/A] com.zaxxer.hikari.pool.HikariPool - HikariPool-1 - Before cleanup stats (total=5, active=0, idle=5, waiting=0)
2026-03-24 16:43:59.714 [HikariPool-1 housekeeper] DEBUG [N/A] [N/A] com.zaxxer.hikari.pool.HikariPool - HikariPool-1 - After cleanup  stats (total=5, active=0, idle=5, waiting=0)
2026-03-24 16:43:59.714 [HikariPool-1 housekeeper] DEBUG [N/A] [N/A] com.zaxxer.hikari.pool.HikariPool - HikariPool-1 - Fill pool skipped, pool has sufficient level or currently being filled.
2026-03-24 16:44:29.719 [HikariPool-1 housekeeper] DEBUG [N/A] [N/A] com.zaxxer.hikari.pool.HikariPool - HikariPool-1 - Before cleanup stats (total=5, active=0, idle=5, waiting=0)
2026-03-24 16:44:29.719 [HikariPool-1 housekeeper] DEBUG [N/A] [N/A] com.zaxxer.hikari.pool.HikariPool - HikariPool-1 - After cleanup  stats (total=5, active=0, idle=5, waiting=0)
2026-03-24 16:44:29.719 [HikariPool-1 housekeeper] DEBUG [N/A] [N/A] com.zaxxer.hikari.pool.HikariPool - HikariPool-1 - Fill pool skipped, pool has sufficient level or currently being filled.
2026-03-24 16:44:59.724 [HikariPool-1 housekeeper] DEBUG [N/A] [N/A] com.zaxxer.hikari.pool.HikariPool - HikariPool-1 - Before cleanup stats (total=5, active=0, idle=5, waiting=0)
2026-03-24 16:44:59.724 [HikariPool-1 housekeeper] DEBUG [N/A] [N/A] com.zaxxer.hikari.pool.HikariPool - HikariPool-1 - After cleanup  stats (total=5, active=0, idle=5, waiting=0)
2026-03-24 16:44:59.724 [HikariPool-1 housekeeper] DEBUG [N/A] [N/A] com.zaxxer.hikari.pool.HikariPool - HikariPool-1 - Fill pool skipped, pool has sufficient level or currently being filled.
2026-03-24 16:45:29.725 [HikariPool-1 housekeeper] DEBUG [N/A] [N/A] com.zaxxer.hikari.pool.HikariPool - HikariPool-1 - Before cleanup stats (total=5, active=0, idle=5, waiting=0)
2026-03-24 16:45:29.725 [HikariPool-1 housekeeper] DEBUG [N/A] [N/A] com.zaxxer.hikari.pool.HikariPool - HikariPool-1 - After cleanup  stats (total=5, active=0, idle=5, waiting=0)
2026-03-24 16:45:29.726 [HikariPool-1 housekeeper] DEBUG [N/A] [N/A] com.zaxxer.hikari.pool.HikariPool - HikariPool-1 - Fill pool skipped, pool has sufficient level or currently being filled.
2026-03-24 16:45:59.723 [HikariPool-1 housekeeper] DEBUG [N/A] [N/A] com.zaxxer.hikari.pool.HikariPool - HikariPool-1 - Before cleanup stats (total=5, active=0, idle=5, waiting=0)
2026-03-24 16:45:59.725 [HikariPool-1 housekeeper] DEBUG [N/A] [N/A] com.zaxxer.hikari.pool.HikariPool - HikariPool-1 - After cleanup  stats (total=5, active=0, idle=5, waiting=0)
2026-03-24 16:45:59.725 [HikariPool-1 housekeeper] DEBUG [N/A] [N/A] com.zaxxer.hikari.pool.HikariPool - HikariPool-1 - Fill pool skipped, pool has sufficient level or currently being filled.
2026-03-24 16:46:29.730 [HikariPool-1 housekeeper] DEBUG [N/A] [N/A] com.zaxxer.hikari.pool.HikariPool - HikariPool-1 - Before cleanup stats (total=5, active=0, idle=5, waiting=0)
2026-03-24 16:46:29.730 [HikariPool-1 housekeeper] DEBUG [N/A] [N/A] com.zaxxer.hikari.pool.HikariPool - HikariPool-1 - After cleanup  stats (total=5, active=0, idle=5, waiting=0)
2026-03-24 16:46:29.731 [HikariPool-1 housekeeper] DEBUG [N/A] [N/A] com.zaxxer.hikari.pool.HikariPool - HikariPool-1 - Fill pool skipped, pool has sufficient level or currently being filled.
2026-03-24 16:46:59.736 [HikariPool-1 housekeeper] DEBUG [N/A] [N/A] com.zaxxer.hikari.pool.HikariPool - HikariPool-1 - Before cleanup stats (total=5, active=0, idle=5, waiting=0)
2026-03-24 16:46:59.736 [HikariPool-1 housekeeper] DEBUG [N/A] [N/A] com.zaxxer.hikari.pool.HikariPool - HikariPool-1 - After cleanup  stats (total=5, active=0, idle=5, waiting=0)
2026-03-24 16:46:59.736 [HikariPool-1 housekeeper] DEBUG [N/A] [N/A] com.zaxxer.hikari.pool.HikariPool - HikariPool-1 - Fill pool skipped, pool has sufficient level or currently being filled.
2026-03-24 16:47:29.741 [HikariPool-1 housekeeper] DEBUG [N/A] [N/A] com.zaxxer.hikari.pool.HikariPool - HikariPool-1 - Before cleanup stats (total=5, active=0, idle=5, waiting=0)
2026-03-24 16:47:29.742 [HikariPool-1 housekeeper] DEBUG [N/A] [N/A] com.zaxxer.hikari.pool.HikariPool - HikariPool-1 - After cleanup  stats (total=5, active=0, idle=5, waiting=0)
2026-03-24 16:47:29.742 [HikariPool-1 housekeeper] DEBUG [N/A] [N/A] com.zaxxer.hikari.pool.HikariPool - HikariPool-1 - Fill pool skipped, pool has sufficient level or currently being filled.
2026-03-24 16:47:59.747 [HikariPool-1 housekeeper] DEBUG [N/A] [N/A] com.zaxxer.hikari.pool.HikariPool - HikariPool-1 - Before cleanup stats (total=5, active=0, idle=5, waiting=0)
2026-03-24 16:47:59.747 [HikariPool-1 housekeeper] DEBUG [N/A] [N/A] com.zaxxer.hikari.pool.HikariPool - HikariPool-1 - After cleanup  stats (total=5, active=0, idle=5, waiting=0)
2026-03-24 16:47:59.747 [HikariPool-1 housekeeper] DEBUG [N/A] [N/A] com.zaxxer.hikari.pool.HikariPool - HikariPool-1 - Fill pool skipped, pool has sufficient level or currently being filled.
2026-03-24 16:48:29.750 [HikariPool-1 housekeeper] DEBUG [N/A] [N/A] com.zaxxer.hikari.pool.HikariPool - HikariPool-1 - Before cleanup stats (total=5, active=0, idle=5, waiting=0)
2026-03-24 16:48:29.753 [HikariPool-1 housekeeper] DEBUG [N/A] [N/A] com.zaxxer.hikari.pool.HikariPool - HikariPool-1 - After cleanup  stats (total=5, active=0, idle=5, waiting=0)
2026-03-24 16:48:29.753 [HikariPool-1 housekeeper] DEBUG [N/A] [N/A] com.zaxxer.hikari.pool.HikariPool - HikariPool-1 - Fill pool skipped, pool has sufficient level or currently being filled.
2026-03-24 16:48:59.758 [HikariPool-1 housekeeper] DEBUG [N/A] [N/A] com.zaxxer.hikari.pool.HikariPool - HikariPool-1 - Before cleanup stats (total=5, active=0, idle=5, waiting=0)
2026-03-24 16:48:59.758 [HikariPool-1 housekeeper] DEBUG [N/A] [N/A] com.zaxxer.hikari.pool.HikariPool - HikariPool-1 - After cleanup  stats (total=5, active=0, idle=5, waiting=0)
2026-03-24 16:48:59.758 [HikariPool-1 housekeeper] DEBUG [N/A] [N/A] com.zaxxer.hikari.pool.HikariPool - HikariPool-1 - Fill pool skipped, pool has sufficient level or currently being filled.
2026-03-24 16:49:29.764 [HikariPool-1 housekeeper] DEBUG [N/A] [N/A] com.zaxxer.hikari.pool.HikariPool - HikariPool-1 - Before cleanup stats (total=5, active=0, idle=5, waiting=0)
2026-03-24 16:49:29.766 [HikariPool-1 housekeeper] DEBUG [N/A] [N/A] com.zaxxer.hikari.pool.HikariPool - HikariPool-1 - After cleanup  stats (total=5, active=0, idle=5, waiting=0)
2026-03-24 16:49:29.766 [HikariPool-1 housekeeper] DEBUG [N/A] [N/A] com.zaxxer.hikari.pool.HikariPool - HikariPool-1 - Fill pool skipped, pool has sufficient level or currently being filled.
2026-03-24 16:49:59.771 [HikariPool-1 housekeeper] DEBUG [N/A] [N/A] com.zaxxer.hikari.pool.HikariPool - HikariPool-1 - Before cleanup stats (total=5, active=0, idle=5, waiting=0)
2026-03-24 16:49:59.771 [HikariPool-1 housekeeper] DEBUG [N/A] [N/A] com.zaxxer.hikari.pool.HikariPool - HikariPool-1 - After cleanup  stats (total=5, active=0, idle=5, waiting=0)
2026-03-24 16:49:59.771 [HikariPool-1 housekeeper] DEBUG [N/A] [N/A] com.zaxxer.hikari.pool.HikariPool - HikariPool-1 - Fill pool skipped, pool has sufficient level or currently being filled.
2026-03-24 16:50:29.776 [HikariPool-1 housekeeper] DEBUG [N/A] [N/A] com.zaxxer.hikari.pool.HikariPool - HikariPool-1 - Before cleanup stats (total=5, active=0, idle=5, waiting=0)
2026-03-24 16:50:29.776 [HikariPool-1 housekeeper] DEBUG [N/A] [N/A] com.zaxxer.hikari.pool.HikariPool - HikariPool-1 - After cleanup  stats (total=5, active=0, idle=5, waiting=0)
2026-03-24 16:50:29.776 [HikariPool-1 housekeeper] DEBUG [N/A] [N/A] com.zaxxer.hikari.pool.HikariPool - HikariPool-1 - Fill pool skipped, pool has sufficient level or currently being filled.
2026-03-24 16:50:59.781 [HikariPool-1 housekeeper] DEBUG [N/A] [N/A] com.zaxxer.hikari.pool.HikariPool - HikariPool-1 - Before cleanup stats (total=5, active=0, idle=5, waiting=0)
2026-03-24 16:50:59.782 [HikariPool-1 housekeeper] DEBUG [N/A] [N/A] com.zaxxer.hikari.pool.HikariPool - HikariPool-1 - After cleanup  stats (total=5, active=0, idle=5, waiting=0)
2026-03-24 16:50:59.782 [HikariPool-1 housekeeper] DEBUG [N/A] [N/A] com.zaxxer.hikari.pool.HikariPool - HikariPool-1 - Fill pool skipped, pool has sufficient level or currently being filled.
2026-03-24 16:51:29.787 [HikariPool-1 housekeeper] DEBUG [N/A] [N/A] com.zaxxer.hikari.pool.HikariPool - HikariPool-1 - Before cleanup stats (total=5, active=0, idle=5, waiting=0)
2026-03-24 16:51:29.787 [HikariPool-1 housekeeper] DEBUG [N/A] [N/A] com.zaxxer.hikari.pool.HikariPool - HikariPool-1 - After cleanup  stats (total=5, active=0, idle=5, waiting=0)
2026-03-24 16:51:29.787 [HikariPool-1 housekeeper] DEBUG [N/A] [N/A] com.zaxxer.hikari.pool.HikariPool - HikariPool-1 - Fill pool skipped, pool has sufficient level or currently being filled.
2026-03-24 16:51:59.791 [HikariPool-1 housekeeper] DEBUG [N/A] [N/A] com.zaxxer.hikari.pool.HikariPool - HikariPool-1 - Before cleanup stats (total=5, active=0, idle=5, waiting=0)
2026-03-24 16:51:59.791 [HikariPool-1 housekeeper] DEBUG [N/A] [N/A] com.zaxxer.hikari.pool.HikariPool - HikariPool-1 - After cleanup  stats (total=5, active=0, idle=5, waiting=0)
2026-03-24 16:51:59.792 [HikariPool-1 housekeeper] DEBUG [N/A] [N/A] com.zaxxer.hikari.pool.HikariPool - HikariPool-1 - Fill pool skipped, pool has sufficient level or currently being filled.
2026-03-24 16:52:29.797 [HikariPool-1 housekeeper] DEBUG [N/A] [N/A] com.zaxxer.hikari.pool.HikariPool - HikariPool-1 - Before cleanup stats (total=5, active=0, idle=5, waiting=0)
2026-03-24 16:52:29.799 [HikariPool-1 housekeeper] DEBUG [N/A] [N/A] com.zaxxer.hikari.pool.HikariPool - HikariPool-1 - After cleanup  stats (total=5, active=0, idle=5, waiting=0)
2026-03-24 16:52:29.799 [HikariPool-1 housekeeper] DEBUG [N/A] [N/A] com.zaxxer.hikari.pool.HikariPool - HikariPool-1 - Fill pool skipped, pool has sufficient level or currently being filled.
2026-03-24 16:52:59.805 [HikariPool-1 housekeeper] DEBUG [N/A] [N/A] com.zaxxer.hikari.pool.HikariPool - HikariPool-1 - Before cleanup stats (total=5, active=0, idle=5, waiting=0)
2026-03-24 16:52:59.807 [HikariPool-1 housekeeper] DEBUG [N/A] [N/A] com.zaxxer.hikari.pool.HikariPool - HikariPool-1 - After cleanup  stats (total=5, active=0, idle=5, waiting=0)
2026-03-24 16:52:59.807 [HikariPool-1 housekeeper] DEBUG [N/A] [N/A] com.zaxxer.hikari.pool.HikariPool - HikariPool-1 - Fill pool skipped, pool has sufficient level or currently being filled.
2026-03-24 16:53:29.813 [HikariPool-1 housekeeper] DEBUG [N/A] [N/A] com.zaxxer.hikari.pool.HikariPool - HikariPool-1 - Before cleanup stats (total=5, active=0, idle=5, waiting=0)
2026-03-24 16:53:29.814 [HikariPool-1 housekeeper] DEBUG [N/A] [N/A] com.zaxxer.hikari.pool.HikariPool - HikariPool-1 - After cleanup  stats (total=5, active=0, idle=5, waiting=0)
2026-03-24 16:53:29.814 [HikariPool-1 housekeeper] DEBUG [N/A] [N/A] com.zaxxer.hikari.pool.HikariPool - HikariPool-1 - Fill pool skipped, pool has sufficient level or currently being filled.
2026-03-24 16:53:59.819 [HikariPool-1 housekeeper] DEBUG [N/A] [N/A] com.zaxxer.hikari.pool.HikariPool - HikariPool-1 - Before cleanup stats (total=5, active=0, idle=5, waiting=0)
2026-03-24 16:53:59.819 [HikariPool-1 housekeeper] DEBUG [N/A] [N/A] com.zaxxer.hikari.pool.HikariPool - HikariPool-1 - After cleanup  stats (total=5, active=0, idle=5, waiting=0)
2026-03-24 16:53:59.819 [HikariPool-1 housekeeper] DEBUG [N/A] [N/A] com.zaxxer.hikari.pool.HikariPool - HikariPool-1 - Fill pool skipped, pool has sufficient level or currently being filled.
2026-03-24 16:54:29.824 [HikariPool-1 housekeeper] DEBUG [N/A] [N/A] com.zaxxer.hikari.pool.HikariPool - HikariPool-1 - Before cleanup stats (total=5, active=0, idle=5, waiting=0)
2026-03-24 16:54:29.825 [HikariPool-1 housekeeper] DEBUG [N/A] [N/A] com.zaxxer.hikari.pool.HikariPool - HikariPool-1 - After cleanup  stats (total=5, active=0, idle=5, waiting=0)
2026-03-24 16:54:29.825 [HikariPool-1 housekeeper] DEBUG [N/A] [N/A] com.zaxxer.hikari.pool.HikariPool - HikariPool-1 - Fill pool skipped, pool has sufficient level or currently being filled.
2026-03-24 16:54:36.807 [HikariPool-1 connection closer] DEBUG [N/A] [N/A] com.zaxxer.hikari.pool.PoolBase - HikariPool-1 - Closing connection org.postgresql.jdbc.PgConnection@3a336b35: (connection has passed maxLifetime)
2026-03-24 16:54:37.110 [HikariPool-1 connection adder] DEBUG [N/A] [N/A] com.zaxxer.hikari.pool.HikariPool - HikariPool-1 - Added connection org.postgresql.jdbc.PgConnection@50733ee0
2026-03-24 16:54:37.145 [HikariPool-1 connection adder] DEBUG [N/A] [N/A] com.zaxxer.hikari.pool.HikariPool - HikariPool-1 - Connection not added, stats (total=5, active=0, idle=5, waiting=0)
2026-03-24 16:54:40.353 [HikariPool-1 connection closer] DEBUG [N/A] [N/A] com.zaxxer.hikari.pool.PoolBase - HikariPool-1 - Closing connection org.postgresql.jdbc.PgConnection@4ba53496: (connection has passed maxLifetime)
2026-03-24 16:54:40.716 [HikariPool-1 connection adder] DEBUG [N/A] [N/A] com.zaxxer.hikari.pool.HikariPool - HikariPool-1 - Added connection org.postgresql.jdbc.PgConnection@5eb4da9e
2026-03-24 16:54:40.749 [HikariPool-1 connection adder] DEBUG [N/A] [N/A] com.zaxxer.hikari.pool.HikariPool - HikariPool-1 - Connection not added, stats (total=5, active=0, idle=5, waiting=0)
2026-03-24 16:54:59.832 [HikariPool-1 housekeeper] DEBUG [N/A] [N/A] com.zaxxer.hikari.pool.HikariPool - HikariPool-1 - Before cleanup stats (total=5, active=0, idle=5, waiting=0)
2026-03-24 16:54:59.832 [HikariPool-1 housekeeper] DEBUG [N/A] [N/A] com.zaxxer.hikari.pool.HikariPool - HikariPool-1 - After cleanup  stats (total=5, active=0, idle=5, waiting=0)
2026-03-24 16:54:59.832 [HikariPool-1 housekeeper] DEBUG [N/A] [N/A] com.zaxxer.hikari.pool.HikariPool - HikariPool-1 - Fill pool skipped, pool has sufficient level or currently being filled.
2026-03-24 16:55:19.970 [HikariPool-1 connection closer] DEBUG [N/A] [N/A] com.zaxxer.hikari.pool.PoolBase - HikariPool-1 - Closing connection org.postgresql.jdbc.PgConnection@6f00bf5e: (connection has passed maxLifetime)
2026-03-24 16:55:20.175 [HikariPool-1 connection adder] DEBUG [N/A] [N/A] com.zaxxer.hikari.pool.HikariPool - HikariPool-1 - Added connection org.postgresql.jdbc.PgConnection@7aacc102
2026-03-24 16:55:20.210 [HikariPool-1 connection adder] DEBUG [N/A] [N/A] com.zaxxer.hikari.pool.HikariPool - HikariPool-1 - Connection not added, stats (total=5, active=0, idle=5, waiting=0)
2026-03-24 16:55:29.837 [HikariPool-1 housekeeper] DEBUG [N/A] [N/A] com.zaxxer.hikari.pool.HikariPool - HikariPool-1 - Before cleanup stats (total=5, active=0, idle=5, waiting=0)
2026-03-24 16:55:29.837 [HikariPool-1 housekeeper] DEBUG [N/A] [N/A] com.zaxxer.hikari.pool.HikariPool - HikariPool-1 - After cleanup  stats (total=5, active=0, idle=5, waiting=0)
2026-03-24 16:55:29.837 [HikariPool-1 housekeeper] DEBUG [N/A] [N/A] com.zaxxer.hikari.pool.HikariPool - HikariPool-1 - Fill pool skipped, pool has sufficient level or currently being filled.
2026-03-24 16:55:44.868 [HikariPool-1 connection closer] DEBUG [N/A] [N/A] com.zaxxer.hikari.pool.PoolBase - HikariPool-1 - Closing connection org.postgresql.jdbc.PgConnection@7ac0f447: (connection has passed maxLifetime)
2026-03-24 16:55:45.155 [HikariPool-1 connection adder] DEBUG [N/A] [N/A] com.zaxxer.hikari.pool.HikariPool - HikariPool-1 - Added connection org.postgresql.jdbc.PgConnection@47e8a5c9
2026-03-24 16:55:45.193 [HikariPool-1 connection adder] DEBUG [N/A] [N/A] com.zaxxer.hikari.pool.HikariPool - HikariPool-1 - Connection not added, stats (total=5, active=0, idle=5, waiting=0)
2026-03-24 16:55:59.847 [HikariPool-1 housekeeper] DEBUG [N/A] [N/A] com.zaxxer.hikari.pool.HikariPool - HikariPool-1 - Before cleanup stats (total=5, active=0, idle=5, waiting=0)
2026-03-24 16:55:59.848 [HikariPool-1 housekeeper] DEBUG [N/A] [N/A] com.zaxxer.hikari.pool.HikariPool - HikariPool-1 - After cleanup  stats (total=5, active=0, idle=5, waiting=0)
2026-03-24 16:55:59.848 [HikariPool-1 housekeeper] DEBUG [N/A] [N/A] com.zaxxer.hikari.pool.HikariPool - HikariPool-1 - Fill pool skipped, pool has sufficient level or currently being filled.
2026-03-24 16:56:08.471 [HikariPool-1 connection closer] DEBUG [N/A] [N/A] com.zaxxer.hikari.pool.PoolBase - HikariPool-1 - Closing connection org.postgresql.jdbc.PgConnection@7407156f: (connection has passed maxLifetime)
2026-03-24 16:56:08.823 [HikariPool-1 connection adder] DEBUG [N/A] [N/A] com.zaxxer.hikari.pool.HikariPool - HikariPool-1 - Added connection org.postgresql.jdbc.PgConnection@a4720c5
2026-03-24 16:56:08.858 [HikariPool-1 connection adder] DEBUG [N/A] [N/A] com.zaxxer.hikari.pool.HikariPool - HikariPool-1 - Connection not added, stats (total=5, active=0, idle=5, waiting=0)
2026-03-24 16:56:29.851 [HikariPool-1 housekeeper] DEBUG [N/A] [N/A] com.zaxxer.hikari.pool.HikariPool - HikariPool-1 - Before cleanup stats (total=5, active=0, idle=5, waiting=0)
2026-03-24 16:56:29.851 [HikariPool-1 housekeeper] DEBUG [N/A] [N/A] com.zaxxer.hikari.pool.HikariPool - HikariPool-1 - After cleanup  stats (total=5, active=0, idle=5, waiting=0)
2026-03-24 16:56:29.852 [HikariPool-1 housekeeper] DEBUG [N/A] [N/A] com.zaxxer.hikari.pool.HikariPool - HikariPool-1 - Fill pool skipped, pool has sufficient level or currently being filled.
2026-03-24 16:56:59.857 [HikariPool-1 housekeeper] DEBUG [N/A] [N/A] com.zaxxer.hikari.pool.HikariPool - HikariPool-1 - Before cleanup stats (total=5, active=0, idle=5, waiting=0)
2026-03-24 16:56:59.858 [HikariPool-1 housekeeper] DEBUG [N/A] [N/A] com.zaxxer.hikari.pool.HikariPool - HikariPool-1 - After cleanup  stats (total=5, active=0, idle=5, waiting=0)
2026-03-24 16:56:59.858 [HikariPool-1 housekeeper] DEBUG [N/A] [N/A] com.zaxxer.hikari.pool.HikariPool - HikariPool-1 - Fill pool skipped, pool has sufficient level or currently being filled.
2026-03-24 16:57:29.863 [HikariPool-1 housekeeper] DEBUG [N/A] [N/A] com.zaxxer.hikari.pool.HikariPool - HikariPool-1 - Before cleanup stats (total=5, active=0, idle=5, waiting=0)
2026-03-24 16:57:29.863 [HikariPool-1 housekeeper] DEBUG [N/A] [N/A] com.zaxxer.hikari.pool.HikariPool - HikariPool-1 - After cleanup  stats (total=5, active=0, idle=5, waiting=0)
2026-03-24 16:57:29.864 [HikariPool-1 housekeeper] DEBUG [N/A] [N/A] com.zaxxer.hikari.pool.HikariPool - HikariPool-1 - Fill pool skipped, pool has sufficient level or currently being filled.
2026-03-24 16:57:59.865 [HikariPool-1 housekeeper] DEBUG [N/A] [N/A] com.zaxxer.hikari.pool.HikariPool - HikariPool-1 - Before cleanup stats (total=5, active=0, idle=5, waiting=0)
2026-03-24 16:57:59.865 [HikariPool-1 housekeeper] DEBUG [N/A] [N/A] com.zaxxer.hikari.pool.HikariPool - HikariPool-1 - After cleanup  stats (total=5, active=0, idle=5, waiting=0)
2026-03-24 16:57:59.865 [HikariPool-1 housekeeper] DEBUG [N/A] [N/A] com.zaxxer.hikari.pool.HikariPool - HikariPool-1 - Fill pool skipped, pool has sufficient level or currently being filled.
2026-03-24 16:58:29.869 [HikariPool-1 housekeeper] DEBUG [N/A] [N/A] com.zaxxer.hikari.pool.HikariPool - HikariPool-1 - Before cleanup stats (total=5, active=0, idle=5, waiting=0)
2026-03-24 16:58:29.870 [HikariPool-1 housekeeper] DEBUG [N/A] [N/A] com.zaxxer.hikari.pool.HikariPool - HikariPool-1 - After cleanup  stats (total=5, active=0, idle=5, waiting=0)
2026-03-24 16:58:29.870 [HikariPool-1 housekeeper] DEBUG [N/A] [N/A] com.zaxxer.hikari.pool.HikariPool - HikariPool-1 - Fill pool skipped, pool has sufficient level or currently being filled.
2026-03-24 16:58:59.875 [HikariPool-1 housekeeper] DEBUG [N/A] [N/A] com.zaxxer.hikari.pool.HikariPool - HikariPool-1 - Before cleanup stats (total=5, active=0, idle=5, waiting=0)
2026-03-24 16:58:59.875 [HikariPool-1 housekeeper] DEBUG [N/A] [N/A] com.zaxxer.hikari.pool.HikariPool - HikariPool-1 - After cleanup  stats (total=5, active=0, idle=5, waiting=0)
2026-03-24 16:58:59.875 [HikariPool-1 housekeeper] DEBUG [N/A] [N/A] com.zaxxer.hikari.pool.HikariPool - HikariPool-1 - Fill pool skipped, pool has sufficient level or currently being filled.
2026-03-24 16:59:29.882 [HikariPool-1 housekeeper] DEBUG [N/A] [N/A] com.zaxxer.hikari.pool.HikariPool - HikariPool-1 - Before cleanup stats (total=5, active=0, idle=5, waiting=0)
2026-03-24 16:59:29.882 [HikariPool-1 housekeeper] DEBUG [N/A] [N/A] com.zaxxer.hikari.pool.HikariPool - HikariPool-1 - After cleanup  stats (total=5, active=0, idle=5, waiting=0)
2026-03-24 16:59:29.882 [HikariPool-1 housekeeper] DEBUG [N/A] [N/A] com.zaxxer.hikari.pool.HikariPool - HikariPool-1 - Fill pool skipped, pool has sufficient level or currently being filled.
2026-03-24 16:59:59.889 [HikariPool-1 housekeeper] DEBUG [N/A] [N/A] com.zaxxer.hikari.pool.HikariPool - HikariPool-1 - Before cleanup stats (total=5, active=0, idle=5, waiting=0)
2026-03-24 16:59:59.889 [HikariPool-1 housekeeper] DEBUG [N/A] [N/A] com.zaxxer.hikari.pool.HikariPool - HikariPool-1 - After cleanup  stats (total=5, active=0, idle=5, waiting=0)
2026-03-24 16:59:59.889 [HikariPool-1 housekeeper] DEBUG [N/A] [N/A] com.zaxxer.hikari.pool.HikariPool - HikariPool-1 - Fill pool skipped, pool has sufficient level or currently being filled.
2026-03-24 17:00:29.886 [HikariPool-1 housekeeper] DEBUG [N/A] [N/A] com.zaxxer.hikari.pool.HikariPool - HikariPool-1 - Before cleanup stats (total=5, active=0, idle=5, waiting=0)
2026-03-24 17:00:29.887 [HikariPool-1 housekeeper] DEBUG [N/A] [N/A] com.zaxxer.hikari.pool.HikariPool - HikariPool-1 - After cleanup  stats (total=5, active=0, idle=5, waiting=0)
2026-03-24 17:00:29.888 [HikariPool-1 housekeeper] DEBUG [N/A] [N/A] com.zaxxer.hikari.pool.HikariPool - HikariPool-1 - Fill pool skipped, pool has sufficient level or currently being filled.
2026-03-24 17:00:59.890 [HikariPool-1 housekeeper] DEBUG [N/A] [N/A] com.zaxxer.hikari.pool.HikariPool - HikariPool-1 - Before cleanup stats (total=5, active=0, idle=5, waiting=0)
2026-03-24 17:00:59.890 [HikariPool-1 housekeeper] DEBUG [N/A] [N/A] com.zaxxer.hikari.pool.HikariPool - HikariPool-1 - After cleanup  stats (total=5, active=0, idle=5, waiting=0)
2026-03-24 17:00:59.890 [HikariPool-1 housekeeper] DEBUG [N/A] [N/A] com.zaxxer.hikari.pool.HikariPool - HikariPool-1 - Fill pool skipped, pool has sufficient level or currently being filled.
2026-03-24 17:01:29.890 [HikariPool-1 housekeeper] DEBUG [N/A] [N/A] com.zaxxer.hikari.pool.HikariPool - HikariPool-1 - Before cleanup stats (total=5, active=0, idle=5, waiting=0)
2026-03-24 17:01:29.890 [HikariPool-1 housekeeper] DEBUG [N/A] [N/A] com.zaxxer.hikari.pool.HikariPool - HikariPool-1 - After cleanup  stats (total=5, active=0, idle=5, waiting=0)
2026-03-24 17:01:29.890 [HikariPool-1 housekeeper] DEBUG [N/A] [N/A] com.zaxxer.hikari.pool.HikariPool - HikariPool-1 - Fill pool skipped, pool has sufficient level or currently being filled.
2026-03-24 17:01:59.896 [HikariPool-1 housekeeper] DEBUG [N/A] [N/A] com.zaxxer.hikari.pool.HikariPool - HikariPool-1 - Before cleanup stats (total=5, active=0, idle=5, waiting=0)
2026-03-24 17:01:59.896 [HikariPool-1 housekeeper] DEBUG [N/A] [N/A] com.zaxxer.hikari.pool.HikariPool - HikariPool-1 - After cleanup  stats (total=5, active=0, idle=5, waiting=0)
2026-03-24 17:01:59.896 [HikariPool-1 housekeeper] DEBUG [N/A] [N/A] com.zaxxer.hikari.pool.HikariPool - HikariPool-1 - Fill pool skipped, pool has sufficient level or currently being filled.
2026-03-24 17:02:29.898 [HikariPool-1 housekeeper] DEBUG [N/A] [N/A] com.zaxxer.hikari.pool.HikariPool - HikariPool-1 - Before cleanup stats (total=5, active=0, idle=5, waiting=0)
2026-03-24 17:02:29.899 [HikariPool-1 housekeeper] DEBUG [N/A] [N/A] com.zaxxer.hikari.pool.HikariPool - HikariPool-1 - After cleanup  stats (total=5, active=0, idle=5, waiting=0)
2026-03-24 17:02:29.900 [HikariPool-1 housekeeper] DEBUG [N/A] [N/A] com.zaxxer.hikari.pool.HikariPool - HikariPool-1 - Fill pool skipped, pool has sufficient level or currently being filled.
2026-03-24 17:02:59.910 [HikariPool-1 housekeeper] DEBUG [N/A] [N/A] com.zaxxer.hikari.pool.HikariPool - HikariPool-1 - Before cleanup stats (total=5, active=0, idle=5, waiting=0)
2026-03-24 17:02:59.910 [HikariPool-1 housekeeper] DEBUG [N/A] [N/A] com.zaxxer.hikari.pool.HikariPool - HikariPool-1 - After cleanup  stats (total=5, active=0, idle=5, waiting=0)
2026-03-24 17:02:59.910 [HikariPool-1 housekeeper] DEBUG [N/A] [N/A] com.zaxxer.hikari.pool.HikariPool - HikariPool-1 - Fill pool skipped, pool has sufficient level or currently being filled.
2026-03-24 17:03:29.920 [HikariPool-1 housekeeper] DEBUG [N/A] [N/A] com.zaxxer.hikari.pool.HikariPool - HikariPool-1 - Before cleanup stats (total=5, active=0, idle=5, waiting=0)
2026-03-24 17:03:29.920 [HikariPool-1 housekeeper] DEBUG [N/A] [N/A] com.zaxxer.hikari.pool.HikariPool - HikariPool-1 - After cleanup  stats (total=5, active=0, idle=5, waiting=0)
2026-03-24 17:03:29.920 [HikariPool-1 housekeeper] DEBUG [N/A] [N/A] com.zaxxer.hikari.pool.HikariPool - HikariPool-1 - Fill pool skipped, pool has sufficient level or currently being filled.
2026-03-24 17:03:59.921 [HikariPool-1 housekeeper] DEBUG [N/A] [N/A] com.zaxxer.hikari.pool.HikariPool - HikariPool-1 - Before cleanup stats (total=5, active=0, idle=5, waiting=0)
2026-03-24 17:03:59.923 [HikariPool-1 housekeeper] DEBUG [N/A] [N/A] com.zaxxer.hikari.pool.HikariPool - HikariPool-1 - After cleanup  stats (total=5, active=0, idle=5, waiting=0)
2026-03-24 17:03:59.923 [HikariPool-1 housekeeper] DEBUG [N/A] [N/A] com.zaxxer.hikari.pool.HikariPool - HikariPool-1 - Fill pool skipped, pool has sufficient level or currently being filled.
2026-03-24 17:04:29.926 [HikariPool-1 housekeeper] DEBUG [N/A] [N/A] com.zaxxer.hikari.pool.HikariPool - HikariPool-1 - Before cleanup stats (total=5, active=0, idle=5, waiting=0)
2026-03-24 17:04:29.926 [HikariPool-1 housekeeper] DEBUG [N/A] [N/A] com.zaxxer.hikari.pool.HikariPool - HikariPool-1 - After cleanup  stats (total=5, active=0, idle=5, waiting=0)
2026-03-24 17:04:29.926 [HikariPool-1 housekeeper] DEBUG [N/A] [N/A] com.zaxxer.hikari.pool.HikariPool - HikariPool-1 - Fill pool skipped, pool has sufficient level or currently being filled.
2026-03-24 17:04:59.935 [HikariPool-1 housekeeper] DEBUG [N/A] [N/A] com.zaxxer.hikari.pool.HikariPool - HikariPool-1 - Before cleanup stats (total=5, active=0, idle=5, waiting=0)
2026-03-24 17:04:59.936 [HikariPool-1 housekeeper] DEBUG [N/A] [N/A] com.zaxxer.hikari.pool.HikariPool - HikariPool-1 - After cleanup  stats (total=5, active=0, idle=5, waiting=0)
2026-03-24 17:04:59.936 [HikariPool-1 housekeeper] DEBUG [N/A] [N/A] com.zaxxer.hikari.pool.HikariPool - HikariPool-1 - Fill pool skipped, pool has sufficient level or currently being filled.
2026-03-24 17:05:29.947 [HikariPool-1 housekeeper] DEBUG [N/A] [N/A] com.zaxxer.hikari.pool.HikariPool - HikariPool-1 - Before cleanup stats (total=5, active=0, idle=5, waiting=0)
2026-03-24 17:05:29.948 [HikariPool-1 housekeeper] DEBUG [N/A] [N/A] com.zaxxer.hikari.pool.HikariPool - HikariPool-1 - After cleanup  stats (total=5, active=0, idle=5, waiting=0)
2026-03-24 17:05:29.948 [HikariPool-1 housekeeper] DEBUG [N/A] [N/A] com.zaxxer.hikari.pool.HikariPool - HikariPool-1 - Fill pool skipped, pool has sufficient level or currently being filled.
2026-03-24 17:05:59.957 [HikariPool-1 housekeeper] DEBUG [N/A] [N/A] com.zaxxer.hikari.pool.HikariPool - HikariPool-1 - Before cleanup stats (total=5, active=0, idle=5, waiting=0)
2026-03-24 17:05:59.958 [HikariPool-1 housekeeper] DEBUG [N/A] [N/A] com.zaxxer.hikari.pool.HikariPool - HikariPool-1 - After cleanup  stats (total=5, active=0, idle=5, waiting=0)
2026-03-24 17:05:59.960 [HikariPool-1 housekeeper] DEBUG [N/A] [N/A] com.zaxxer.hikari.pool.HikariPool - HikariPool-1 - Fill pool skipped, pool has sufficient level or currently being filled.
2026-03-24 17:06:29.968 [HikariPool-1 housekeeper] DEBUG [N/A] [N/A] com.zaxxer.hikari.pool.HikariPool - HikariPool-1 - Before cleanup stats (total=5, active=0, idle=5, waiting=0)
2026-03-24 17:06:29.970 [HikariPool-1 housekeeper] DEBUG [N/A] [N/A] com.zaxxer.hikari.pool.HikariPool - HikariPool-1 - After cleanup  stats (total=5, active=0, idle=5, waiting=0)
2026-03-24 17:06:29.970 [HikariPool-1 housekeeper] DEBUG [N/A] [N/A] com.zaxxer.hikari.pool.HikariPool - HikariPool-1 - Fill pool skipped, pool has sufficient level or currently being filled.
2026-03-24 17:06:59.982 [HikariPool-1 housekeeper] DEBUG [N/A] [N/A] com.zaxxer.hikari.pool.HikariPool - HikariPool-1 - Before cleanup stats (total=5, active=0, idle=5, waiting=0)
2026-03-24 17:06:59.984 [HikariPool-1 housekeeper] DEBUG [N/A] [N/A] com.zaxxer.hikari.pool.HikariPool - HikariPool-1 - After cleanup  stats (total=5, active=0, idle=5, waiting=0)
2026-03-24 17:06:59.984 [HikariPool-1 housekeeper] DEBUG [N/A] [N/A] com.zaxxer.hikari.pool.HikariPool - HikariPool-1 - Fill pool skipped, pool has sufficient level or currently being filled.
2026-03-24 17:07:29.993 [HikariPool-1 housekeeper] DEBUG [N/A] [N/A] com.zaxxer.hikari.pool.HikariPool - HikariPool-1 - Before cleanup stats (total=5, active=0, idle=5, waiting=0)
2026-03-24 17:07:29.993 [HikariPool-1 housekeeper] DEBUG [N/A] [N/A] com.zaxxer.hikari.pool.HikariPool - HikariPool-1 - After cleanup  stats (total=5, active=0, idle=5, waiting=0)
2026-03-24 17:07:29.993 [HikariPool-1 housekeeper] DEBUG [N/A] [N/A] com.zaxxer.hikari.pool.HikariPool - HikariPool-1 - Fill pool skipped, pool has sufficient level or currently being filled.
2026-03-24 17:07:59.995 [HikariPool-1 housekeeper] DEBUG [N/A] [N/A] com.zaxxer.hikari.pool.HikariPool - HikariPool-1 - Before cleanup stats (total=5, active=0, idle=5, waiting=0)
2026-03-24 17:07:59.995 [HikariPool-1 housekeeper] DEBUG [N/A] [N/A] com.zaxxer.hikari.pool.HikariPool - HikariPool-1 - After cleanup  stats (total=5, active=0, idle=5, waiting=0)
2026-03-24 17:07:59.997 [HikariPool-1 housekeeper] DEBUG [N/A] [N/A] com.zaxxer.hikari.pool.HikariPool - HikariPool-1 - Fill pool skipped, pool has sufficient level or currently being filled.
2026-03-24 17:08:30.001 [HikariPool-1 housekeeper] DEBUG [N/A] [N/A] com.zaxxer.hikari.pool.HikariPool - HikariPool-1 - Before cleanup stats (total=5, active=0, idle=5, waiting=0)
2026-03-24 17:08:30.002 [HikariPool-1 housekeeper] DEBUG [N/A] [N/A] com.zaxxer.hikari.pool.HikariPool - HikariPool-1 - After cleanup  stats (total=5, active=0, idle=5, waiting=0)
2026-03-24 17:08:30.002 [HikariPool-1 housekeeper] DEBUG [N/A] [N/A] com.zaxxer.hikari.pool.HikariPool - HikariPool-1 - Fill pool skipped, pool has sufficient level or currently being filled.
2026-03-24 17:09:00.009 [HikariPool-1 housekeeper] DEBUG [N/A] [N/A] com.zaxxer.hikari.pool.HikariPool - HikariPool-1 - Before cleanup stats (total=5, active=0, idle=5, waiting=0)
2026-03-24 17:09:00.009 [HikariPool-1 housekeeper] DEBUG [N/A] [N/A] com.zaxxer.hikari.pool.HikariPool - HikariPool-1 - After cleanup  stats (total=5, active=0, idle=5, waiting=0)
2026-03-24 17:09:00.009 [HikariPool-1 housekeeper] DEBUG [N/A] [N/A] com.zaxxer.hikari.pool.HikariPool - HikariPool-1 - Fill pool skipped, pool has sufficient level or currently being filled.
2026-03-24 17:09:30.019 [HikariPool-1 housekeeper] DEBUG [N/A] [N/A] com.zaxxer.hikari.pool.HikariPool - HikariPool-1 - Before cleanup stats (total=5, active=0, idle=5, waiting=0)
2026-03-24 17:09:30.019 [HikariPool-1 housekeeper] DEBUG [N/A] [N/A] com.zaxxer.hikari.pool.HikariPool - HikariPool-1 - After cleanup  stats (total=5, active=0, idle=5, waiting=0)
2026-03-24 17:09:30.019 [HikariPool-1 housekeeper] DEBUG [N/A] [N/A] com.zaxxer.hikari.pool.HikariPool - HikariPool-1 - Fill pool skipped, pool has sufficient level or currently being filled.
2026-03-24 17:10:00.029 [HikariPool-1 housekeeper] DEBUG [N/A] [N/A] com.zaxxer.hikari.pool.HikariPool - HikariPool-1 - Before cleanup stats (total=5, active=0, idle=5, waiting=0)
2026-03-24 17:10:00.029 [HikariPool-1 housekeeper] DEBUG [N/A] [N/A] com.zaxxer.hikari.pool.HikariPool - HikariPool-1 - After cleanup  stats (total=5, active=0, idle=5, waiting=0)
2026-03-24 17:10:00.029 [HikariPool-1 housekeeper] DEBUG [N/A] [N/A] com.zaxxer.hikari.pool.HikariPool - HikariPool-1 - Fill pool skipped, pool has sufficient level or currently being filled.
2026-03-24 17:10:30.034 [HikariPool-1 housekeeper] DEBUG [N/A] [N/A] com.zaxxer.hikari.pool.HikariPool - HikariPool-1 - Before cleanup stats (total=5, active=0, idle=5, waiting=0)
2026-03-24 17:10:30.035 [HikariPool-1 housekeeper] DEBUG [N/A] [N/A] com.zaxxer.hikari.pool.HikariPool - HikariPool-1 - After cleanup  stats (total=5, active=0, idle=5, waiting=0)
2026-03-24 17:10:30.035 [HikariPool-1 housekeeper] DEBUG [N/A] [N/A] com.zaxxer.hikari.pool.HikariPool - HikariPool-1 - Fill pool skipped, pool has sufficient level or currently being filled.
2026-03-24 17:11:00.039 [HikariPool-1 housekeeper] DEBUG [N/A] [N/A] com.zaxxer.hikari.pool.HikariPool - HikariPool-1 - Before cleanup stats (total=5, active=0, idle=5, waiting=0)
2026-03-24 17:11:00.039 [HikariPool-1 housekeeper] DEBUG [N/A] [N/A] com.zaxxer.hikari.pool.HikariPool - HikariPool-1 - After cleanup  stats (total=5, active=0, idle=5, waiting=0)
2026-03-24 17:11:00.039 [HikariPool-1 housekeeper] DEBUG [N/A] [N/A] com.zaxxer.hikari.pool.HikariPool - HikariPool-1 - Fill pool skipped, pool has sufficient level or currently being filled.
2026-03-24 17:11:30.042 [HikariPool-1 housekeeper] DEBUG [N/A] [N/A] com.zaxxer.hikari.pool.HikariPool - HikariPool-1 - Before cleanup stats (total=5, active=0, idle=5, waiting=0)
2026-03-24 17:11:30.043 [HikariPool-1 housekeeper] DEBUG [N/A] [N/A] com.zaxxer.hikari.pool.HikariPool - HikariPool-1 - After cleanup  stats (total=5, active=0, idle=5, waiting=0)
2026-03-24 17:11:30.044 [HikariPool-1 housekeeper] DEBUG [N/A] [N/A] com.zaxxer.hikari.pool.HikariPool - HikariPool-1 - Fill pool skipped, pool has sufficient level or currently being filled.
2026-03-24 17:12:00.049 [HikariPool-1 housekeeper] DEBUG [N/A] [N/A] com.zaxxer.hikari.pool.HikariPool - HikariPool-1 - Before cleanup stats (total=5, active=0, idle=5, waiting=0)
2026-03-24 17:12:00.051 [HikariPool-1 housekeeper] DEBUG [N/A] [N/A] com.zaxxer.hikari.pool.HikariPool - HikariPool-1 - After cleanup  stats (total=5, active=0, idle=5, waiting=0)
2026-03-24 17:12:00.051 [HikariPool-1 housekeeper] DEBUG [N/A] [N/A] com.zaxxer.hikari.pool.HikariPool - HikariPool-1 - Fill pool skipped, pool has sufficient level or currently being filled.
2026-03-24 17:12:30.058 [HikariPool-1 housekeeper] DEBUG [N/A] [N/A] com.zaxxer.hikari.pool.HikariPool - HikariPool-1 - Before cleanup stats (total=5, active=0, idle=5, waiting=0)
2026-03-24 17:12:30.058 [HikariPool-1 housekeeper] DEBUG [N/A] [N/A] com.zaxxer.hikari.pool.HikariPool - HikariPool-1 - After cleanup  stats (total=5, active=0, idle=5, waiting=0)
2026-03-24 17:12:30.058 [HikariPool-1 housekeeper] DEBUG [N/A] [N/A] com.zaxxer.hikari.pool.HikariPool - HikariPool-1 - Fill pool skipped, pool has sufficient level or currently being filled.
2026-03-24 17:13:00.063 [HikariPool-1 housekeeper] DEBUG [N/A] [N/A] com.zaxxer.hikari.pool.HikariPool - HikariPool-1 - Before cleanup stats (total=5, active=0, idle=5, waiting=0)
2026-03-24 17:13:00.063 [HikariPool-1 housekeeper] DEBUG [N/A] [N/A] com.zaxxer.hikari.pool.HikariPool - HikariPool-1 - After cleanup  stats (total=5, active=0, idle=5, waiting=0)
2026-03-24 17:13:00.063 [HikariPool-1 housekeeper] DEBUG [N/A] [N/A] com.zaxxer.hikari.pool.HikariPool - HikariPool-1 - Fill pool skipped, pool has sufficient level or currently being filled.
2026-03-24 17:13:30.070 [HikariPool-1 housekeeper] DEBUG [N/A] [N/A] com.zaxxer.hikari.pool.HikariPool - HikariPool-1 - Before cleanup stats (total=5, active=0, idle=5, waiting=0)
2026-03-24 17:13:30.070 [HikariPool-1 housekeeper] DEBUG [N/A] [N/A] com.zaxxer.hikari.pool.HikariPool - HikariPool-1 - After cleanup  stats (total=5, active=0, idle=5, waiting=0)
2026-03-24 17:13:30.070 [HikariPool-1 housekeeper] DEBUG [N/A] [N/A] com.zaxxer.hikari.pool.HikariPool - HikariPool-1 - Fill pool skipped, pool has sufficient level or currently being filled.
2026-03-24 17:14:00.075 [HikariPool-1 housekeeper] DEBUG [N/A] [N/A] com.zaxxer.hikari.pool.HikariPool - HikariPool-1 - Before cleanup stats (total=5, active=0, idle=5, waiting=0)
2026-03-24 17:14:00.075 [HikariPool-1 housekeeper] DEBUG [N/A] [N/A] com.zaxxer.hikari.pool.HikariPool - HikariPool-1 - After cleanup  stats (total=5, active=0, idle=5, waiting=0)
2026-03-24 17:14:00.075 [HikariPool-1 housekeeper] DEBUG [N/A] [N/A] com.zaxxer.hikari.pool.HikariPool - HikariPool-1 - Fill pool skipped, pool has sufficient level or currently being filled.
2026-03-24 17:14:30.080 [HikariPool-1 housekeeper] DEBUG [N/A] [N/A] com.zaxxer.hikari.pool.HikariPool - HikariPool-1 - Before cleanup stats (total=5, active=0, idle=5, waiting=0)
2026-03-24 17:14:30.081 [HikariPool-1 housekeeper] DEBUG [N/A] [N/A] com.zaxxer.hikari.pool.HikariPool - HikariPool-1 - After cleanup  stats (total=5, active=0, idle=5, waiting=0)
2026-03-24 17:14:30.081 [HikariPool-1 housekeeper] DEBUG [N/A] [N/A] com.zaxxer.hikari.pool.HikariPool - HikariPool-1 - Fill pool skipped, pool has sufficient level or currently being filled.
2026-03-24 17:15:00.085 [HikariPool-1 housekeeper] DEBUG [N/A] [N/A] com.zaxxer.hikari.pool.HikariPool - HikariPool-1 - Before cleanup stats (total=5, active=0, idle=5, waiting=0)
2026-03-24 17:15:00.086 [HikariPool-1 housekeeper] DEBUG [N/A] [N/A] com.zaxxer.hikari.pool.HikariPool - HikariPool-1 - After cleanup  stats (total=5, active=0, idle=5, waiting=0)
2026-03-24 17:15:00.086 [HikariPool-1 housekeeper] DEBUG [N/A] [N/A] com.zaxxer.hikari.pool.HikariPool - HikariPool-1 - Fill pool skipped, pool has sufficient level or currently being filled.
2026-03-24 17:15:30.083 [HikariPool-1 housekeeper] DEBUG [N/A] [N/A] com.zaxxer.hikari.pool.HikariPool - HikariPool-1 - Before cleanup stats (total=5, active=0, idle=5, waiting=0)
2026-03-24 17:15:30.083 [HikariPool-1 housekeeper] DEBUG [N/A] [N/A] com.zaxxer.hikari.pool.HikariPool - HikariPool-1 - After cleanup  stats (total=5, active=0, idle=5, waiting=0)
2026-03-24 17:15:30.083 [HikariPool-1 housekeeper] DEBUG [N/A] [N/A] com.zaxxer.hikari.pool.HikariPool - HikariPool-1 - Fill pool skipped, pool has sufficient level or currently being filled.
2026-03-24 17:16:00.080 [HikariPool-1 housekeeper] DEBUG [N/A] [N/A] com.zaxxer.hikari.pool.HikariPool - HikariPool-1 - Before cleanup stats (total=5, active=0, idle=5, waiting=0)
2026-03-24 17:16:00.080 [HikariPool-1 housekeeper] DEBUG [N/A] [N/A] com.zaxxer.hikari.pool.HikariPool - HikariPool-1 - After cleanup  stats (total=5, active=0, idle=5, waiting=0)
2026-03-24 17:16:00.080 [HikariPool-1 housekeeper] DEBUG [N/A] [N/A] com.zaxxer.hikari.pool.HikariPool - HikariPool-1 - Fill pool skipped, pool has sufficient level or currently being filled.
2026-03-24 17:16:30.084 [HikariPool-1 housekeeper] DEBUG [N/A] [N/A] com.zaxxer.hikari.pool.HikariPool - HikariPool-1 - Before cleanup stats (total=5, active=0, idle=5, waiting=0)
2026-03-24 17:16:30.086 [HikariPool-1 housekeeper] DEBUG [N/A] [N/A] com.zaxxer.hikari.pool.HikariPool - HikariPool-1 - After cleanup  stats (total=5, active=0, idle=5, waiting=0)
2026-03-24 17:16:30.086 [HikariPool-1 housekeeper] DEBUG [N/A] [N/A] com.zaxxer.hikari.pool.HikariPool - HikariPool-1 - Fill pool skipped, pool has sufficient level or currently being filled.
2026-03-24 17:17:00.090 [HikariPool-1 housekeeper] DEBUG [N/A] [N/A] com.zaxxer.hikari.pool.HikariPool - HikariPool-1 - Before cleanup stats (total=5, active=0, idle=5, waiting=0)
2026-03-24 17:17:00.091 [HikariPool-1 housekeeper] DEBUG [N/A] [N/A] com.zaxxer.hikari.pool.HikariPool - HikariPool-1 - After cleanup  stats (total=5, active=0, idle=5, waiting=0)
2026-03-24 17:17:00.091 [HikariPool-1 housekeeper] DEBUG [N/A] [N/A] com.zaxxer.hikari.pool.HikariPool - HikariPool-1 - Fill pool skipped, pool has sufficient level or currently being filled.
2026-03-24 17:17:30.096 [HikariPool-1 housekeeper] DEBUG [N/A] [N/A] com.zaxxer.hikari.pool.HikariPool - HikariPool-1 - Before cleanup stats (total=5, active=0, idle=5, waiting=0)
2026-03-24 17:17:30.096 [HikariPool-1 housekeeper] DEBUG [N/A] [N/A] com.zaxxer.hikari.pool.HikariPool - HikariPool-1 - After cleanup  stats (total=5, active=0, idle=5, waiting=0)
2026-03-24 17:17:30.098 [HikariPool-1 housekeeper] DEBUG [N/A] [N/A] com.zaxxer.hikari.pool.HikariPool - HikariPool-1 - Fill pool skipped, pool has sufficient level or currently being filled.
2026-03-24 17:18:00.104 [HikariPool-1 housekeeper] DEBUG [N/A] [N/A] com.zaxxer.hikari.pool.HikariPool - HikariPool-1 - Before cleanup stats (total=5, active=0, idle=5, waiting=0)
2026-03-24 17:18:00.104 [HikariPool-1 housekeeper] DEBUG [N/A] [N/A] com.zaxxer.hikari.pool.HikariPool - HikariPool-1 - After cleanup  stats (total=5, active=0, idle=5, waiting=0)
2026-03-24 17:18:00.104 [HikariPool-1 housekeeper] DEBUG [N/A] [N/A] com.zaxxer.hikari.pool.HikariPool - HikariPool-1 - Fill pool skipped, pool has sufficient level or currently being filled.
2026-03-24 17:18:30.109 [HikariPool-1 housekeeper] DEBUG [N/A] [N/A] com.zaxxer.hikari.pool.HikariPool - HikariPool-1 - Before cleanup stats (total=5, active=0, idle=5, waiting=0)
2026-03-24 17:18:30.111 [HikariPool-1 housekeeper] DEBUG [N/A] [N/A] com.zaxxer.hikari.pool.HikariPool - HikariPool-1 - After cleanup  stats (total=5, active=0, idle=5, waiting=0)
2026-03-24 17:18:30.112 [HikariPool-1 housekeeper] DEBUG [N/A] [N/A] com.zaxxer.hikari.pool.HikariPool - HikariPool-1 - Fill pool skipped, pool has sufficient level or currently being filled.
2026-03-24 17:19:00.118 [HikariPool-1 housekeeper] DEBUG [N/A] [N/A] com.zaxxer.hikari.pool.HikariPool - HikariPool-1 - Before cleanup stats (total=5, active=0, idle=5, waiting=0)
2026-03-24 17:19:00.119 [HikariPool-1 housekeeper] DEBUG [N/A] [N/A] com.zaxxer.hikari.pool.HikariPool - HikariPool-1 - After cleanup  stats (total=5, active=0, idle=5, waiting=0)
2026-03-24 17:19:00.119 [HikariPool-1 housekeeper] DEBUG [N/A] [N/A] com.zaxxer.hikari.pool.HikariPool - HikariPool-1 - Fill pool skipped, pool has sufficient level or currently being filled.
2026-03-24 17:19:30.127 [HikariPool-1 housekeeper] DEBUG [N/A] [N/A] com.zaxxer.hikari.pool.HikariPool - HikariPool-1 - Before cleanup stats (total=5, active=0, idle=5, waiting=0)
2026-03-24 17:19:30.128 [HikariPool-1 housekeeper] DEBUG [N/A] [N/A] com.zaxxer.hikari.pool.HikariPool - HikariPool-1 - After cleanup  stats (total=5, active=0, idle=5, waiting=0)
2026-03-24 17:19:30.128 [HikariPool-1 housekeeper] DEBUG [N/A] [N/A] com.zaxxer.hikari.pool.HikariPool - HikariPool-1 - Fill pool skipped, pool has sufficient level or currently being filled.
2026-03-24 17:20:00.133 [HikariPool-1 housekeeper] DEBUG [N/A] [N/A] com.zaxxer.hikari.pool.HikariPool - HikariPool-1 - Before cleanup stats (total=5, active=0, idle=5, waiting=0)
2026-03-24 17:20:00.134 [HikariPool-1 housekeeper] DEBUG [N/A] [N/A] com.zaxxer.hikari.pool.HikariPool - HikariPool-1 - After cleanup  stats (total=5, active=0, idle=5, waiting=0)
2026-03-24 17:20:00.136 [HikariPool-1 housekeeper] DEBUG [N/A] [N/A] com.zaxxer.hikari.pool.HikariPool - HikariPool-1 - Fill pool skipped, pool has sufficient level or currently being filled.
2026-03-24 17:20:30.140 [HikariPool-1 housekeeper] DEBUG [N/A] [N/A] com.zaxxer.hikari.pool.HikariPool - HikariPool-1 - Before cleanup stats (total=5, active=0, idle=5, waiting=0)
2026-03-24 17:20:30.140 [HikariPool-1 housekeeper] DEBUG [N/A] [N/A] com.zaxxer.hikari.pool.HikariPool - HikariPool-1 - After cleanup  stats (total=5, active=0, idle=5, waiting=0)
2026-03-24 17:20:30.141 [HikariPool-1 housekeeper] DEBUG [N/A] [N/A] com.zaxxer.hikari.pool.HikariPool - HikariPool-1 - Fill pool skipped, pool has sufficient level or currently being filled.
2026-03-24 17:21:00.146 [HikariPool-1 housekeeper] DEBUG [N/A] [N/A] com.zaxxer.hikari.pool.HikariPool - HikariPool-1 - Before cleanup stats (total=5, active=0, idle=5, waiting=0)
2026-03-24 17:21:00.146 [HikariPool-1 housekeeper] DEBUG [N/A] [N/A] com.zaxxer.hikari.pool.HikariPool - HikariPool-1 - After cleanup  stats (total=5, active=0, idle=5, waiting=0)
2026-03-24 17:21:00.146 [HikariPool-1 housekeeper] DEBUG [N/A] [N/A] com.zaxxer.hikari.pool.HikariPool - HikariPool-1 - Fill pool skipped, pool has sufficient level or currently being filled.
2026-03-24 17:21:30.152 [HikariPool-1 housekeeper] DEBUG [N/A] [N/A] com.zaxxer.hikari.pool.HikariPool - HikariPool-1 - Before cleanup stats (total=5, active=0, idle=5, waiting=0)
2026-03-24 17:21:30.152 [HikariPool-1 housekeeper] DEBUG [N/A] [N/A] com.zaxxer.hikari.pool.HikariPool - HikariPool-1 - After cleanup  stats (total=5, active=0, idle=5, waiting=0)
2026-03-24 17:21:30.152 [HikariPool-1 housekeeper] DEBUG [N/A] [N/A] com.zaxxer.hikari.pool.HikariPool - HikariPool-1 - Fill pool skipped, pool has sufficient level or currently being filled.
2026-03-24 17:22:00.159 [HikariPool-1 housekeeper] DEBUG [N/A] [N/A] com.zaxxer.hikari.pool.HikariPool - HikariPool-1 - Before cleanup stats (total=5, active=0, idle=5, waiting=0)
2026-03-24 17:22:00.160 [HikariPool-1 housekeeper] DEBUG [N/A] [N/A] com.zaxxer.hikari.pool.HikariPool - HikariPool-1 - After cleanup  stats (total=5, active=0, idle=5, waiting=0)
2026-03-24 17:22:00.161 [HikariPool-1 housekeeper] DEBUG [N/A] [N/A] com.zaxxer.hikari.pool.HikariPool - HikariPool-1 - Fill pool skipped, pool has sufficient level or currently being filled.
2026-03-24 17:22:30.163 [HikariPool-1 housekeeper] DEBUG [N/A] [N/A] com.zaxxer.hikari.pool.HikariPool - HikariPool-1 - Before cleanup stats (total=5, active=0, idle=5, waiting=0)
2026-03-24 17:22:30.163 [HikariPool-1 housekeeper] DEBUG [N/A] [N/A] com.zaxxer.hikari.pool.HikariPool - HikariPool-1 - After cleanup  stats (total=5, active=0, idle=5, waiting=0)
2026-03-24 17:22:30.164 [HikariPool-1 housekeeper] DEBUG [N/A] [N/A] com.zaxxer.hikari.pool.HikariPool - HikariPool-1 - Fill pool skipped, pool has sufficient level or currently being filled.
2026-03-24 17:23:00.169 [HikariPool-1 housekeeper] DEBUG [N/A] [N/A] com.zaxxer.hikari.pool.HikariPool - HikariPool-1 - Before cleanup stats (total=5, active=0, idle=5, waiting=0)
2026-03-24 17:23:00.170 [HikariPool-1 housekeeper] DEBUG [N/A] [N/A] com.zaxxer.hikari.pool.HikariPool - HikariPool-1 - After cleanup  stats (total=5, active=0, idle=5, waiting=0)
2026-03-24 17:23:00.170 [HikariPool-1 housekeeper] DEBUG [N/A] [N/A] com.zaxxer.hikari.pool.HikariPool - HikariPool-1 - Fill pool skipped, pool has sufficient level or currently being filled.
2026-03-24 17:23:30.175 [HikariPool-1 housekeeper] DEBUG [N/A] [N/A] com.zaxxer.hikari.pool.HikariPool - HikariPool-1 - Before cleanup stats (total=5, active=0, idle=5, waiting=0)
2026-03-24 17:23:30.176 [HikariPool-1 housekeeper] DEBUG [N/A] [N/A] com.zaxxer.hikari.pool.HikariPool - HikariPool-1 - After cleanup  stats (total=5, active=0, idle=5, waiting=0)
2026-03-24 17:23:30.176 [HikariPool-1 housekeeper] DEBUG [N/A] [N/A] com.zaxxer.hikari.pool.HikariPool - HikariPool-1 - Fill pool skipped, pool has sufficient level or currently being filled.
2026-03-24 17:23:54.617 [HikariPool-1 connection closer] DEBUG [N/A] [N/A] com.zaxxer.hikari.pool.PoolBase - HikariPool-1 - Closing connection org.postgresql.jdbc.PgConnection@50733ee0: (connection has passed maxLifetime)
2026-03-24 17:23:55.304 [HikariPool-1 connection adder] DEBUG [N/A] [N/A] com.zaxxer.hikari.pool.HikariPool - HikariPool-1 - Added connection org.postgresql.jdbc.PgConnection@9d13184
2026-03-24 17:23:55.338 [HikariPool-1 connection adder] DEBUG [N/A] [N/A] com.zaxxer.hikari.pool.HikariPool - HikariPool-1 - Connection not added, stats (total=5, active=0, idle=5, waiting=0)
2026-03-24 17:24:00.181 [HikariPool-1 housekeeper] DEBUG [N/A] [N/A] com.zaxxer.hikari.pool.HikariPool - HikariPool-1 - Before cleanup stats (total=5, active=0, idle=5, waiting=0)
2026-03-24 17:24:00.184 [HikariPool-1 housekeeper] DEBUG [N/A] [N/A] com.zaxxer.hikari.pool.HikariPool - HikariPool-1 - After cleanup  stats (total=5, active=0, idle=5, waiting=0)
2026-03-24 17:24:00.184 [HikariPool-1 housekeeper] DEBUG [N/A] [N/A] com.zaxxer.hikari.pool.HikariPool - HikariPool-1 - Fill pool skipped, pool has sufficient level or currently being filled.
2026-03-24 17:24:19.490 [HikariPool-1 connection closer] DEBUG [N/A] [N/A] com.zaxxer.hikari.pool.PoolBase - HikariPool-1 - Closing connection org.postgresql.jdbc.PgConnection@5eb4da9e: (connection has passed maxLifetime)
2026-03-24 17:24:19.874 [HikariPool-1 connection adder] DEBUG [N/A] [N/A] com.zaxxer.hikari.pool.HikariPool - HikariPool-1 - Added connection org.postgresql.jdbc.PgConnection@6c63557d
2026-03-24 17:24:19.909 [HikariPool-1 connection adder] DEBUG [N/A] [N/A] com.zaxxer.hikari.pool.HikariPool - HikariPool-1 - Connection not added, stats (total=5, active=0, idle=5, waiting=0)
2026-03-24 17:24:30.189 [HikariPool-1 housekeeper] DEBUG [N/A] [N/A] com.zaxxer.hikari.pool.HikariPool - HikariPool-1 - Before cleanup stats (total=5, active=0, idle=5, waiting=0)
2026-03-24 17:24:30.191 [HikariPool-1 housekeeper] DEBUG [N/A] [N/A] com.zaxxer.hikari.pool.HikariPool - HikariPool-1 - After cleanup  stats (total=5, active=0, idle=5, waiting=0)
2026-03-24 17:24:30.192 [HikariPool-1 housekeeper] DEBUG [N/A] [N/A] com.zaxxer.hikari.pool.HikariPool - HikariPool-1 - Fill pool skipped, pool has sufficient level or currently being filled.
2026-03-24 17:25:00.195 [HikariPool-1 housekeeper] DEBUG [N/A] [N/A] com.zaxxer.hikari.pool.HikariPool - HikariPool-1 - Before cleanup stats (total=5, active=0, idle=5, waiting=0)
2026-03-24 17:25:00.197 [HikariPool-1 housekeeper] DEBUG [N/A] [N/A] com.zaxxer.hikari.pool.HikariPool - HikariPool-1 - After cleanup  stats (total=5, active=0, idle=5, waiting=0)
2026-03-24 17:25:00.198 [HikariPool-1 housekeeper] DEBUG [N/A] [N/A] com.zaxxer.hikari.pool.HikariPool - HikariPool-1 - Fill pool skipped, pool has sufficient level or currently being filled.
2026-03-24 17:25:01.559 [HikariPool-1 connection closer] DEBUG [N/A] [N/A] com.zaxxer.hikari.pool.PoolBase - HikariPool-1 - Closing connection org.postgresql.jdbc.PgConnection@7aacc102: (connection has passed maxLifetime)
2026-03-24 17:25:01.852 [HikariPool-1 connection adder] DEBUG [N/A] [N/A] com.zaxxer.hikari.pool.HikariPool - HikariPool-1 - Added connection org.postgresql.jdbc.PgConnection@9928d4d
2026-03-24 17:25:01.885 [HikariPool-1 connection adder] DEBUG [N/A] [N/A] com.zaxxer.hikari.pool.HikariPool - HikariPool-1 - Connection not added, stats (total=5, active=0, idle=5, waiting=0)
2026-03-24 17:25:04.088 [HikariPool-1 connection closer] DEBUG [N/A] [N/A] com.zaxxer.hikari.pool.PoolBase - HikariPool-1 - Closing connection org.postgresql.jdbc.PgConnection@47e8a5c9: (connection has passed maxLifetime)
2026-03-24 17:25:04.367 [HikariPool-1 connection adder] DEBUG [N/A] [N/A] com.zaxxer.hikari.pool.HikariPool - HikariPool-1 - Added connection org.postgresql.jdbc.PgConnection@755620f
2026-03-24 17:25:04.402 [HikariPool-1 connection adder] DEBUG [N/A] [N/A] com.zaxxer.hikari.pool.HikariPool - HikariPool-1 - Connection not added, stats (total=5, active=0, idle=5, waiting=0)
2026-03-24 17:25:30.202 [HikariPool-1 housekeeper] DEBUG [N/A] [N/A] com.zaxxer.hikari.pool.HikariPool - HikariPool-1 - Before cleanup stats (total=5, active=0, idle=5, waiting=0)
2026-03-24 17:25:30.204 [HikariPool-1 housekeeper] DEBUG [N/A] [N/A] com.zaxxer.hikari.pool.HikariPool - HikariPool-1 - After cleanup  stats (total=5, active=0, idle=5, waiting=0)
2026-03-24 17:25:30.204 [HikariPool-1 housekeeper] DEBUG [N/A] [N/A] com.zaxxer.hikari.pool.HikariPool - HikariPool-1 - Fill pool skipped, pool has sufficient level or currently being filled.
2026-03-24 17:26:00.209 [HikariPool-1 housekeeper] DEBUG [N/A] [N/A] com.zaxxer.hikari.pool.HikariPool - HikariPool-1 - Before cleanup stats (total=5, active=0, idle=5, waiting=0)
2026-03-24 17:26:00.211 [HikariPool-1 housekeeper] DEBUG [N/A] [N/A] com.zaxxer.hikari.pool.HikariPool - HikariPool-1 - After cleanup  stats (total=5, active=0, idle=5, waiting=0)
2026-03-24 17:26:00.211 [HikariPool-1 housekeeper] DEBUG [N/A] [N/A] com.zaxxer.hikari.pool.HikariPool - HikariPool-1 - Fill pool skipped, pool has sufficient level or currently being filled.
2026-03-24 17:26:06.644 [HikariPool-1 connection closer] DEBUG [N/A] [N/A] com.zaxxer.hikari.pool.PoolBase - HikariPool-1 - Closing connection org.postgresql.jdbc.PgConnection@a4720c5: (connection has passed maxLifetime)
2026-03-24 17:26:06.882 [HikariPool-1 connection adder] DEBUG [N/A] [N/A] com.zaxxer.hikari.pool.HikariPool - HikariPool-1 - Added connection org.postgresql.jdbc.PgConnection@37f586dd
2026-03-24 17:26:06.915 [HikariPool-1 connection adder] DEBUG [N/A] [N/A] com.zaxxer.hikari.pool.HikariPool - HikariPool-1 - Connection not added, stats (total=5, active=0, idle=5, waiting=0)
2026-03-24 17:26:30.215 [HikariPool-1 housekeeper] DEBUG [N/A] [N/A] com.zaxxer.hikari.pool.HikariPool - HikariPool-1 - Before cleanup stats (total=5, active=0, idle=5, waiting=0)
2026-03-24 17:26:30.217 [HikariPool-1 housekeeper] DEBUG [N/A] [N/A] com.zaxxer.hikari.pool.HikariPool - HikariPool-1 - After cleanup  stats (total=5, active=0, idle=5, waiting=0)
2026-03-24 17:26:30.217 [HikariPool-1 housekeeper] DEBUG [N/A] [N/A] com.zaxxer.hikari.pool.HikariPool - HikariPool-1 - Fill pool skipped, pool has sufficient level or currently being filled.
2026-03-24 17:27:00.222 [HikariPool-1 housekeeper] DEBUG [N/A] [N/A] com.zaxxer.hikari.pool.HikariPool - HikariPool-1 - Before cleanup stats (total=5, active=0, idle=5, waiting=0)
2026-03-24 17:27:00.223 [HikariPool-1 housekeeper] DEBUG [N/A] [N/A] com.zaxxer.hikari.pool.HikariPool - HikariPool-1 - After cleanup  stats (total=5, active=0, idle=5, waiting=0)
2026-03-24 17:27:00.223 [HikariPool-1 housekeeper] DEBUG [N/A] [N/A] com.zaxxer.hikari.pool.HikariPool - HikariPool-1 - Fill pool skipped, pool has sufficient level or currently being filled.
2026-03-24 17:27:30.228 [HikariPool-1 housekeeper] DEBUG [N/A] [N/A] com.zaxxer.hikari.pool.HikariPool - HikariPool-1 - Before cleanup stats (total=5, active=0, idle=5, waiting=0)
2026-03-24 17:27:30.228 [HikariPool-1 housekeeper] DEBUG [N/A] [N/A] com.zaxxer.hikari.pool.HikariPool - HikariPool-1 - After cleanup  stats (total=5, active=0, idle=5, waiting=0)
2026-03-24 17:27:30.228 [HikariPool-1 housekeeper] DEBUG [N/A] [N/A] com.zaxxer.hikari.pool.HikariPool - HikariPool-1 - Fill pool skipped, pool has sufficient level or currently being filled.
2026-03-24 17:28:00.233 [HikariPool-1 housekeeper] DEBUG [N/A] [N/A] com.zaxxer.hikari.pool.HikariPool - HikariPool-1 - Before cleanup stats (total=5, active=0, idle=5, waiting=0)
2026-03-24 17:28:00.234 [HikariPool-1 housekeeper] DEBUG [N/A] [N/A] com.zaxxer.hikari.pool.HikariPool - HikariPool-1 - After cleanup  stats (total=5, active=0, idle=5, waiting=0)
2026-03-24 17:28:00.235 [HikariPool-1 housekeeper] DEBUG [N/A] [N/A] com.zaxxer.hikari.pool.HikariPool - HikariPool-1 - Fill pool skipped, pool has sufficient level or currently being filled.
2026-03-24 17:28:30.240 [HikariPool-1 housekeeper] DEBUG [N/A] [N/A] com.zaxxer.hikari.pool.HikariPool - HikariPool-1 - Before cleanup stats (total=5, active=0, idle=5, waiting=0)
2026-03-24 17:28:30.241 [HikariPool-1 housekeeper] DEBUG [N/A] [N/A] com.zaxxer.hikari.pool.HikariPool - HikariPool-1 - After cleanup  stats (total=5, active=0, idle=5, waiting=0)
2026-03-24 17:28:30.241 [HikariPool-1 housekeeper] DEBUG [N/A] [N/A] com.zaxxer.hikari.pool.HikariPool - HikariPool-1 - Fill pool skipped, pool has sufficient level or currently being filled.
2026-03-24 17:29:00.247 [HikariPool-1 housekeeper] DEBUG [N/A] [N/A] com.zaxxer.hikari.pool.HikariPool - HikariPool-1 - Before cleanup stats (total=5, active=0, idle=5, waiting=0)
2026-03-24 17:29:00.247 [HikariPool-1 housekeeper] DEBUG [N/A] [N/A] com.zaxxer.hikari.pool.HikariPool - HikariPool-1 - After cleanup  stats (total=5, active=0, idle=5, waiting=0)
2026-03-24 17:29:00.247 [HikariPool-1 housekeeper] DEBUG [N/A] [N/A] com.zaxxer.hikari.pool.HikariPool - HikariPool-1 - Fill pool skipped, pool has sufficient level or currently being filled.
2026-03-24 17:29:30.252 [HikariPool-1 housekeeper] DEBUG [N/A] [N/A] com.zaxxer.hikari.pool.HikariPool - HikariPool-1 - Before cleanup stats (total=5, active=0, idle=5, waiting=0)
2026-03-24 17:29:30.252 [HikariPool-1 housekeeper] DEBUG [N/A] [N/A] com.zaxxer.hikari.pool.HikariPool - HikariPool-1 - After cleanup  stats (total=5, active=0, idle=5, waiting=0)
2026-03-24 17:29:30.252 [HikariPool-1 housekeeper] DEBUG [N/A] [N/A] com.zaxxer.hikari.pool.HikariPool - HikariPool-1 - Fill pool skipped, pool has sufficient level or currently being filled.
2026-03-24 17:30:00.256 [HikariPool-1 housekeeper] DEBUG [N/A] [N/A] com.zaxxer.hikari.pool.HikariPool - HikariPool-1 - Before cleanup stats (total=5, active=0, idle=5, waiting=0)
2026-03-24 17:30:00.256 [HikariPool-1 housekeeper] DEBUG [N/A] [N/A] com.zaxxer.hikari.pool.HikariPool - HikariPool-1 - After cleanup  stats (total=5, active=0, idle=5, waiting=0)
2026-03-24 17:30:00.256 [HikariPool-1 housekeeper] DEBUG [N/A] [N/A] com.zaxxer.hikari.pool.HikariPool - HikariPool-1 - Fill pool skipped, pool has sufficient level or currently being filled.
2026-03-24 17:30:30.254 [HikariPool-1 housekeeper] DEBUG [N/A] [N/A] com.zaxxer.hikari.pool.HikariPool - HikariPool-1 - Before cleanup stats (total=5, active=0, idle=5, waiting=0)
2026-03-24 17:30:30.256 [HikariPool-1 housekeeper] DEBUG [N/A] [N/A] com.zaxxer.hikari.pool.HikariPool - HikariPool-1 - After cleanup  stats (total=5, active=0, idle=5, waiting=0)
2026-03-24 17:30:30.256 [HikariPool-1 housekeeper] DEBUG [N/A] [N/A] com.zaxxer.hikari.pool.HikariPool - HikariPool-1 - Fill pool skipped, pool has sufficient level or currently being filled.
2026-03-24 17:31:00.256 [HikariPool-1 housekeeper] DEBUG [N/A] [N/A] com.zaxxer.hikari.pool.HikariPool - HikariPool-1 - Before cleanup stats (total=5, active=0, idle=5, waiting=0)
2026-03-24 17:31:00.256 [HikariPool-1 housekeeper] DEBUG [N/A] [N/A] com.zaxxer.hikari.pool.HikariPool - HikariPool-1 - After cleanup  stats (total=5, active=0, idle=5, waiting=0)
2026-03-24 17:31:00.256 [HikariPool-1 housekeeper] DEBUG [N/A] [N/A] com.zaxxer.hikari.pool.HikariPool - HikariPool-1 - Fill pool skipped, pool has sufficient level or currently being filled.
2026-03-24 17:31:30.260 [HikariPool-1 housekeeper] DEBUG [N/A] [N/A] com.zaxxer.hikari.pool.HikariPool - HikariPool-1 - Before cleanup stats (total=5, active=0, idle=5, waiting=0)
2026-03-24 17:31:30.263 [HikariPool-1 housekeeper] DEBUG [N/A] [N/A] com.zaxxer.hikari.pool.HikariPool - HikariPool-1 - After cleanup  stats (total=5, active=0, idle=5, waiting=0)
2026-03-24 17:31:30.264 [HikariPool-1 housekeeper] DEBUG [N/A] [N/A] com.zaxxer.hikari.pool.HikariPool - HikariPool-1 - Fill pool skipped, pool has sufficient level or currently being filled.
2026-03-24 17:32:00.268 [HikariPool-1 housekeeper] DEBUG [N/A] [N/A] com.zaxxer.hikari.pool.HikariPool - HikariPool-1 - Before cleanup stats (total=5, active=0, idle=5, waiting=0)
2026-03-24 17:32:00.268 [HikariPool-1 housekeeper] DEBUG [N/A] [N/A] com.zaxxer.hikari.pool.HikariPool - HikariPool-1 - After cleanup  stats (total=5, active=0, idle=5, waiting=0)
2026-03-24 17:32:00.269 [HikariPool-1 housekeeper] DEBUG [N/A] [N/A] com.zaxxer.hikari.pool.HikariPool - HikariPool-1 - Fill pool skipped, pool has sufficient level or currently being filled.
2026-03-24 17:32:30.273 [HikariPool-1 housekeeper] DEBUG [N/A] [N/A] com.zaxxer.hikari.pool.HikariPool - HikariPool-1 - Before cleanup stats (total=5, active=0, idle=5, waiting=0)
2026-03-24 17:32:30.275 [HikariPool-1 housekeeper] DEBUG [N/A] [N/A] com.zaxxer.hikari.pool.HikariPool - HikariPool-1 - After cleanup  stats (total=5, active=0, idle=5, waiting=0)
2026-03-24 17:32:30.275 [HikariPool-1 housekeeper] DEBUG [N/A] [N/A] com.zaxxer.hikari.pool.HikariPool - HikariPool-1 - Fill pool skipped, pool has sufficient level or currently being filled.
2026-03-24 17:33:00.282 [HikariPool-1 housekeeper] DEBUG [N/A] [N/A] com.zaxxer.hikari.pool.HikariPool - HikariPool-1 - Before cleanup stats (total=5, active=0, idle=5, waiting=0)
2026-03-24 17:33:00.284 [HikariPool-1 housekeeper] DEBUG [N/A] [N/A] com.zaxxer.hikari.pool.HikariPool - HikariPool-1 - After cleanup  stats (total=5, active=0, idle=5, waiting=0)
2026-03-24 17:33:00.286 [HikariPool-1 housekeeper] DEBUG [N/A] [N/A] com.zaxxer.hikari.pool.HikariPool - HikariPool-1 - Fill pool skipped, pool has sufficient level or currently being filled.
2026-03-24 17:33:30.292 [HikariPool-1 housekeeper] DEBUG [N/A] [N/A] com.zaxxer.hikari.pool.HikariPool - HikariPool-1 - Before cleanup stats (total=5, active=0, idle=5, waiting=0)
2026-03-24 17:33:30.293 [HikariPool-1 housekeeper] DEBUG [N/A] [N/A] com.zaxxer.hikari.pool.HikariPool - HikariPool-1 - After cleanup  stats (total=5, active=0, idle=5, waiting=0)
2026-03-24 17:33:30.294 [HikariPool-1 housekeeper] DEBUG [N/A] [N/A] com.zaxxer.hikari.pool.HikariPool - HikariPool-1 - Fill pool skipped, pool has sufficient level or currently being filled.
2026-03-24 17:34:00.299 [HikariPool-1 housekeeper] DEBUG [N/A] [N/A] com.zaxxer.hikari.pool.HikariPool - HikariPool-1 - Before cleanup stats (total=5, active=0, idle=5, waiting=0)
2026-03-24 17:34:00.302 [HikariPool-1 housekeeper] DEBUG [N/A] [N/A] com.zaxxer.hikari.pool.HikariPool - HikariPool-1 - After cleanup  stats (total=5, active=0, idle=5, waiting=0)
2026-03-24 17:34:00.302 [HikariPool-1 housekeeper] DEBUG [N/A] [N/A] com.zaxxer.hikari.pool.HikariPool - HikariPool-1 - Fill pool skipped, pool has sufficient level or currently being filled.
2026-03-24 17:34:30.308 [HikariPool-1 housekeeper] DEBUG [N/A] [N/A] com.zaxxer.hikari.pool.HikariPool - HikariPool-1 - Before cleanup stats (total=5, active=0, idle=5, waiting=0)
2026-03-24 17:34:30.311 [HikariPool-1 housekeeper] DEBUG [N/A] [N/A] com.zaxxer.hikari.pool.HikariPool - HikariPool-1 - After cleanup  stats (total=5, active=0, idle=5, waiting=0)
2026-03-24 17:34:30.313 [HikariPool-1 housekeeper] DEBUG [N/A] [N/A] com.zaxxer.hikari.pool.HikariPool - HikariPool-1 - Fill pool skipped, pool has sufficient level or currently being filled.
2026-03-24 17:35:00.318 [HikariPool-1 housekeeper] DEBUG [N/A] [N/A] com.zaxxer.hikari.pool.HikariPool - HikariPool-1 - Before cleanup stats (total=5, active=0, idle=5, waiting=0)
2026-03-24 17:35:00.318 [HikariPool-1 housekeeper] DEBUG [N/A] [N/A] com.zaxxer.hikari.pool.HikariPool - HikariPool-1 - After cleanup  stats (total=5, active=0, idle=5, waiting=0)
2026-03-24 17:35:00.319 [HikariPool-1 housekeeper] DEBUG [N/A] [N/A] com.zaxxer.hikari.pool.HikariPool - HikariPool-1 - Fill pool skipped, pool has sufficient level or currently being filled.
2026-03-24 17:35:30.324 [HikariPool-1 housekeeper] DEBUG [N/A] [N/A] com.zaxxer.hikari.pool.HikariPool - HikariPool-1 - Before cleanup stats (total=5, active=0, idle=5, waiting=0)
2026-03-24 17:35:30.324 [HikariPool-1 housekeeper] DEBUG [N/A] [N/A] com.zaxxer.hikari.pool.HikariPool - HikariPool-1 - After cleanup  stats (total=5, active=0, idle=5, waiting=0)
2026-03-24 17:35:30.324 [HikariPool-1 housekeeper] DEBUG [N/A] [N/A] com.zaxxer.hikari.pool.HikariPool - HikariPool-1 - Fill pool skipped, pool has sufficient level or currently being filled.
2026-03-24 17:36:00.329 [HikariPool-1 housekeeper] DEBUG [N/A] [N/A] com.zaxxer.hikari.pool.HikariPool - HikariPool-1 - Before cleanup stats (total=5, active=0, idle=5, waiting=0)
2026-03-24 17:36:00.332 [HikariPool-1 housekeeper] DEBUG [N/A] [N/A] com.zaxxer.hikari.pool.HikariPool - HikariPool-1 - After cleanup  stats (total=5, active=0, idle=5, waiting=0)
2026-03-24 17:36:00.333 [HikariPool-1 housekeeper] DEBUG [N/A] [N/A] com.zaxxer.hikari.pool.HikariPool - HikariPool-1 - Fill pool skipped, pool has sufficient level or currently being filled.
2026-03-24 17:36:30.338 [HikariPool-1 housekeeper] DEBUG [N/A] [N/A] com.zaxxer.hikari.pool.HikariPool - HikariPool-1 - Before cleanup stats (total=5, active=0, idle=5, waiting=0)
2026-03-24 17:36:30.340 [HikariPool-1 housekeeper] DEBUG [N/A] [N/A] com.zaxxer.hikari.pool.HikariPool - HikariPool-1 - After cleanup  stats (total=5, active=0, idle=5, waiting=0)
2026-03-24 17:36:30.340 [HikariPool-1 housekeeper] DEBUG [N/A] [N/A] com.zaxxer.hikari.pool.HikariPool - HikariPool-1 - Fill pool skipped, pool has sufficient level or currently being filled.
2026-03-24 17:37:00.345 [HikariPool-1 housekeeper] DEBUG [N/A] [N/A] com.zaxxer.hikari.pool.HikariPool - HikariPool-1 - Before cleanup stats (total=5, active=0, idle=5, waiting=0)
2026-03-24 17:37:00.345 [HikariPool-1 housekeeper] DEBUG [N/A] [N/A] com.zaxxer.hikari.pool.HikariPool - HikariPool-1 - After cleanup  stats (total=5, active=0, idle=5, waiting=0)
2026-03-24 17:37:00.345 [HikariPool-1 housekeeper] DEBUG [N/A] [N/A] com.zaxxer.hikari.pool.HikariPool - HikariPool-1 - Fill pool skipped, pool has sufficient level or currently being filled.
2026-03-24 17:37:30.347 [HikariPool-1 housekeeper] DEBUG [N/A] [N/A] com.zaxxer.hikari.pool.HikariPool - HikariPool-1 - Before cleanup stats (total=5, active=0, idle=5, waiting=0)
2026-03-24 17:37:30.350 [HikariPool-1 housekeeper] DEBUG [N/A] [N/A] com.zaxxer.hikari.pool.HikariPool - HikariPool-1 - After cleanup  stats (total=5, active=0, idle=5, waiting=0)
2026-03-24 17:37:30.351 [HikariPool-1 housekeeper] DEBUG [N/A] [N/A] com.zaxxer.hikari.pool.HikariPool - HikariPool-1 - Fill pool skipped, pool has sufficient level or currently being filled.
2026-03-24 17:38:00.355 [HikariPool-1 housekeeper] DEBUG [N/A] [N/A] com.zaxxer.hikari.pool.HikariPool - HikariPool-1 - Before cleanup stats (total=5, active=0, idle=5, waiting=0)
2026-03-24 17:38:00.356 [HikariPool-1 housekeeper] DEBUG [N/A] [N/A] com.zaxxer.hikari.pool.HikariPool - HikariPool-1 - After cleanup  stats (total=5, active=0, idle=5, waiting=0)
2026-03-24 17:38:00.358 [HikariPool-1 housekeeper] DEBUG [N/A] [N/A] com.zaxxer.hikari.pool.HikariPool - HikariPool-1 - Fill pool skipped, pool has sufficient level or currently being filled.
2026-03-24 17:38:30.370 [HikariPool-1 housekeeper] DEBUG [N/A] [N/A] com.zaxxer.hikari.pool.HikariPool - HikariPool-1 - Before cleanup stats (total=5, active=0, idle=5, waiting=0)
2026-03-24 17:38:30.371 [HikariPool-1 housekeeper] DEBUG [N/A] [N/A] com.zaxxer.hikari.pool.HikariPool - HikariPool-1 - After cleanup  stats (total=5, active=0, idle=5, waiting=0)
2026-03-24 17:38:30.371 [HikariPool-1 housekeeper] DEBUG [N/A] [N/A] com.zaxxer.hikari.pool.HikariPool - HikariPool-1 - Fill pool skipped, pool has sufficient level or currently being filled.
2026-03-24 17:39:00.377 [HikariPool-1 housekeeper] DEBUG [N/A] [N/A] com.zaxxer.hikari.pool.HikariPool - HikariPool-1 - Before cleanup stats (total=5, active=0, idle=5, waiting=0)
2026-03-24 17:39:00.378 [HikariPool-1 housekeeper] DEBUG [N/A] [N/A] com.zaxxer.hikari.pool.HikariPool - HikariPool-1 - After cleanup  stats (total=5, active=0, idle=5, waiting=0)
2026-03-24 17:39:00.378 [HikariPool-1 housekeeper] DEBUG [N/A] [N/A] com.zaxxer.hikari.pool.HikariPool - HikariPool-1 - Fill pool skipped, pool has sufficient level or currently being filled.
2026-03-24 17:39:30.382 [HikariPool-1 housekeeper] DEBUG [N/A] [N/A] com.zaxxer.hikari.pool.HikariPool - HikariPool-1 - Before cleanup stats (total=5, active=0, idle=5, waiting=0)
2026-03-24 17:39:30.384 [HikariPool-1 housekeeper] DEBUG [N/A] [N/A] com.zaxxer.hikari.pool.HikariPool - HikariPool-1 - After cleanup  stats (total=5, active=0, idle=5, waiting=0)
2026-03-24 17:39:30.386 [HikariPool-1 housekeeper] DEBUG [N/A] [N/A] com.zaxxer.hikari.pool.HikariPool - HikariPool-1 - Fill pool skipped, pool has sufficient level or currently being filled.
2026-03-24 17:40:00.392 [HikariPool-1 housekeeper] DEBUG [N/A] [N/A] com.zaxxer.hikari.pool.HikariPool - HikariPool-1 - Before cleanup stats (total=5, active=0, idle=5, waiting=0)
2026-03-24 17:40:00.394 [HikariPool-1 housekeeper] DEBUG [N/A] [N/A] com.zaxxer.hikari.pool.HikariPool - HikariPool-1 - After cleanup  stats (total=5, active=0, idle=5, waiting=0)
2026-03-24 17:40:00.395 [HikariPool-1 housekeeper] DEBUG [N/A] [N/A] com.zaxxer.hikari.pool.HikariPool - HikariPool-1 - Fill pool skipped, pool has sufficient level or currently being filled.
2026-03-24 17:40:30.401 [HikariPool-1 housekeeper] DEBUG [N/A] [N/A] com.zaxxer.hikari.pool.HikariPool - HikariPool-1 - Before cleanup stats (total=5, active=0, idle=5, waiting=0)
2026-03-24 17:40:30.403 [HikariPool-1 housekeeper] DEBUG [N/A] [N/A] com.zaxxer.hikari.pool.HikariPool - HikariPool-1 - After cleanup  stats (total=5, active=0, idle=5, waiting=0)
2026-03-24 17:40:30.403 [HikariPool-1 housekeeper] DEBUG [N/A] [N/A] com.zaxxer.hikari.pool.HikariPool - HikariPool-1 - Fill pool skipped, pool has sufficient level or currently being filled.
2026-03-24 17:41:00.409 [HikariPool-1 housekeeper] DEBUG [N/A] [N/A] com.zaxxer.hikari.pool.HikariPool - HikariPool-1 - Before cleanup stats (total=5, active=0, idle=5, waiting=0)
2026-03-24 17:41:00.409 [HikariPool-1 housekeeper] DEBUG [N/A] [N/A] com.zaxxer.hikari.pool.HikariPool - HikariPool-1 - After cleanup  stats (total=5, active=0, idle=5, waiting=0)
2026-03-24 17:41:00.409 [HikariPool-1 housekeeper] DEBUG [N/A] [N/A] com.zaxxer.hikari.pool.HikariPool - HikariPool-1 - Fill pool skipped, pool has sufficient level or currently being filled.
2026-03-24 17:41:30.412 [HikariPool-1 housekeeper] DEBUG [N/A] [N/A] com.zaxxer.hikari.pool.HikariPool - HikariPool-1 - Before cleanup stats (total=5, active=0, idle=5, waiting=0)
2026-03-24 17:41:30.412 [HikariPool-1 housekeeper] DEBUG [N/A] [N/A] com.zaxxer.hikari.pool.HikariPool - HikariPool-1 - After cleanup  stats (total=5, active=0, idle=5, waiting=0)
2026-03-24 17:41:30.412 [HikariPool-1 housekeeper] DEBUG [N/A] [N/A] com.zaxxer.hikari.pool.HikariPool - HikariPool-1 - Fill pool skipped, pool has sufficient level or currently being filled.
2026-03-24 17:42:00.485 [HikariPool-1 housekeeper] DEBUG [N/A] [N/A] com.zaxxer.hikari.pool.HikariPool - HikariPool-1 - Before cleanup stats (total=5, active=0, idle=5, waiting=0)
2026-03-24 17:42:00.488 [HikariPool-1 housekeeper] DEBUG [N/A] [N/A] com.zaxxer.hikari.pool.HikariPool - HikariPool-1 - After cleanup  stats (total=5, active=0, idle=5, waiting=0)
2026-03-24 17:42:00.488 [HikariPool-1 housekeeper] DEBUG [N/A] [N/A] com.zaxxer.hikari.pool.HikariPool - HikariPool-1 - Fill pool skipped, pool has sufficient level or currently being filled.
2026-03-24 17:42:30.493 [HikariPool-1 housekeeper] DEBUG [N/A] [N/A] com.zaxxer.hikari.pool.HikariPool - HikariPool-1 - Before cleanup stats (total=5, active=0, idle=5, waiting=0)
2026-03-24 17:42:30.493 [HikariPool-1 housekeeper] DEBUG [N/A] [N/A] com.zaxxer.hikari.pool.HikariPool - HikariPool-1 - After cleanup  stats (total=5, active=0, idle=5, waiting=0)
2026-03-24 17:42:30.493 [HikariPool-1 housekeeper] DEBUG [N/A] [N/A] com.zaxxer.hikari.pool.HikariPool - HikariPool-1 - Fill pool skipped, pool has sufficient level or currently being filled.
2026-03-24 17:43:00.497 [HikariPool-1 housekeeper] DEBUG [N/A] [N/A] com.zaxxer.hikari.pool.HikariPool - HikariPool-1 - Before cleanup stats (total=5, active=0, idle=5, waiting=0)
2026-03-24 17:43:00.498 [HikariPool-1 housekeeper] DEBUG [N/A] [N/A] com.zaxxer.hikari.pool.HikariPool - HikariPool-1 - After cleanup  stats (total=5, active=0, idle=5, waiting=0)
2026-03-24 17:43:00.499 [HikariPool-1 housekeeper] DEBUG [N/A] [N/A] com.zaxxer.hikari.pool.HikariPool - HikariPool-1 - Fill pool skipped, pool has sufficient level or currently being filled.
2026-03-24 17:43:30.505 [HikariPool-1 housekeeper] DEBUG [N/A] [N/A] com.zaxxer.hikari.pool.HikariPool - HikariPool-1 - Before cleanup stats (total=5, active=0, idle=5, waiting=0)
2026-03-24 17:43:30.508 [HikariPool-1 housekeeper] DEBUG [N/A] [N/A] com.zaxxer.hikari.pool.HikariPool - HikariPool-1 - After cleanup  stats (total=5, active=0, idle=5, waiting=0)
2026-03-24 17:43:30.508 [HikariPool-1 housekeeper] DEBUG [N/A] [N/A] com.zaxxer.hikari.pool.HikariPool - HikariPool-1 - Fill pool skipped, pool has sufficient level or currently being filled.
2026-03-24 17:44:00.512 [HikariPool-1 housekeeper] DEBUG [N/A] [N/A] com.zaxxer.hikari.pool.HikariPool - HikariPool-1 - Before cleanup stats (total=5, active=0, idle=5, waiting=0)
2026-03-24 17:44:00.513 [HikariPool-1 housekeeper] DEBUG [N/A] [N/A] com.zaxxer.hikari.pool.HikariPool - HikariPool-1 - After cleanup  stats (total=5, active=0, idle=5, waiting=0)
2026-03-24 17:44:00.513 [HikariPool-1 housekeeper] DEBUG [N/A] [N/A] com.zaxxer.hikari.pool.HikariPool - HikariPool-1 - Fill pool skipped, pool has sufficient level or currently being filled.
2026-03-24 17:44:30.517 [HikariPool-1 housekeeper] DEBUG [N/A] [N/A] com.zaxxer.hikari.pool.HikariPool - HikariPool-1 - Before cleanup stats (total=5, active=0, idle=5, waiting=0)
2026-03-24 17:44:30.518 [HikariPool-1 housekeeper] DEBUG [N/A] [N/A] com.zaxxer.hikari.pool.HikariPool - HikariPool-1 - After cleanup  stats (total=5, active=0, idle=5, waiting=0)
2026-03-24 17:44:30.518 [HikariPool-1 housekeeper] DEBUG [N/A] [N/A] com.zaxxer.hikari.pool.HikariPool - HikariPool-1 - Fill pool skipped, pool has sufficient level or currently being filled.
2026-03-24 17:45:00.524 [HikariPool-1 housekeeper] DEBUG [N/A] [N/A] com.zaxxer.hikari.pool.HikariPool - HikariPool-1 - Before cleanup stats (total=5, active=0, idle=5, waiting=0)
2026-03-24 17:45:00.525 [HikariPool-1 housekeeper] DEBUG [N/A] [N/A] com.zaxxer.hikari.pool.HikariPool - HikariPool-1 - After cleanup  stats (total=5, active=0, idle=5, waiting=0)
2026-03-24 17:45:00.526 [HikariPool-1 housekeeper] DEBUG [N/A] [N/A] com.zaxxer.hikari.pool.HikariPool - HikariPool-1 - Fill pool skipped, pool has sufficient level or currently being filled.
2026-03-24 17:45:30.524 [HikariPool-1 housekeeper] DEBUG [N/A] [N/A] com.zaxxer.hikari.pool.HikariPool - HikariPool-1 - Before cleanup stats (total=5, active=0, idle=5, waiting=0)
2026-03-24 17:45:30.527 [HikariPool-1 housekeeper] DEBUG [N/A] [N/A] com.zaxxer.hikari.pool.HikariPool - HikariPool-1 - After cleanup  stats (total=5, active=0, idle=5, waiting=0)
2026-03-24 17:45:30.527 [HikariPool-1 housekeeper] DEBUG [N/A] [N/A] com.zaxxer.hikari.pool.HikariPool - HikariPool-1 - Fill pool skipped, pool has sufficient level or currently being filled.
2026-03-24 17:46:00.524 [HikariPool-1 housekeeper] DEBUG [N/A] [N/A] com.zaxxer.hikari.pool.HikariPool - HikariPool-1 - Before cleanup stats (total=5, active=0, idle=5, waiting=0)
2026-03-24 17:46:00.525 [HikariPool-1 housekeeper] DEBUG [N/A] [N/A] com.zaxxer.hikari.pool.HikariPool - HikariPool-1 - After cleanup  stats (total=5, active=0, idle=5, waiting=0)
2026-03-24 17:46:00.526 [HikariPool-1 housekeeper] DEBUG [N/A] [N/A] com.zaxxer.hikari.pool.HikariPool - HikariPool-1 - Fill pool skipped, pool has sufficient level or currently being filled.
2026-03-24 17:46:30.528 [HikariPool-1 housekeeper] DEBUG [N/A] [N/A] com.zaxxer.hikari.pool.HikariPool - HikariPool-1 - Before cleanup stats (total=5, active=0, idle=5, waiting=0)
2026-03-24 17:46:30.530 [HikariPool-1 housekeeper] DEBUG [N/A] [N/A] com.zaxxer.hikari.pool.HikariPool - HikariPool-1 - After cleanup  stats (total=5, active=0, idle=5, waiting=0)
2026-03-24 17:46:30.530 [HikariPool-1 housekeeper] DEBUG [N/A] [N/A] com.zaxxer.hikari.pool.HikariPool - HikariPool-1 - Fill pool skipped, pool has sufficient level or currently being filled.
2026-03-24 17:47:00.534 [HikariPool-1 housekeeper] DEBUG [N/A] [N/A] com.zaxxer.hikari.pool.HikariPool - HikariPool-1 - Before cleanup stats (total=5, active=0, idle=5, waiting=0)
2026-03-24 17:47:00.535 [HikariPool-1 housekeeper] DEBUG [N/A] [N/A] com.zaxxer.hikari.pool.HikariPool - HikariPool-1 - After cleanup  stats (total=5, active=0, idle=5, waiting=0)
2026-03-24 17:47:00.535 [HikariPool-1 housekeeper] DEBUG [N/A] [N/A] com.zaxxer.hikari.pool.HikariPool - HikariPool-1 - Fill pool skipped, pool has sufficient level or currently being filled.
2026-03-24 17:47:30.540 [HikariPool-1 housekeeper] DEBUG [N/A] [N/A] com.zaxxer.hikari.pool.HikariPool - HikariPool-1 - Before cleanup stats (total=5, active=0, idle=5, waiting=0)
2026-03-24 17:47:30.541 [HikariPool-1 housekeeper] DEBUG [N/A] [N/A] com.zaxxer.hikari.pool.HikariPool - HikariPool-1 - After cleanup  stats (total=5, active=0, idle=5, waiting=0)
2026-03-24 17:47:30.542 [HikariPool-1 housekeeper] DEBUG [N/A] [N/A] com.zaxxer.hikari.pool.HikariPool - HikariPool-1 - Fill pool skipped, pool has sufficient level or currently being filled.
2026-03-24 17:48:00.547 [HikariPool-1 housekeeper] DEBUG [N/A] [N/A] com.zaxxer.hikari.pool.HikariPool - HikariPool-1 - Before cleanup stats (total=5, active=0, idle=5, waiting=0)
2026-03-24 17:48:00.548 [HikariPool-1 housekeeper] DEBUG [N/A] [N/A] com.zaxxer.hikari.pool.HikariPool - HikariPool-1 - After cleanup  stats (total=5, active=0, idle=5, waiting=0)
2026-03-24 17:48:00.548 [HikariPool-1 housekeeper] DEBUG [N/A] [N/A] com.zaxxer.hikari.pool.HikariPool - HikariPool-1 - Fill pool skipped, pool has sufficient level or currently being filled.
2026-03-24 17:48:30.552 [HikariPool-1 housekeeper] DEBUG [N/A] [N/A] com.zaxxer.hikari.pool.HikariPool - HikariPool-1 - Before cleanup stats (total=5, active=0, idle=5, waiting=0)
2026-03-24 17:48:30.552 [HikariPool-1 housekeeper] DEBUG [N/A] [N/A] com.zaxxer.hikari.pool.HikariPool - HikariPool-1 - After cleanup  stats (total=5, active=0, idle=5, waiting=0)
2026-03-24 17:48:30.552 [HikariPool-1 housekeeper] DEBUG [N/A] [N/A] com.zaxxer.hikari.pool.HikariPool - HikariPool-1 - Fill pool skipped, pool has sufficient level or currently being filled.
2026-03-24 17:49:00.557 [HikariPool-1 housekeeper] DEBUG [N/A] [N/A] com.zaxxer.hikari.pool.HikariPool - HikariPool-1 - Before cleanup stats (total=5, active=0, idle=5, waiting=0)
2026-03-24 17:49:00.559 [HikariPool-1 housekeeper] DEBUG [N/A] [N/A] com.zaxxer.hikari.pool.HikariPool - HikariPool-1 - After cleanup  stats (total=5, active=0, idle=5, waiting=0)
2026-03-24 17:49:00.559 [HikariPool-1 housekeeper] DEBUG [N/A] [N/A] com.zaxxer.hikari.pool.HikariPool - HikariPool-1 - Fill pool skipped, pool has sufficient level or currently being filled.
2026-03-24 17:49:30.563 [HikariPool-1 housekeeper] DEBUG [N/A] [N/A] com.zaxxer.hikari.pool.HikariPool - HikariPool-1 - Before cleanup stats (total=5, active=0, idle=5, waiting=0)
2026-03-24 17:49:30.565 [HikariPool-1 housekeeper] DEBUG [N/A] [N/A] com.zaxxer.hikari.pool.HikariPool - HikariPool-1 - After cleanup  stats (total=5, active=0, idle=5, waiting=0)
2026-03-24 17:49:30.565 [HikariPool-1 housekeeper] DEBUG [N/A] [N/A] com.zaxxer.hikari.pool.HikariPool - HikariPool-1 - Fill pool skipped, pool has sufficient level or currently being filled.
2026-03-24 17:50:00.572 [HikariPool-1 housekeeper] DEBUG [N/A] [N/A] com.zaxxer.hikari.pool.HikariPool - HikariPool-1 - Before cleanup stats (total=5, active=0, idle=5, waiting=0)
2026-03-24 17:50:00.574 [HikariPool-1 housekeeper] DEBUG [N/A] [N/A] com.zaxxer.hikari.pool.HikariPool - HikariPool-1 - After cleanup  stats (total=5, active=0, idle=5, waiting=0)
2026-03-24 17:50:00.574 [HikariPool-1 housekeeper] DEBUG [N/A] [N/A] com.zaxxer.hikari.pool.HikariPool - HikariPool-1 - Fill pool skipped, pool has sufficient level or currently being filled.
2026-03-24 17:50:30.577 [HikariPool-1 housekeeper] DEBUG [N/A] [N/A] com.zaxxer.hikari.pool.HikariPool - HikariPool-1 - Before cleanup stats (total=5, active=0, idle=5, waiting=0)
2026-03-24 17:50:30.577 [HikariPool-1 housekeeper] DEBUG [N/A] [N/A] com.zaxxer.hikari.pool.HikariPool - HikariPool-1 - After cleanup  stats (total=5, active=0, idle=5, waiting=0)
2026-03-24 17:50:30.578 [HikariPool-1 housekeeper] DEBUG [N/A] [N/A] com.zaxxer.hikari.pool.HikariPool - HikariPool-1 - Fill pool skipped, pool has sufficient level or currently being filled.
2026-03-24 17:51:00.582 [HikariPool-1 housekeeper] DEBUG [N/A] [N/A] com.zaxxer.hikari.pool.HikariPool - HikariPool-1 - Before cleanup stats (total=5, active=0, idle=5, waiting=0)
2026-03-24 17:51:00.583 [HikariPool-1 housekeeper] DEBUG [N/A] [N/A] com.zaxxer.hikari.pool.HikariPool - HikariPool-1 - After cleanup  stats (total=5, active=0, idle=5, waiting=0)
2026-03-24 17:51:00.584 [HikariPool-1 housekeeper] DEBUG [N/A] [N/A] com.zaxxer.hikari.pool.HikariPool - HikariPool-1 - Fill pool skipped, pool has sufficient level or currently being filled.
2026-03-24 17:51:30.588 [HikariPool-1 housekeeper] DEBUG [N/A] [N/A] com.zaxxer.hikari.pool.HikariPool - HikariPool-1 - Before cleanup stats (total=5, active=0, idle=5, waiting=0)
2026-03-24 17:51:30.590 [HikariPool-1 housekeeper] DEBUG [N/A] [N/A] com.zaxxer.hikari.pool.HikariPool - HikariPool-1 - After cleanup  stats (total=5, active=0, idle=5, waiting=0)
2026-03-24 17:51:30.590 [HikariPool-1 housekeeper] DEBUG [N/A] [N/A] com.zaxxer.hikari.pool.HikariPool - HikariPool-1 - Fill pool skipped, pool has sufficient level or currently being filled.
2026-03-24 17:52:00.595 [HikariPool-1 housekeeper] DEBUG [N/A] [N/A] com.zaxxer.hikari.pool.HikariPool - HikariPool-1 - Before cleanup stats (total=5, active=0, idle=5, waiting=0)
2026-03-24 17:52:00.595 [HikariPool-1 housekeeper] DEBUG [N/A] [N/A] com.zaxxer.hikari.pool.HikariPool - HikariPool-1 - After cleanup  stats (total=5, active=0, idle=5, waiting=0)
2026-03-24 17:52:00.595 [HikariPool-1 housekeeper] DEBUG [N/A] [N/A] com.zaxxer.hikari.pool.HikariPool - HikariPool-1 - Fill pool skipped, pool has sufficient level or currently being filled.
2026-03-24 17:52:30.601 [HikariPool-1 housekeeper] DEBUG [N/A] [N/A] com.zaxxer.hikari.pool.HikariPool - HikariPool-1 - Before cleanup stats (total=5, active=0, idle=5, waiting=0)
2026-03-24 17:52:30.602 [HikariPool-1 housekeeper] DEBUG [N/A] [N/A] com.zaxxer.hikari.pool.HikariPool - HikariPool-1 - After cleanup  stats (total=5, active=0, idle=5, waiting=0)
2026-03-24 17:52:30.603 [HikariPool-1 housekeeper] DEBUG [N/A] [N/A] com.zaxxer.hikari.pool.HikariPool - HikariPool-1 - Fill pool skipped, pool has sufficient level or currently being filled.
2026-03-24 17:53:00.607 [HikariPool-1 housekeeper] DEBUG [N/A] [N/A] com.zaxxer.hikari.pool.HikariPool - HikariPool-1 - Before cleanup stats (total=5, active=0, idle=5, waiting=0)
2026-03-24 17:53:00.608 [HikariPool-1 housekeeper] DEBUG [N/A] [N/A] com.zaxxer.hikari.pool.HikariPool - HikariPool-1 - After cleanup  stats (total=5, active=0, idle=5, waiting=0)
2026-03-24 17:53:00.608 [HikariPool-1 housekeeper] DEBUG [N/A] [N/A] com.zaxxer.hikari.pool.HikariPool - HikariPool-1 - Fill pool skipped, pool has sufficient level or currently being filled.
2026-03-24 17:53:22.104 [HikariPool-1 connection closer] DEBUG [N/A] [N/A] com.zaxxer.hikari.pool.PoolBase - HikariPool-1 - Closing connection org.postgresql.jdbc.PgConnection@9d13184: (connection has passed maxLifetime)
2026-03-24 17:53:22.467 [HikariPool-1 connection adder] DEBUG [N/A] [N/A] com.zaxxer.hikari.pool.HikariPool - HikariPool-1 - Added connection org.postgresql.jdbc.PgConnection@5299af1e
2026-03-24 17:53:22.500 [HikariPool-1 connection adder] DEBUG [N/A] [N/A] com.zaxxer.hikari.pool.HikariPool - HikariPool-1 - Connection not added, stats (total=5, active=0, idle=5, waiting=0)
2026-03-24 17:53:30.613 [HikariPool-1 housekeeper] DEBUG [N/A] [N/A] com.zaxxer.hikari.pool.HikariPool - HikariPool-1 - Before cleanup stats (total=5, active=0, idle=5, waiting=0)
2026-03-24 17:53:30.613 [HikariPool-1 housekeeper] DEBUG [N/A] [N/A] com.zaxxer.hikari.pool.HikariPool - HikariPool-1 - After cleanup  stats (total=5, active=0, idle=5, waiting=0)
2026-03-24 17:53:30.615 [HikariPool-1 housekeeper] DEBUG [N/A] [N/A] com.zaxxer.hikari.pool.HikariPool - HikariPool-1 - Fill pool skipped, pool has sufficient level or currently being filled.
2026-03-24 17:54:00.618 [HikariPool-1 housekeeper] DEBUG [N/A] [N/A] com.zaxxer.hikari.pool.HikariPool - HikariPool-1 - Before cleanup stats (total=5, active=0, idle=5, waiting=0)
2026-03-24 17:54:00.621 [HikariPool-1 housekeeper] DEBUG [N/A] [N/A] com.zaxxer.hikari.pool.HikariPool - HikariPool-1 - After cleanup  stats (total=5, active=0, idle=5, waiting=0)
2026-03-24 17:54:00.621 [HikariPool-1 housekeeper] DEBUG [N/A] [N/A] com.zaxxer.hikari.pool.HikariPool - HikariPool-1 - Fill pool skipped, pool has sufficient level or currently being filled.
2026-03-24 17:54:18.033 [HikariPool-1 connection closer] DEBUG [N/A] [N/A] com.zaxxer.hikari.pool.PoolBase - HikariPool-1 - Closing connection org.postgresql.jdbc.PgConnection@6c63557d: (connection has passed maxLifetime)
2026-03-24 17:54:18.331 [HikariPool-1 connection adder] DEBUG [N/A] [N/A] com.zaxxer.hikari.pool.HikariPool - HikariPool-1 - Added connection org.postgresql.jdbc.PgConnection@3a7a83c0
2026-03-24 17:54:18.363 [HikariPool-1 connection adder] DEBUG [N/A] [N/A] com.zaxxer.hikari.pool.HikariPool - HikariPool-1 - Connection not added, stats (total=5, active=0, idle=5, waiting=0)
2026-03-24 17:54:30.626 [HikariPool-1 housekeeper] DEBUG [N/A] [N/A] com.zaxxer.hikari.pool.HikariPool - HikariPool-1 - Before cleanup stats (total=5, active=0, idle=5, waiting=0)
2026-03-24 17:54:30.626 [HikariPool-1 housekeeper] DEBUG [N/A] [N/A] com.zaxxer.hikari.pool.HikariPool - HikariPool-1 - After cleanup  stats (total=5, active=0, idle=5, waiting=0)
2026-03-24 17:54:30.627 [HikariPool-1 housekeeper] DEBUG [N/A] [N/A] com.zaxxer.hikari.pool.HikariPool - HikariPool-1 - Fill pool skipped, pool has sufficient level or currently being filled.
2026-03-24 17:54:58.259 [HikariPool-1 connection closer] DEBUG [N/A] [N/A] com.zaxxer.hikari.pool.PoolBase - HikariPool-1 - Closing connection org.postgresql.jdbc.PgConnection@9928d4d: (connection has passed maxLifetime)
2026-03-24 17:54:58.553 [HikariPool-1 connection adder] DEBUG [N/A] [N/A] com.zaxxer.hikari.pool.HikariPool - HikariPool-1 - Added connection org.postgresql.jdbc.PgConnection@9a00348
2026-03-24 17:54:58.587 [HikariPool-1 connection adder] DEBUG [N/A] [N/A] com.zaxxer.hikari.pool.HikariPool - HikariPool-1 - Connection not added, stats (total=5, active=0, idle=5, waiting=0)
2026-03-24 17:54:58.856 [HikariPool-1 connection closer] DEBUG [N/A] [N/A] com.zaxxer.hikari.pool.PoolBase - HikariPool-1 - Closing connection org.postgresql.jdbc.PgConnection@755620f: (connection has passed maxLifetime)
2026-03-24 17:54:59.137 [HikariPool-1 connection adder] DEBUG [N/A] [N/A] com.zaxxer.hikari.pool.HikariPool - HikariPool-1 - Added connection org.postgresql.jdbc.PgConnection@767fc0c
2026-03-24 17:54:59.172 [HikariPool-1 connection adder] DEBUG [N/A] [N/A] com.zaxxer.hikari.pool.HikariPool - HikariPool-1 - Connection not added, stats (total=5, active=0, idle=5, waiting=0)
2026-03-24 17:55:00.630 [HikariPool-1 housekeeper] DEBUG [N/A] [N/A] com.zaxxer.hikari.pool.HikariPool - HikariPool-1 - Before cleanup stats (total=5, active=0, idle=5, waiting=0)
2026-03-24 17:55:00.630 [HikariPool-1 housekeeper] DEBUG [N/A] [N/A] com.zaxxer.hikari.pool.HikariPool - HikariPool-1 - After cleanup  stats (total=5, active=0, idle=5, waiting=0)
2026-03-24 17:55:00.630 [HikariPool-1 housekeeper] DEBUG [N/A] [N/A] com.zaxxer.hikari.pool.HikariPool - HikariPool-1 - Fill pool skipped, pool has sufficient level or currently being filled.
2026-03-24 17:55:30.636 [HikariPool-1 housekeeper] DEBUG [N/A] [N/A] com.zaxxer.hikari.pool.HikariPool - HikariPool-1 - Before cleanup stats (total=5, active=0, idle=5, waiting=0)
2026-03-24 17:55:30.637 [HikariPool-1 housekeeper] DEBUG [N/A] [N/A] com.zaxxer.hikari.pool.HikariPool - HikariPool-1 - After cleanup  stats (total=5, active=0, idle=5, waiting=0)
2026-03-24 17:55:30.637 [HikariPool-1 housekeeper] DEBUG [N/A] [N/A] com.zaxxer.hikari.pool.HikariPool - HikariPool-1 - Fill pool skipped, pool has sufficient level or currently being filled.
2026-03-24 17:55:52.666 [HikariPool-1 connection closer] DEBUG [N/A] [N/A] com.zaxxer.hikari.pool.PoolBase - HikariPool-1 - Closing connection org.postgresql.jdbc.PgConnection@37f586dd: (connection has passed maxLifetime)
2026-03-24 17:55:53.005 [HikariPool-1 connection adder] DEBUG [N/A] [N/A] com.zaxxer.hikari.pool.HikariPool - HikariPool-1 - Added connection org.postgresql.jdbc.PgConnection@7d4d0fd1
2026-03-24 17:55:53.035 [HikariPool-1 connection adder] DEBUG [N/A] [N/A] com.zaxxer.hikari.pool.HikariPool - HikariPool-1 - Connection not added, stats (total=5, active=0, idle=5, waiting=0)
2026-03-24 17:56:00.642 [HikariPool-1 housekeeper] DEBUG [N/A] [N/A] com.zaxxer.hikari.pool.HikariPool - HikariPool-1 - Before cleanup stats (total=5, active=0, idle=5, waiting=0)
2026-03-24 17:56:00.643 [HikariPool-1 housekeeper] DEBUG [N/A] [N/A] com.zaxxer.hikari.pool.HikariPool - HikariPool-1 - After cleanup  stats (total=5, active=0, idle=5, waiting=0)
2026-03-24 17:56:00.643 [HikariPool-1 housekeeper] DEBUG [N/A] [N/A] com.zaxxer.hikari.pool.HikariPool - HikariPool-1 - Fill pool skipped, pool has sufficient level or currently being filled.
2026-03-24 17:56:30.647 [HikariPool-1 housekeeper] DEBUG [N/A] [N/A] com.zaxxer.hikari.pool.HikariPool - HikariPool-1 - Before cleanup stats (total=5, active=0, idle=5, waiting=0)
2026-03-24 17:56:30.648 [HikariPool-1 housekeeper] DEBUG [N/A] [N/A] com.zaxxer.hikari.pool.HikariPool - HikariPool-1 - After cleanup  stats (total=5, active=0, idle=5, waiting=0)
2026-03-24 17:56:30.648 [HikariPool-1 housekeeper] DEBUG [N/A] [N/A] com.zaxxer.hikari.pool.HikariPool - HikariPool-1 - Fill pool skipped, pool has sufficient level or currently being filled.
2026-03-24 17:57:00.652 [HikariPool-1 housekeeper] DEBUG [N/A] [N/A] com.zaxxer.hikari.pool.HikariPool - HikariPool-1 - Before cleanup stats (total=5, active=0, idle=5, waiting=0)
2026-03-24 17:57:00.652 [HikariPool-1 housekeeper] DEBUG [N/A] [N/A] com.zaxxer.hikari.pool.HikariPool - HikariPool-1 - After cleanup  stats (total=5, active=0, idle=5, waiting=0)
2026-03-24 17:57:00.653 [HikariPool-1 housekeeper] DEBUG [N/A] [N/A] com.zaxxer.hikari.pool.HikariPool - HikariPool-1 - Fill pool skipped, pool has sufficient level or currently being filled.
2026-03-24 17:57:30.657 [HikariPool-1 housekeeper] DEBUG [N/A] [N/A] com.zaxxer.hikari.pool.HikariPool - HikariPool-1 - Before cleanup stats (total=5, active=0, idle=5, waiting=0)
2026-03-24 17:57:30.657 [HikariPool-1 housekeeper] DEBUG [N/A] [N/A] com.zaxxer.hikari.pool.HikariPool - HikariPool-1 - After cleanup  stats (total=5, active=0, idle=5, waiting=0)
2026-03-24 17:57:30.657 [HikariPool-1 housekeeper] DEBUG [N/A] [N/A] com.zaxxer.hikari.pool.HikariPool - HikariPool-1 - Fill pool skipped, pool has sufficient level or currently being filled.
2026-03-24 17:58:00.661 [HikariPool-1 housekeeper] DEBUG [N/A] [N/A] com.zaxxer.hikari.pool.HikariPool - HikariPool-1 - Before cleanup stats (total=5, active=0, idle=5, waiting=0)
2026-03-24 17:58:00.661 [HikariPool-1 housekeeper] DEBUG [N/A] [N/A] com.zaxxer.hikari.pool.HikariPool - HikariPool-1 - After cleanup  stats (total=5, active=0, idle=5, waiting=0)
2026-03-24 17:58:00.661 [HikariPool-1 housekeeper] DEBUG [N/A] [N/A] com.zaxxer.hikari.pool.HikariPool - HikariPool-1 - Fill pool skipped, pool has sufficient level or currently being filled.
2026-03-24 17:58:30.666 [HikariPool-1 housekeeper] DEBUG [N/A] [N/A] com.zaxxer.hikari.pool.HikariPool - HikariPool-1 - Before cleanup stats (total=5, active=0, idle=5, waiting=0)
2026-03-24 17:58:30.666 [HikariPool-1 housekeeper] DEBUG [N/A] [N/A] com.zaxxer.hikari.pool.HikariPool - HikariPool-1 - After cleanup  stats (total=5, active=0, idle=5, waiting=0)
2026-03-24 17:58:30.666 [HikariPool-1 housekeeper] DEBUG [N/A] [N/A] com.zaxxer.hikari.pool.HikariPool - HikariPool-1 - Fill pool skipped, pool has sufficient level or currently being filled.
2026-03-24 17:59:00.672 [HikariPool-1 housekeeper] DEBUG [N/A] [N/A] com.zaxxer.hikari.pool.HikariPool - HikariPool-1 - Before cleanup stats (total=5, active=0, idle=5, waiting=0)
2026-03-24 17:59:00.672 [HikariPool-1 housekeeper] DEBUG [N/A] [N/A] com.zaxxer.hikari.pool.HikariPool - HikariPool-1 - After cleanup  stats (total=5, active=0, idle=5, waiting=0)
2026-03-24 17:59:00.672 [HikariPool-1 housekeeper] DEBUG [N/A] [N/A] com.zaxxer.hikari.pool.HikariPool - HikariPool-1 - Fill pool skipped, pool has sufficient level or currently being filled.
2026-03-24 17:59:30.677 [HikariPool-1 housekeeper] DEBUG [N/A] [N/A] com.zaxxer.hikari.pool.HikariPool - HikariPool-1 - Before cleanup stats (total=5, active=0, idle=5, waiting=0)
2026-03-24 17:59:30.679 [HikariPool-1 housekeeper] DEBUG [N/A] [N/A] com.zaxxer.hikari.pool.HikariPool - HikariPool-1 - After cleanup  stats (total=5, active=0, idle=5, waiting=0)
2026-03-24 17:59:30.681 [HikariPool-1 housekeeper] DEBUG [N/A] [N/A] com.zaxxer.hikari.pool.HikariPool - HikariPool-1 - Fill pool skipped, pool has sufficient level or currently being filled.
2026-03-24 18:00:00.689 [HikariPool-1 housekeeper] DEBUG [N/A] [N/A] com.zaxxer.hikari.pool.HikariPool - HikariPool-1 - Before cleanup stats (total=5, active=0, idle=5, waiting=0)
2026-03-24 18:00:00.689 [HikariPool-1 housekeeper] DEBUG [N/A] [N/A] com.zaxxer.hikari.pool.HikariPool - HikariPool-1 - After cleanup  stats (total=5, active=0, idle=5, waiting=0)
2026-03-24 18:00:00.689 [HikariPool-1 housekeeper] DEBUG [N/A] [N/A] com.zaxxer.hikari.pool.HikariPool - HikariPool-1 - Fill pool skipped, pool has sufficient level or currently being filled.
2026-03-24 18:00:30.683 [HikariPool-1 housekeeper] DEBUG [N/A] [N/A] com.zaxxer.hikari.pool.HikariPool - HikariPool-1 - Before cleanup stats (total=5, active=0, idle=5, waiting=0)
2026-03-24 18:00:30.683 [HikariPool-1 housekeeper] DEBUG [N/A] [N/A] com.zaxxer.hikari.pool.HikariPool - HikariPool-1 - After cleanup  stats (total=5, active=0, idle=5, waiting=0)
2026-03-24 18:00:30.683 [HikariPool-1 housekeeper] DEBUG [N/A] [N/A] com.zaxxer.hikari.pool.HikariPool - HikariPool-1 - Fill pool skipped, pool has sufficient level or currently being filled.
2026-03-24 18:01:00.680 [HikariPool-1 housekeeper] DEBUG [N/A] [N/A] com.zaxxer.hikari.pool.HikariPool - HikariPool-1 - Before cleanup stats (total=5, active=0, idle=5, waiting=0)
2026-03-24 18:01:00.682 [HikariPool-1 housekeeper] DEBUG [N/A] [N/A] com.zaxxer.hikari.pool.HikariPool - HikariPool-1 - After cleanup  stats (total=5, active=0, idle=5, waiting=0)
2026-03-24 18:01:00.682 [HikariPool-1 housekeeper] DEBUG [N/A] [N/A] com.zaxxer.hikari.pool.HikariPool - HikariPool-1 - Fill pool skipped, pool has sufficient level or currently being filled.
2026-03-24 18:01:30.686 [HikariPool-1 housekeeper] DEBUG [N/A] [N/A] com.zaxxer.hikari.pool.HikariPool - HikariPool-1 - Before cleanup stats (total=5, active=0, idle=5, waiting=0)
2026-03-24 18:01:30.686 [HikariPool-1 housekeeper] DEBUG [N/A] [N/A] com.zaxxer.hikari.pool.HikariPool - HikariPool-1 - After cleanup  stats (total=5, active=0, idle=5, waiting=0)
2026-03-24 18:01:30.688 [HikariPool-1 housekeeper] DEBUG [N/A] [N/A] com.zaxxer.hikari.pool.HikariPool - HikariPool-1 - Fill pool skipped, pool has sufficient level or currently being filled.
2026-03-24 18:02:00.692 [HikariPool-1 housekeeper] DEBUG [N/A] [N/A] com.zaxxer.hikari.pool.HikariPool - HikariPool-1 - Before cleanup stats (total=5, active=0, idle=5, waiting=0)
2026-03-24 18:02:00.695 [HikariPool-1 housekeeper] DEBUG [N/A] [N/A] com.zaxxer.hikari.pool.HikariPool - HikariPool-1 - After cleanup  stats (total=5, active=0, idle=5, waiting=0)
2026-03-24 18:02:00.695 [HikariPool-1 housekeeper] DEBUG [N/A] [N/A] com.zaxxer.hikari.pool.HikariPool - HikariPool-1 - Fill pool skipped, pool has sufficient level or currently being filled.
2026-03-24 18:02:30.699 [HikariPool-1 housekeeper] DEBUG [N/A] [N/A] com.zaxxer.hikari.pool.HikariPool - HikariPool-1 - Before cleanup stats (total=5, active=0, idle=5, waiting=0)
2026-03-24 18:02:30.699 [HikariPool-1 housekeeper] DEBUG [N/A] [N/A] com.zaxxer.hikari.pool.HikariPool - HikariPool-1 - After cleanup  stats (total=5, active=0, idle=5, waiting=0)
2026-03-24 18:02:30.699 [HikariPool-1 housekeeper] DEBUG [N/A] [N/A] com.zaxxer.hikari.pool.HikariPool - HikariPool-1 - Fill pool skipped, pool has sufficient level or currently being filled.
2026-03-24 18:03:00.704 [HikariPool-1 housekeeper] DEBUG [N/A] [N/A] com.zaxxer.hikari.pool.HikariPool - HikariPool-1 - Before cleanup stats (total=5, active=0, idle=5, waiting=0)
2026-03-24 18:03:00.704 [HikariPool-1 housekeeper] DEBUG [N/A] [N/A] com.zaxxer.hikari.pool.HikariPool - HikariPool-1 - After cleanup  stats (total=5, active=0, idle=5, waiting=0)
2026-03-24 18:03:00.704 [HikariPool-1 housekeeper] DEBUG [N/A] [N/A] com.zaxxer.hikari.pool.HikariPool - HikariPool-1 - Fill pool skipped, pool has sufficient level or currently being filled.
2026-03-24 18:03:30.710 [HikariPool-1 housekeeper] DEBUG [N/A] [N/A] com.zaxxer.hikari.pool.HikariPool - HikariPool-1 - Before cleanup stats (total=5, active=0, idle=5, waiting=0)
2026-03-24 18:03:30.710 [HikariPool-1 housekeeper] DEBUG [N/A] [N/A] com.zaxxer.hikari.pool.HikariPool - HikariPool-1 - After cleanup  stats (total=5, active=0, idle=5, waiting=0)
2026-03-24 18:03:30.711 [HikariPool-1 housekeeper] DEBUG [N/A] [N/A] com.zaxxer.hikari.pool.HikariPool - HikariPool-1 - Fill pool skipped, pool has sufficient level or currently being filled.
2026-03-24 18:04:00.717 [HikariPool-1 housekeeper] DEBUG [N/A] [N/A] com.zaxxer.hikari.pool.HikariPool - HikariPool-1 - Before cleanup stats (total=5, active=0, idle=5, waiting=0)
2026-03-24 18:04:00.719 [HikariPool-1 housekeeper] DEBUG [N/A] [N/A] com.zaxxer.hikari.pool.HikariPool - HikariPool-1 - After cleanup  stats (total=5, active=0, idle=5, waiting=0)
2026-03-24 18:04:00.719 [HikariPool-1 housekeeper] DEBUG [N/A] [N/A] com.zaxxer.hikari.pool.HikariPool - HikariPool-1 - Fill pool skipped, pool has sufficient level or currently being filled.
2026-03-24 18:04:30.724 [HikariPool-1 housekeeper] DEBUG [N/A] [N/A] com.zaxxer.hikari.pool.HikariPool - HikariPool-1 - Before cleanup stats (total=5, active=0, idle=5, waiting=0)
2026-03-24 18:04:30.725 [HikariPool-1 housekeeper] DEBUG [N/A] [N/A] com.zaxxer.hikari.pool.HikariPool - HikariPool-1 - After cleanup  stats (total=5, active=0, idle=5, waiting=0)
2026-03-24 18:04:30.725 [HikariPool-1 housekeeper] DEBUG [N/A] [N/A] com.zaxxer.hikari.pool.HikariPool - HikariPool-1 - Fill pool skipped, pool has sufficient level or currently being filled.
2026-03-24 18:05:00.729 [HikariPool-1 housekeeper] DEBUG [N/A] [N/A] com.zaxxer.hikari.pool.HikariPool - HikariPool-1 - Before cleanup stats (total=5, active=0, idle=5, waiting=0)
2026-03-24 18:05:00.730 [HikariPool-1 housekeeper] DEBUG [N/A] [N/A] com.zaxxer.hikari.pool.HikariPool - HikariPool-1 - After cleanup  stats (total=5, active=0, idle=5, waiting=0)
2026-03-24 18:05:00.730 [HikariPool-1 housekeeper] DEBUG [N/A] [N/A] com.zaxxer.hikari.pool.HikariPool - HikariPool-1 - Fill pool skipped, pool has sufficient level or currently being filled.
2026-03-24 18:05:30.734 [HikariPool-1 housekeeper] DEBUG [N/A] [N/A] com.zaxxer.hikari.pool.HikariPool - HikariPool-1 - Before cleanup stats (total=5, active=0, idle=5, waiting=0)
2026-03-24 18:05:30.735 [HikariPool-1 housekeeper] DEBUG [N/A] [N/A] com.zaxxer.hikari.pool.HikariPool - HikariPool-1 - After cleanup  stats (total=5, active=0, idle=5, waiting=0)
2026-03-24 18:05:30.735 [HikariPool-1 housekeeper] DEBUG [N/A] [N/A] com.zaxxer.hikari.pool.HikariPool - HikariPool-1 - Fill pool skipped, pool has sufficient level or currently being filled.
2026-03-24 18:06:00.740 [HikariPool-1 housekeeper] DEBUG [N/A] [N/A] com.zaxxer.hikari.pool.HikariPool - HikariPool-1 - Before cleanup stats (total=5, active=0, idle=5, waiting=0)
2026-03-24 18:06:00.741 [HikariPool-1 housekeeper] DEBUG [N/A] [N/A] com.zaxxer.hikari.pool.HikariPool - HikariPool-1 - After cleanup  stats (total=5, active=0, idle=5, waiting=0)
2026-03-24 18:06:00.741 [HikariPool-1 housekeeper] DEBUG [N/A] [N/A] com.zaxxer.hikari.pool.HikariPool - HikariPool-1 - Fill pool skipped, pool has sufficient level or currently being filled.
2026-03-24 18:06:30.746 [HikariPool-1 housekeeper] DEBUG [N/A] [N/A] com.zaxxer.hikari.pool.HikariPool - HikariPool-1 - Before cleanup stats (total=5, active=0, idle=5, waiting=0)
2026-03-24 18:06:30.747 [HikariPool-1 housekeeper] DEBUG [N/A] [N/A] com.zaxxer.hikari.pool.HikariPool - HikariPool-1 - After cleanup  stats (total=5, active=0, idle=5, waiting=0)
2026-03-24 18:06:30.747 [HikariPool-1 housekeeper] DEBUG [N/A] [N/A] com.zaxxer.hikari.pool.HikariPool - HikariPool-1 - Fill pool skipped, pool has sufficient level or currently being filled.
2026-03-24 18:07:00.751 [HikariPool-1 housekeeper] DEBUG [N/A] [N/A] com.zaxxer.hikari.pool.HikariPool - HikariPool-1 - Before cleanup stats (total=5, active=0, idle=5, waiting=0)
2026-03-24 18:07:00.753 [HikariPool-1 housekeeper] DEBUG [N/A] [N/A] com.zaxxer.hikari.pool.HikariPool - HikariPool-1 - After cleanup  stats (total=5, active=0, idle=5, waiting=0)
2026-03-24 18:07:00.753 [HikariPool-1 housekeeper] DEBUG [N/A] [N/A] com.zaxxer.hikari.pool.HikariPool - HikariPool-1 - Fill pool skipped, pool has sufficient level or currently being filled.
2026-03-24 18:07:30.758 [HikariPool-1 housekeeper] DEBUG [N/A] [N/A] com.zaxxer.hikari.pool.HikariPool - HikariPool-1 - Before cleanup stats (total=5, active=0, idle=5, waiting=0)
2026-03-24 18:07:30.759 [HikariPool-1 housekeeper] DEBUG [N/A] [N/A] com.zaxxer.hikari.pool.HikariPool - HikariPool-1 - After cleanup  stats (total=5, active=0, idle=5, waiting=0)
2026-03-24 18:07:30.759 [HikariPool-1 housekeeper] DEBUG [N/A] [N/A] com.zaxxer.hikari.pool.HikariPool - HikariPool-1 - Fill pool skipped, pool has sufficient level or currently being filled.
2026-03-24 18:08:00.764 [HikariPool-1 housekeeper] DEBUG [N/A] [N/A] com.zaxxer.hikari.pool.HikariPool - HikariPool-1 - Before cleanup stats (total=5, active=0, idle=5, waiting=0)
2026-03-24 18:08:00.766 [HikariPool-1 housekeeper] DEBUG [N/A] [N/A] com.zaxxer.hikari.pool.HikariPool - HikariPool-1 - After cleanup  stats (total=5, active=0, idle=5, waiting=0)
2026-03-24 18:08:00.766 [HikariPool-1 housekeeper] DEBUG [N/A] [N/A] com.zaxxer.hikari.pool.HikariPool - HikariPool-1 - Fill pool skipped, pool has sufficient level or currently being filled.
2026-03-24 18:08:30.771 [HikariPool-1 housekeeper] DEBUG [N/A] [N/A] com.zaxxer.hikari.pool.HikariPool - HikariPool-1 - Before cleanup stats (total=5, active=0, idle=5, waiting=0)
2026-03-24 18:08:30.772 [HikariPool-1 housekeeper] DEBUG [N/A] [N/A] com.zaxxer.hikari.pool.HikariPool - HikariPool-1 - After cleanup  stats (total=5, active=0, idle=5, waiting=0)
2026-03-24 18:08:30.772 [HikariPool-1 housekeeper] DEBUG [N/A] [N/A] com.zaxxer.hikari.pool.HikariPool - HikariPool-1 - Fill pool skipped, pool has sufficient level or currently being filled.
2026-03-24 18:09:00.777 [HikariPool-1 housekeeper] DEBUG [N/A] [N/A] com.zaxxer.hikari.pool.HikariPool - HikariPool-1 - Before cleanup stats (total=5, active=0, idle=5, waiting=0)
2026-03-24 18:09:00.778 [HikariPool-1 housekeeper] DEBUG [N/A] [N/A] com.zaxxer.hikari.pool.HikariPool - HikariPool-1 - After cleanup  stats (total=5, active=0, idle=5, waiting=0)
2026-03-24 18:09:00.778 [HikariPool-1 housekeeper] DEBUG [N/A] [N/A] com.zaxxer.hikari.pool.HikariPool - HikariPool-1 - Fill pool skipped, pool has sufficient level or currently being filled.
2026-03-24 18:09:30.782 [HikariPool-1 housekeeper] DEBUG [N/A] [N/A] com.zaxxer.hikari.pool.HikariPool - HikariPool-1 - Before cleanup stats (total=5, active=0, idle=5, waiting=0)
2026-03-24 18:09:30.784 [HikariPool-1 housekeeper] DEBUG [N/A] [N/A] com.zaxxer.hikari.pool.HikariPool - HikariPool-1 - After cleanup  stats (total=5, active=0, idle=5, waiting=0)
2026-03-24 18:09:30.784 [HikariPool-1 housekeeper] DEBUG [N/A] [N/A] com.zaxxer.hikari.pool.HikariPool - HikariPool-1 - Fill pool skipped, pool has sufficient level or currently being filled.
2026-03-24 18:10:00.790 [HikariPool-1 housekeeper] DEBUG [N/A] [N/A] com.zaxxer.hikari.pool.HikariPool - HikariPool-1 - Before cleanup stats (total=5, active=0, idle=5, waiting=0)
2026-03-24 18:10:00.792 [HikariPool-1 housekeeper] DEBUG [N/A] [N/A] com.zaxxer.hikari.pool.HikariPool - HikariPool-1 - After cleanup  stats (total=5, active=0, idle=5, waiting=0)
2026-03-24 18:10:00.793 [HikariPool-1 housekeeper] DEBUG [N/A] [N/A] com.zaxxer.hikari.pool.HikariPool - HikariPool-1 - Fill pool skipped, pool has sufficient level or currently being filled.
2026-03-24 18:10:30.798 [HikariPool-1 housekeeper] DEBUG [N/A] [N/A] com.zaxxer.hikari.pool.HikariPool - HikariPool-1 - Before cleanup stats (total=5, active=0, idle=5, waiting=0)
2026-03-24 18:10:30.800 [HikariPool-1 housekeeper] DEBUG [N/A] [N/A] com.zaxxer.hikari.pool.HikariPool - HikariPool-1 - After cleanup  stats (total=5, active=0, idle=5, waiting=0)
2026-03-24 18:10:30.800 [HikariPool-1 housekeeper] DEBUG [N/A] [N/A] com.zaxxer.hikari.pool.HikariPool - HikariPool-1 - Fill pool skipped, pool has sufficient level or currently being filled.
2026-03-24 18:11:00.806 [HikariPool-1 housekeeper] DEBUG [N/A] [N/A] com.zaxxer.hikari.pool.HikariPool - HikariPool-1 - Before cleanup stats (total=5, active=0, idle=5, waiting=0)
2026-03-24 18:11:00.807 [HikariPool-1 housekeeper] DEBUG [N/A] [N/A] com.zaxxer.hikari.pool.HikariPool - HikariPool-1 - After cleanup  stats (total=5, active=0, idle=5, waiting=0)
2026-03-24 18:11:00.807 [HikariPool-1 housekeeper] DEBUG [N/A] [N/A] com.zaxxer.hikari.pool.HikariPool - HikariPool-1 - Fill pool skipped, pool has sufficient level or currently being filled.
2026-03-24 18:11:30.811 [HikariPool-1 housekeeper] DEBUG [N/A] [N/A] com.zaxxer.hikari.pool.HikariPool - HikariPool-1 - Before cleanup stats (total=5, active=0, idle=5, waiting=0)
2026-03-24 18:11:30.813 [HikariPool-1 housekeeper] DEBUG [N/A] [N/A] com.zaxxer.hikari.pool.HikariPool - HikariPool-1 - After cleanup  stats (total=5, active=0, idle=5, waiting=0)
2026-03-24 18:11:30.813 [HikariPool-1 housekeeper] DEBUG [N/A] [N/A] com.zaxxer.hikari.pool.HikariPool - HikariPool-1 - Fill pool skipped, pool has sufficient level or currently being filled.
2026-03-24 18:12:00.822 [HikariPool-1 housekeeper] DEBUG [N/A] [N/A] com.zaxxer.hikari.pool.HikariPool - HikariPool-1 - Before cleanup stats (total=5, active=0, idle=5, waiting=0)
2026-03-24 18:12:00.824 [HikariPool-1 housekeeper] DEBUG [N/A] [N/A] com.zaxxer.hikari.pool.HikariPool - HikariPool-1 - After cleanup  stats (total=5, active=0, idle=5, waiting=0)
2026-03-24 18:12:00.824 [HikariPool-1 housekeeper] DEBUG [N/A] [N/A] com.zaxxer.hikari.pool.HikariPool - HikariPool-1 - Fill pool skipped, pool has sufficient level or currently being filled.
2026-03-24 18:12:30.829 [HikariPool-1 housekeeper] DEBUG [N/A] [N/A] com.zaxxer.hikari.pool.HikariPool - HikariPool-1 - Before cleanup stats (total=5, active=0, idle=5, waiting=0)
2026-03-24 18:12:30.830 [HikariPool-1 housekeeper] DEBUG [N/A] [N/A] com.zaxxer.hikari.pool.HikariPool - HikariPool-1 - After cleanup  stats (total=5, active=0, idle=5, waiting=0)
2026-03-24 18:12:30.830 [HikariPool-1 housekeeper] DEBUG [N/A] [N/A] com.zaxxer.hikari.pool.HikariPool - HikariPool-1 - Fill pool skipped, pool has sufficient level or currently being filled.
2026-03-24 18:13:00.834 [HikariPool-1 housekeeper] DEBUG [N/A] [N/A] com.zaxxer.hikari.pool.HikariPool - HikariPool-1 - Before cleanup stats (total=5, active=0, idle=5, waiting=0)
2026-03-24 18:13:00.836 [HikariPool-1 housekeeper] DEBUG [N/A] [N/A] com.zaxxer.hikari.pool.HikariPool - HikariPool-1 - After cleanup  stats (total=5, active=0, idle=5, waiting=0)
2026-03-24 18:13:00.836 [HikariPool-1 housekeeper] DEBUG [N/A] [N/A] com.zaxxer.hikari.pool.HikariPool - HikariPool-1 - Fill pool skipped, pool has sufficient level or currently being filled.
2026-03-24 18:13:30.841 [HikariPool-1 housekeeper] DEBUG [N/A] [N/A] com.zaxxer.hikari.pool.HikariPool - HikariPool-1 - Before cleanup stats (total=5, active=0, idle=5, waiting=0)
2026-03-24 18:13:30.841 [HikariPool-1 housekeeper] DEBUG [N/A] [N/A] com.zaxxer.hikari.pool.HikariPool - HikariPool-1 - After cleanup  stats (total=5, active=0, idle=5, waiting=0)
2026-03-24 18:13:30.841 [HikariPool-1 housekeeper] DEBUG [N/A] [N/A] com.zaxxer.hikari.pool.HikariPool - HikariPool-1 - Fill pool skipped, pool has sufficient level or currently being filled.
2026-03-24 18:14:00.847 [HikariPool-1 housekeeper] DEBUG [N/A] [N/A] com.zaxxer.hikari.pool.HikariPool - HikariPool-1 - Before cleanup stats (total=5, active=0, idle=5, waiting=0)
2026-03-24 18:14:00.849 [HikariPool-1 housekeeper] DEBUG [N/A] [N/A] com.zaxxer.hikari.pool.HikariPool - HikariPool-1 - After cleanup  stats (total=5, active=0, idle=5, waiting=0)
2026-03-24 18:14:00.849 [HikariPool-1 housekeeper] DEBUG [N/A] [N/A] com.zaxxer.hikari.pool.HikariPool - HikariPool-1 - Fill pool skipped, pool has sufficient level or currently being filled.
2026-03-24 18:14:30.850 [HikariPool-1 housekeeper] DEBUG [N/A] [N/A] com.zaxxer.hikari.pool.HikariPool - HikariPool-1 - Before cleanup stats (total=5, active=0, idle=5, waiting=0)
2026-03-24 18:14:30.851 [HikariPool-1 housekeeper] DEBUG [N/A] [N/A] com.zaxxer.hikari.pool.HikariPool - HikariPool-1 - After cleanup  stats (total=5, active=0, idle=5, waiting=0)
2026-03-24 18:14:30.851 [HikariPool-1 housekeeper] DEBUG [N/A] [N/A] com.zaxxer.hikari.pool.HikariPool - HikariPool-1 - Fill pool skipped, pool has sufficient level or currently being filled.
2026-03-24 18:15:00.857 [HikariPool-1 housekeeper] DEBUG [N/A] [N/A] com.zaxxer.hikari.pool.HikariPool - HikariPool-1 - Before cleanup stats (total=5, active=0, idle=5, waiting=0)
2026-03-24 18:15:00.858 [HikariPool-1 housekeeper] DEBUG [N/A] [N/A] com.zaxxer.hikari.pool.HikariPool - HikariPool-1 - After cleanup  stats (total=5, active=0, idle=5, waiting=0)
2026-03-24 18:15:00.858 [HikariPool-1 housekeeper] DEBUG [N/A] [N/A] com.zaxxer.hikari.pool.HikariPool - HikariPool-1 - Fill pool skipped, pool has sufficient level or currently being filled.
2026-03-24 18:15:30.858 [HikariPool-1 housekeeper] DEBUG [N/A] [N/A] com.zaxxer.hikari.pool.HikariPool - HikariPool-1 - Before cleanup stats (total=5, active=0, idle=5, waiting=0)
2026-03-24 18:15:30.858 [HikariPool-1 housekeeper] DEBUG [N/A] [N/A] com.zaxxer.hikari.pool.HikariPool - HikariPool-1 - After cleanup  stats (total=5, active=0, idle=5, waiting=0)
2026-03-24 18:15:30.858 [HikariPool-1 housekeeper] DEBUG [N/A] [N/A] com.zaxxer.hikari.pool.HikariPool - HikariPool-1 - Fill pool skipped, pool has sufficient level or currently being filled.
2026-03-24 18:16:00.859 [HikariPool-1 housekeeper] DEBUG [N/A] [N/A] com.zaxxer.hikari.pool.HikariPool - HikariPool-1 - Before cleanup stats (total=5, active=0, idle=5, waiting=0)
2026-03-24 18:16:00.861 [HikariPool-1 housekeeper] DEBUG [N/A] [N/A] com.zaxxer.hikari.pool.HikariPool - HikariPool-1 - After cleanup  stats (total=5, active=0, idle=5, waiting=0)
2026-03-24 18:16:00.861 [HikariPool-1 housekeeper] DEBUG [N/A] [N/A] com.zaxxer.hikari.pool.HikariPool - HikariPool-1 - Fill pool skipped, pool has sufficient level or currently being filled.
2026-03-24 18:16:30.865 [HikariPool-1 housekeeper] DEBUG [N/A] [N/A] com.zaxxer.hikari.pool.HikariPool - HikariPool-1 - Before cleanup stats (total=5, active=0, idle=5, waiting=0)
2026-03-24 18:16:30.867 [HikariPool-1 housekeeper] DEBUG [N/A] [N/A] com.zaxxer.hikari.pool.HikariPool - HikariPool-1 - After cleanup  stats (total=5, active=0, idle=5, waiting=0)
2026-03-24 18:16:30.867 [HikariPool-1 housekeeper] DEBUG [N/A] [N/A] com.zaxxer.hikari.pool.HikariPool - HikariPool-1 - Fill pool skipped, pool has sufficient level or currently being filled.
2026-03-24 18:17:00.872 [HikariPool-1 housekeeper] DEBUG [N/A] [N/A] com.zaxxer.hikari.pool.HikariPool - HikariPool-1 - Before cleanup stats (total=5, active=0, idle=5, waiting=0)
2026-03-24 18:17:00.874 [HikariPool-1 housekeeper] DEBUG [N/A] [N/A] com.zaxxer.hikari.pool.HikariPool - HikariPool-1 - After cleanup  stats (total=5, active=0, idle=5, waiting=0)
2026-03-24 18:17:00.874 [HikariPool-1 housekeeper] DEBUG [N/A] [N/A] com.zaxxer.hikari.pool.HikariPool - HikariPool-1 - Fill pool skipped, pool has sufficient level or currently being filled.
2026-03-24 18:17:30.878 [HikariPool-1 housekeeper] DEBUG [N/A] [N/A] com.zaxxer.hikari.pool.HikariPool - HikariPool-1 - Before cleanup stats (total=5, active=0, idle=5, waiting=0)
2026-03-24 18:17:30.879 [HikariPool-1 housekeeper] DEBUG [N/A] [N/A] com.zaxxer.hikari.pool.HikariPool - HikariPool-1 - After cleanup  stats (total=5, active=0, idle=5, waiting=0)
2026-03-24 18:17:30.879 [HikariPool-1 housekeeper] DEBUG [N/A] [N/A] com.zaxxer.hikari.pool.HikariPool - HikariPool-1 - Fill pool skipped, pool has sufficient level or currently being filled.
2026-03-24 18:18:00.884 [HikariPool-1 housekeeper] DEBUG [N/A] [N/A] com.zaxxer.hikari.pool.HikariPool - HikariPool-1 - Before cleanup stats (total=5, active=0, idle=5, waiting=0)
2026-03-24 18:18:00.885 [HikariPool-1 housekeeper] DEBUG [N/A] [N/A] com.zaxxer.hikari.pool.HikariPool - HikariPool-1 - After cleanup  stats (total=5, active=0, idle=5, waiting=0)
2026-03-24 18:18:00.885 [HikariPool-1 housekeeper] DEBUG [N/A] [N/A] com.zaxxer.hikari.pool.HikariPool - HikariPool-1 - Fill pool skipped, pool has sufficient level or currently being filled.
2026-03-24 18:18:30.890 [HikariPool-1 housekeeper] DEBUG [N/A] [N/A] com.zaxxer.hikari.pool.HikariPool - HikariPool-1 - Before cleanup stats (total=5, active=0, idle=5, waiting=0)
2026-03-24 18:18:30.891 [HikariPool-1 housekeeper] DEBUG [N/A] [N/A] com.zaxxer.hikari.pool.HikariPool - HikariPool-1 - After cleanup  stats (total=5, active=0, idle=5, waiting=0)
2026-03-24 18:18:30.891 [HikariPool-1 housekeeper] DEBUG [N/A] [N/A] com.zaxxer.hikari.pool.HikariPool - HikariPool-1 - Fill pool skipped, pool has sufficient level or currently being filled.
2026-03-24 18:19:00.896 [HikariPool-1 housekeeper] DEBUG [N/A] [N/A] com.zaxxer.hikari.pool.HikariPool - HikariPool-1 - Before cleanup stats (total=5, active=0, idle=5, waiting=0)
2026-03-24 18:19:00.896 [HikariPool-1 housekeeper] DEBUG [N/A] [N/A] com.zaxxer.hikari.pool.HikariPool - HikariPool-1 - After cleanup  stats (total=5, active=0, idle=5, waiting=0)
2026-03-24 18:19:00.896 [HikariPool-1 housekeeper] DEBUG [N/A] [N/A] com.zaxxer.hikari.pool.HikariPool - HikariPool-1 - Fill pool skipped, pool has sufficient level or currently being filled.
2026-03-24 18:19:30.897 [HikariPool-1 housekeeper] DEBUG [N/A] [N/A] com.zaxxer.hikari.pool.HikariPool - HikariPool-1 - Before cleanup stats (total=5, active=0, idle=5, waiting=0)
2026-03-24 18:19:30.901 [HikariPool-1 housekeeper] DEBUG [N/A] [N/A] com.zaxxer.hikari.pool.HikariPool - HikariPool-1 - After cleanup  stats (total=5, active=0, idle=5, waiting=0)
2026-03-24 18:19:30.901 [HikariPool-1 housekeeper] DEBUG [N/A] [N/A] com.zaxxer.hikari.pool.HikariPool - HikariPool-1 - Fill pool skipped, pool has sufficient level or currently being filled.
2026-03-24 18:20:00.904 [HikariPool-1 housekeeper] DEBUG [N/A] [N/A] com.zaxxer.hikari.pool.HikariPool - HikariPool-1 - Before cleanup stats (total=5, active=0, idle=5, waiting=0)
2026-03-24 18:20:00.905 [HikariPool-1 housekeeper] DEBUG [N/A] [N/A] com.zaxxer.hikari.pool.HikariPool - HikariPool-1 - After cleanup  stats (total=5, active=0, idle=5, waiting=0)
2026-03-24 18:20:00.906 [HikariPool-1 housekeeper] DEBUG [N/A] [N/A] com.zaxxer.hikari.pool.HikariPool - HikariPool-1 - Fill pool skipped, pool has sufficient level or currently being filled.
2026-03-24 18:20:30.911 [HikariPool-1 housekeeper] DEBUG [N/A] [N/A] com.zaxxer.hikari.pool.HikariPool - HikariPool-1 - Before cleanup stats (total=5, active=0, idle=5, waiting=0)
2026-03-24 18:20:30.912 [HikariPool-1 housekeeper] DEBUG [N/A] [N/A] com.zaxxer.hikari.pool.HikariPool - HikariPool-1 - After cleanup  stats (total=5, active=0, idle=5, waiting=0)
2026-03-24 18:20:30.912 [HikariPool-1 housekeeper] DEBUG [N/A] [N/A] com.zaxxer.hikari.pool.HikariPool - HikariPool-1 - Fill pool skipped, pool has sufficient level or currently being filled.
2026-03-24 18:21:00.914 [HikariPool-1 housekeeper] DEBUG [N/A] [N/A] com.zaxxer.hikari.pool.HikariPool - HikariPool-1 - Before cleanup stats (total=5, active=0, idle=5, waiting=0)
2026-03-24 18:21:00.914 [HikariPool-1 housekeeper] DEBUG [N/A] [N/A] com.zaxxer.hikari.pool.HikariPool - HikariPool-1 - After cleanup  stats (total=5, active=0, idle=5, waiting=0)
2026-03-24 18:21:00.915 [HikariPool-1 housekeeper] DEBUG [N/A] [N/A] com.zaxxer.hikari.pool.HikariPool - HikariPool-1 - Fill pool skipped, pool has sufficient level or currently being filled.
2026-03-24 18:21:30.920 [HikariPool-1 housekeeper] DEBUG [N/A] [N/A] com.zaxxer.hikari.pool.HikariPool - HikariPool-1 - Before cleanup stats (total=5, active=0, idle=5, waiting=0)
2026-03-24 18:21:30.921 [HikariPool-1 housekeeper] DEBUG [N/A] [N/A] com.zaxxer.hikari.pool.HikariPool - HikariPool-1 - After cleanup  stats (total=5, active=0, idle=5, waiting=0)
2026-03-24 18:21:30.921 [HikariPool-1 housekeeper] DEBUG [N/A] [N/A] com.zaxxer.hikari.pool.HikariPool - HikariPool-1 - Fill pool skipped, pool has sufficient level or currently being filled.
2026-03-24 18:22:00.926 [HikariPool-1 housekeeper] DEBUG [N/A] [N/A] com.zaxxer.hikari.pool.HikariPool - HikariPool-1 - Before cleanup stats (total=5, active=0, idle=5, waiting=0)
2026-03-24 18:22:00.926 [HikariPool-1 housekeeper] DEBUG [N/A] [N/A] com.zaxxer.hikari.pool.HikariPool - HikariPool-1 - After cleanup  stats (total=5, active=0, idle=5, waiting=0)
2026-03-24 18:22:00.926 [HikariPool-1 housekeeper] DEBUG [N/A] [N/A] com.zaxxer.hikari.pool.HikariPool - HikariPool-1 - Fill pool skipped, pool has sufficient level or currently being filled.
2026-03-24 18:22:30.931 [HikariPool-1 housekeeper] DEBUG [N/A] [N/A] com.zaxxer.hikari.pool.HikariPool - HikariPool-1 - Before cleanup stats (total=5, active=0, idle=5, waiting=0)
2026-03-24 18:22:30.932 [HikariPool-1 housekeeper] DEBUG [N/A] [N/A] com.zaxxer.hikari.pool.HikariPool - HikariPool-1 - After cleanup  stats (total=5, active=0, idle=5, waiting=0)
2026-03-24 18:22:30.932 [HikariPool-1 housekeeper] DEBUG [N/A] [N/A] com.zaxxer.hikari.pool.HikariPool - HikariPool-1 - Fill pool skipped, pool has sufficient level or currently being filled.
2026-03-24 18:22:42.891 [HikariPool-1 connection closer] DEBUG [N/A] [N/A] com.zaxxer.hikari.pool.PoolBase - HikariPool-1 - Closing connection org.postgresql.jdbc.PgConnection@5299af1e: (connection has passed maxLifetime)
2026-03-24 18:22:43.237 [HikariPool-1 connection adder] DEBUG [N/A] [N/A] com.zaxxer.hikari.pool.HikariPool - HikariPool-1 - Added connection org.postgresql.jdbc.PgConnection@66e41c76
2026-03-24 18:22:43.271 [HikariPool-1 connection adder] DEBUG [N/A] [N/A] com.zaxxer.hikari.pool.HikariPool - HikariPool-1 - Connection not added, stats (total=5, active=0, idle=5, waiting=0)
2026-03-24 18:23:00.937 [HikariPool-1 housekeeper] DEBUG [N/A] [N/A] com.zaxxer.hikari.pool.HikariPool - HikariPool-1 - Before cleanup stats (total=5, active=0, idle=5, waiting=0)
2026-03-24 18:23:00.938 [HikariPool-1 housekeeper] DEBUG [N/A] [N/A] com.zaxxer.hikari.pool.HikariPool - HikariPool-1 - After cleanup  stats (total=5, active=0, idle=5, waiting=0)
2026-03-24 18:23:00.938 [HikariPool-1 housekeeper] DEBUG [N/A] [N/A] com.zaxxer.hikari.pool.HikariPool - HikariPool-1 - Fill pool skipped, pool has sufficient level or currently being filled.
2026-03-24 18:23:30.944 [HikariPool-1 housekeeper] DEBUG [N/A] [N/A] com.zaxxer.hikari.pool.HikariPool - HikariPool-1 - Before cleanup stats (total=5, active=0, idle=5, waiting=0)
2026-03-24 18:23:30.947 [HikariPool-1 housekeeper] DEBUG [N/A] [N/A] com.zaxxer.hikari.pool.HikariPool - HikariPool-1 - After cleanup  stats (total=5, active=0, idle=5, waiting=0)
2026-03-24 18:23:30.948 [HikariPool-1 housekeeper] DEBUG [N/A] [N/A] com.zaxxer.hikari.pool.HikariPool - HikariPool-1 - Fill pool skipped, pool has sufficient level or currently being filled.
2026-03-24 18:24:00.950 [HikariPool-1 housekeeper] DEBUG [N/A] [N/A] com.zaxxer.hikari.pool.HikariPool - HikariPool-1 - Before cleanup stats (total=5, active=0, idle=5, waiting=0)
2026-03-24 18:24:00.951 [HikariPool-1 housekeeper] DEBUG [N/A] [N/A] com.zaxxer.hikari.pool.HikariPool - HikariPool-1 - After cleanup  stats (total=5, active=0, idle=5, waiting=0)
2026-03-24 18:24:00.951 [HikariPool-1 housekeeper] DEBUG [N/A] [N/A] com.zaxxer.hikari.pool.HikariPool - HikariPool-1 - Fill pool skipped, pool has sufficient level or currently being filled.
2026-03-24 18:24:15.947 [HikariPool-1 connection closer] DEBUG [N/A] [N/A] com.zaxxer.hikari.pool.PoolBase - HikariPool-1 - Closing connection org.postgresql.jdbc.PgConnection@767fc0c: (connection has passed maxLifetime)
2026-03-24 18:24:16.365 [HikariPool-1 connection adder] DEBUG [N/A] [N/A] com.zaxxer.hikari.pool.HikariPool - HikariPool-1 - Added connection org.postgresql.jdbc.PgConnection@56bb20a4
2026-03-24 18:24:16.401 [HikariPool-1 connection adder] DEBUG [N/A] [N/A] com.zaxxer.hikari.pool.HikariPool - HikariPool-1 - Connection not added, stats (total=5, active=0, idle=5, waiting=0)
2026-03-24 18:24:18.292 [HikariPool-1 connection closer] DEBUG [N/A] [N/A] com.zaxxer.hikari.pool.PoolBase - HikariPool-1 - Closing connection org.postgresql.jdbc.PgConnection@3a7a83c0: (connection has passed maxLifetime)
2026-03-24 18:24:18.654 [HikariPool-1 connection adder] DEBUG [N/A] [N/A] com.zaxxer.hikari.pool.HikariPool - HikariPool-1 - Added connection org.postgresql.jdbc.PgConnection@587cc403
2026-03-24 18:24:18.690 [HikariPool-1 connection adder] DEBUG [N/A] [N/A] com.zaxxer.hikari.pool.HikariPool - HikariPool-1 - Connection not added, stats (total=5, active=0, idle=5, waiting=0)
2026-03-24 18:24:23.797 [HikariPool-1 connection closer] DEBUG [N/A] [N/A] com.zaxxer.hikari.pool.PoolBase - HikariPool-1 - Closing connection org.postgresql.jdbc.PgConnection@9a00348: (connection has passed maxLifetime)
2026-03-24 18:24:24.027 [HikariPool-1 connection adder] DEBUG [N/A] [N/A] com.zaxxer.hikari.pool.HikariPool - HikariPool-1 - Added connection org.postgresql.jdbc.PgConnection@2983affa
2026-03-24 18:24:24.062 [HikariPool-1 connection adder] DEBUG [N/A] [N/A] com.zaxxer.hikari.pool.HikariPool - HikariPool-1 - Connection not added, stats (total=5, active=0, idle=5, waiting=0)
2026-03-24 18:24:30.954 [HikariPool-1 housekeeper] DEBUG [N/A] [N/A] com.zaxxer.hikari.pool.HikariPool - HikariPool-1 - Before cleanup stats (total=5, active=0, idle=5, waiting=0)
2026-03-24 18:24:30.956 [HikariPool-1 housekeeper] DEBUG [N/A] [N/A] com.zaxxer.hikari.pool.HikariPool - HikariPool-1 - After cleanup  stats (total=5, active=0, idle=5, waiting=0)
2026-03-24 18:24:30.956 [HikariPool-1 housekeeper] DEBUG [N/A] [N/A] com.zaxxer.hikari.pool.HikariPool - HikariPool-1 - Fill pool skipped, pool has sufficient level or currently being filled.
2026-03-24 18:25:00.958 [HikariPool-1 housekeeper] DEBUG [N/A] [N/A] com.zaxxer.hikari.pool.HikariPool - HikariPool-1 - Before cleanup stats (total=5, active=0, idle=5, waiting=0)
2026-03-24 18:25:00.958 [HikariPool-1 housekeeper] DEBUG [N/A] [N/A] com.zaxxer.hikari.pool.HikariPool - HikariPool-1 - After cleanup  stats (total=5, active=0, idle=5, waiting=0)
2026-03-24 18:25:00.958 [HikariPool-1 housekeeper] DEBUG [N/A] [N/A] com.zaxxer.hikari.pool.HikariPool - HikariPool-1 - Fill pool skipped, pool has sufficient level or currently being filled.
2026-03-24 18:25:28.623 [HikariPool-1 connection closer] DEBUG [N/A] [N/A] com.zaxxer.hikari.pool.PoolBase - HikariPool-1 - Closing connection org.postgresql.jdbc.PgConnection@7d4d0fd1: (connection has passed maxLifetime)
2026-03-24 18:25:28.917 [HikariPool-1 connection adder] DEBUG [N/A] [N/A] com.zaxxer.hikari.pool.HikariPool - HikariPool-1 - Added connection org.postgresql.jdbc.PgConnection@34b3943e
2026-03-24 18:25:28.947 [HikariPool-1 connection adder] DEBUG [N/A] [N/A] com.zaxxer.hikari.pool.HikariPool - HikariPool-1 - Connection not added, stats (total=5, active=0, idle=5, waiting=0)
2026-03-24 18:25:30.961 [HikariPool-1 housekeeper] DEBUG [N/A] [N/A] com.zaxxer.hikari.pool.HikariPool - HikariPool-1 - Before cleanup stats (total=5, active=0, idle=5, waiting=0)
2026-03-24 18:25:30.961 [HikariPool-1 housekeeper] DEBUG [N/A] [N/A] com.zaxxer.hikari.pool.HikariPool - HikariPool-1 - After cleanup  stats (total=5, active=0, idle=5, waiting=0)
2026-03-24 18:25:30.962 [HikariPool-1 housekeeper] DEBUG [N/A] [N/A] com.zaxxer.hikari.pool.HikariPool - HikariPool-1 - Fill pool skipped, pool has sufficient level or currently being filled.
2026-03-24 18:26:00.966 [HikariPool-1 housekeeper] DEBUG [N/A] [N/A] com.zaxxer.hikari.pool.HikariPool - HikariPool-1 - Before cleanup stats (total=5, active=0, idle=5, waiting=0)
2026-03-24 18:26:00.966 [HikariPool-1 housekeeper] DEBUG [N/A] [N/A] com.zaxxer.hikari.pool.HikariPool - HikariPool-1 - After cleanup  stats (total=5, active=0, idle=5, waiting=0)
2026-03-24 18:26:00.966 [HikariPool-1 housekeeper] DEBUG [N/A] [N/A] com.zaxxer.hikari.pool.HikariPool - HikariPool-1 - Fill pool skipped, pool has sufficient level or currently being filled.
2026-03-24 18:26:30.968 [HikariPool-1 housekeeper] DEBUG [N/A] [N/A] com.zaxxer.hikari.pool.HikariPool - HikariPool-1 - Before cleanup stats (total=5, active=0, idle=5, waiting=0)
2026-03-24 18:26:30.969 [HikariPool-1 housekeeper] DEBUG [N/A] [N/A] com.zaxxer.hikari.pool.HikariPool - HikariPool-1 - After cleanup  stats (total=5, active=0, idle=5, waiting=0)
2026-03-24 18:26:30.969 [HikariPool-1 housekeeper] DEBUG [N/A] [N/A] com.zaxxer.hikari.pool.HikariPool - HikariPool-1 - Fill pool skipped, pool has sufficient level or currently being filled.
2026-03-24 18:27:00.970 [HikariPool-1 housekeeper] DEBUG [N/A] [N/A] com.zaxxer.hikari.pool.HikariPool - HikariPool-1 - Before cleanup stats (total=5, active=0, idle=5, waiting=0)
2026-03-24 18:27:00.972 [HikariPool-1 housekeeper] DEBUG [N/A] [N/A] com.zaxxer.hikari.pool.HikariPool - HikariPool-1 - After cleanup  stats (total=5, active=0, idle=5, waiting=0)
2026-03-24 18:27:00.972 [HikariPool-1 housekeeper] DEBUG [N/A] [N/A] com.zaxxer.hikari.pool.HikariPool - HikariPool-1 - Fill pool skipped, pool has sufficient level or currently being filled.
2026-03-24 18:27:30.977 [HikariPool-1 housekeeper] DEBUG [N/A] [N/A] com.zaxxer.hikari.pool.HikariPool - HikariPool-1 - Before cleanup stats (total=5, active=0, idle=5, waiting=0)
2026-03-24 18:27:30.977 [HikariPool-1 housekeeper] DEBUG [N/A] [N/A] com.zaxxer.hikari.pool.HikariPool - HikariPool-1 - After cleanup  stats (total=5, active=0, idle=5, waiting=0)
2026-03-24 18:27:30.978 [HikariPool-1 housekeeper] DEBUG [N/A] [N/A] com.zaxxer.hikari.pool.HikariPool - HikariPool-1 - Fill pool skipped, pool has sufficient level or currently being filled.
2026-03-24 18:28:00.982 [HikariPool-1 housekeeper] DEBUG [N/A] [N/A] com.zaxxer.hikari.pool.HikariPool - HikariPool-1 - Before cleanup stats (total=5, active=0, idle=5, waiting=0)
2026-03-24 18:28:00.984 [HikariPool-1 housekeeper] DEBUG [N/A] [N/A] com.zaxxer.hikari.pool.HikariPool - HikariPool-1 - After cleanup  stats (total=5, active=0, idle=5, waiting=0)
2026-03-24 18:28:00.984 [HikariPool-1 housekeeper] DEBUG [N/A] [N/A] com.zaxxer.hikari.pool.HikariPool - HikariPool-1 - Fill pool skipped, pool has sufficient level or currently being filled.
2026-03-24 18:28:30.988 [HikariPool-1 housekeeper] DEBUG [N/A] [N/A] com.zaxxer.hikari.pool.HikariPool - HikariPool-1 - Before cleanup stats (total=5, active=0, idle=5, waiting=0)
2026-03-24 18:28:30.991 [HikariPool-1 housekeeper] DEBUG [N/A] [N/A] com.zaxxer.hikari.pool.HikariPool - HikariPool-1 - After cleanup  stats (total=5, active=0, idle=5, waiting=0)
2026-03-24 18:28:30.992 [HikariPool-1 housekeeper] DEBUG [N/A] [N/A] com.zaxxer.hikari.pool.HikariPool - HikariPool-1 - Fill pool skipped, pool has sufficient level or currently being filled.
2026-03-24 18:29:00.994 [HikariPool-1 housekeeper] DEBUG [N/A] [N/A] com.zaxxer.hikari.pool.HikariPool - HikariPool-1 - Before cleanup stats (total=5, active=0, idle=5, waiting=0)
2026-03-24 18:29:00.999 [HikariPool-1 housekeeper] DEBUG [N/A] [N/A] com.zaxxer.hikari.pool.HikariPool - HikariPool-1 - After cleanup  stats (total=5, active=0, idle=5, waiting=0)
2026-03-24 18:29:01.000 [HikariPool-1 housekeeper] DEBUG [N/A] [N/A] com.zaxxer.hikari.pool.HikariPool - HikariPool-1 - Fill pool skipped, pool has sufficient level or currently being filled.
2026-03-24 18:29:31.005 [HikariPool-1 housekeeper] DEBUG [N/A] [N/A] com.zaxxer.hikari.pool.HikariPool - HikariPool-1 - Before cleanup stats (total=5, active=0, idle=5, waiting=0)
2026-03-24 18:29:31.006 [HikariPool-1 housekeeper] DEBUG [N/A] [N/A] com.zaxxer.hikari.pool.HikariPool - HikariPool-1 - After cleanup  stats (total=5, active=0, idle=5, waiting=0)
2026-03-24 18:29:31.006 [HikariPool-1 housekeeper] DEBUG [N/A] [N/A] com.zaxxer.hikari.pool.HikariPool - HikariPool-1 - Fill pool skipped, pool has sufficient level or currently being filled.
2026-03-24 18:30:01.011 [HikariPool-1 housekeeper] DEBUG [N/A] [N/A] com.zaxxer.hikari.pool.HikariPool - HikariPool-1 - Before cleanup stats (total=5, active=0, idle=5, waiting=0)
2026-03-24 18:30:01.013 [HikariPool-1 housekeeper] DEBUG [N/A] [N/A] com.zaxxer.hikari.pool.HikariPool - HikariPool-1 - After cleanup  stats (total=5, active=0, idle=5, waiting=0)
2026-03-24 18:30:01.013 [HikariPool-1 housekeeper] DEBUG [N/A] [N/A] com.zaxxer.hikari.pool.HikariPool - HikariPool-1 - Fill pool skipped, pool has sufficient level or currently being filled.
2026-03-24 18:30:31.007 [HikariPool-1 housekeeper] DEBUG [N/A] [N/A] com.zaxxer.hikari.pool.HikariPool - HikariPool-1 - Before cleanup stats (total=5, active=0, idle=5, waiting=0)
2026-03-24 18:30:31.009 [HikariPool-1 housekeeper] DEBUG [N/A] [N/A] com.zaxxer.hikari.pool.HikariPool - HikariPool-1 - After cleanup  stats (total=5, active=0, idle=5, waiting=0)
2026-03-24 18:30:31.011 [HikariPool-1 housekeeper] DEBUG [N/A] [N/A] com.zaxxer.hikari.pool.HikariPool - HikariPool-1 - Fill pool skipped, pool has sufficient level or currently being filled.
2026-03-24 18:31:01.007 [HikariPool-1 housekeeper] DEBUG [N/A] [N/A] com.zaxxer.hikari.pool.HikariPool - HikariPool-1 - Before cleanup stats (total=5, active=0, idle=5, waiting=0)
2026-03-24 18:31:01.011 [HikariPool-1 housekeeper] DEBUG [N/A] [N/A] com.zaxxer.hikari.pool.HikariPool - HikariPool-1 - After cleanup  stats (total=5, active=0, idle=5, waiting=0)
2026-03-24 18:31:01.011 [HikariPool-1 housekeeper] DEBUG [N/A] [N/A] com.zaxxer.hikari.pool.HikariPool - HikariPool-1 - Fill pool skipped, pool has sufficient level or currently being filled.
2026-03-24 18:31:31.014 [HikariPool-1 housekeeper] DEBUG [N/A] [N/A] com.zaxxer.hikari.pool.HikariPool - HikariPool-1 - Before cleanup stats (total=5, active=0, idle=5, waiting=0)
2026-03-24 18:31:31.019 [HikariPool-1 housekeeper] DEBUG [N/A] [N/A] com.zaxxer.hikari.pool.HikariPool - HikariPool-1 - After cleanup  stats (total=5, active=0, idle=5, waiting=0)
2026-03-24 18:31:31.019 [HikariPool-1 housekeeper] DEBUG [N/A] [N/A] com.zaxxer.hikari.pool.HikariPool - HikariPool-1 - Fill pool skipped, pool has sufficient level or currently being filled.
2026-03-24 18:32:01.020 [HikariPool-1 housekeeper] DEBUG [N/A] [N/A] com.zaxxer.hikari.pool.HikariPool - HikariPool-1 - Before cleanup stats (total=5, active=0, idle=5, waiting=0)
2026-03-24 18:32:01.022 [HikariPool-1 housekeeper] DEBUG [N/A] [N/A] com.zaxxer.hikari.pool.HikariPool - HikariPool-1 - After cleanup  stats (total=5, active=0, idle=5, waiting=0)
2026-03-24 18:32:01.022 [HikariPool-1 housekeeper] DEBUG [N/A] [N/A] com.zaxxer.hikari.pool.HikariPool - HikariPool-1 - Fill pool skipped, pool has sufficient level or currently being filled.
2026-03-24 18:32:31.025 [HikariPool-1 housekeeper] DEBUG [N/A] [N/A] com.zaxxer.hikari.pool.HikariPool - HikariPool-1 - Before cleanup stats (total=5, active=0, idle=5, waiting=0)
2026-03-24 18:32:31.028 [HikariPool-1 housekeeper] DEBUG [N/A] [N/A] com.zaxxer.hikari.pool.HikariPool - HikariPool-1 - After cleanup  stats (total=5, active=0, idle=5, waiting=0)
2026-03-24 18:32:31.028 [HikariPool-1 housekeeper] DEBUG [N/A] [N/A] com.zaxxer.hikari.pool.HikariPool - HikariPool-1 - Fill pool skipped, pool has sufficient level or currently being filled.
2026-03-24 18:33:01.032 [HikariPool-1 housekeeper] DEBUG [N/A] [N/A] com.zaxxer.hikari.pool.HikariPool - HikariPool-1 - Before cleanup stats (total=5, active=0, idle=5, waiting=0)
2026-03-24 18:33:01.032 [HikariPool-1 housekeeper] DEBUG [N/A] [N/A] com.zaxxer.hikari.pool.HikariPool - HikariPool-1 - After cleanup  stats (total=5, active=0, idle=5, waiting=0)
2026-03-24 18:33:01.034 [HikariPool-1 housekeeper] DEBUG [N/A] [N/A] com.zaxxer.hikari.pool.HikariPool - HikariPool-1 - Fill pool skipped, pool has sufficient level or currently being filled.
2026-03-24 18:33:31.038 [HikariPool-1 housekeeper] DEBUG [N/A] [N/A] com.zaxxer.hikari.pool.HikariPool - HikariPool-1 - Before cleanup stats (total=5, active=0, idle=5, waiting=0)
2026-03-24 18:33:31.041 [HikariPool-1 housekeeper] DEBUG [N/A] [N/A] com.zaxxer.hikari.pool.HikariPool - HikariPool-1 - After cleanup  stats (total=5, active=0, idle=5, waiting=0)
2026-03-24 18:33:31.041 [HikariPool-1 housekeeper] DEBUG [N/A] [N/A] com.zaxxer.hikari.pool.HikariPool - HikariPool-1 - Fill pool skipped, pool has sufficient level or currently being filled.
2026-03-24 18:34:01.047 [HikariPool-1 housekeeper] DEBUG [N/A] [N/A] com.zaxxer.hikari.pool.HikariPool - HikariPool-1 - Before cleanup stats (total=5, active=0, idle=5, waiting=0)
2026-03-24 18:34:01.047 [HikariPool-1 housekeeper] DEBUG [N/A] [N/A] com.zaxxer.hikari.pool.HikariPool - HikariPool-1 - After cleanup  stats (total=5, active=0, idle=5, waiting=0)
2026-03-24 18:34:01.047 [HikariPool-1 housekeeper] DEBUG [N/A] [N/A] com.zaxxer.hikari.pool.HikariPool - HikariPool-1 - Fill pool skipped, pool has sufficient level or currently being filled.
2026-03-24 18:34:31.054 [HikariPool-1 housekeeper] DEBUG [N/A] [N/A] com.zaxxer.hikari.pool.HikariPool - HikariPool-1 - Before cleanup stats (total=5, active=0, idle=5, waiting=0)
2026-03-24 18:34:31.056 [HikariPool-1 housekeeper] DEBUG [N/A] [N/A] com.zaxxer.hikari.pool.HikariPool - HikariPool-1 - After cleanup  stats (total=5, active=0, idle=5, waiting=0)
2026-03-24 18:34:31.056 [HikariPool-1 housekeeper] DEBUG [N/A] [N/A] com.zaxxer.hikari.pool.HikariPool - HikariPool-1 - Fill pool skipped, pool has sufficient level or currently being filled.
2026-03-24 18:35:01.061 [HikariPool-1 housekeeper] DEBUG [N/A] [N/A] com.zaxxer.hikari.pool.HikariPool - HikariPool-1 - Before cleanup stats (total=5, active=0, idle=5, waiting=0)
2026-03-24 18:35:01.063 [HikariPool-1 housekeeper] DEBUG [N/A] [N/A] com.zaxxer.hikari.pool.HikariPool - HikariPool-1 - After cleanup  stats (total=5, active=0, idle=5, waiting=0)
2026-03-24 18:35:01.063 [HikariPool-1 housekeeper] DEBUG [N/A] [N/A] com.zaxxer.hikari.pool.HikariPool - HikariPool-1 - Fill pool skipped, pool has sufficient level or currently being filled.
2026-03-24 18:35:31.067 [HikariPool-1 housekeeper] DEBUG [N/A] [N/A] com.zaxxer.hikari.pool.HikariPool - HikariPool-1 - Before cleanup stats (total=5, active=0, idle=5, waiting=0)
2026-03-24 18:35:31.068 [HikariPool-1 housekeeper] DEBUG [N/A] [N/A] com.zaxxer.hikari.pool.HikariPool - HikariPool-1 - After cleanup  stats (total=5, active=0, idle=5, waiting=0)
2026-03-24 18:35:31.068 [HikariPool-1 housekeeper] DEBUG [N/A] [N/A] com.zaxxer.hikari.pool.HikariPool - HikariPool-1 - Fill pool skipped, pool has sufficient level or currently being filled.
2026-03-24 18:36:01.072 [HikariPool-1 housekeeper] DEBUG [N/A] [N/A] com.zaxxer.hikari.pool.HikariPool - HikariPool-1 - Before cleanup stats (total=5, active=0, idle=5, waiting=0)
2026-03-24 18:36:01.074 [HikariPool-1 housekeeper] DEBUG [N/A] [N/A] com.zaxxer.hikari.pool.HikariPool - HikariPool-1 - After cleanup  stats (total=5, active=0, idle=5, waiting=0)
2026-03-24 18:36:01.075 [HikariPool-1 housekeeper] DEBUG [N/A] [N/A] com.zaxxer.hikari.pool.HikariPool - HikariPool-1 - Fill pool skipped, pool has sufficient level or currently being filled.
2026-03-24 18:36:31.081 [HikariPool-1 housekeeper] DEBUG [N/A] [N/A] com.zaxxer.hikari.pool.HikariPool - HikariPool-1 - Before cleanup stats (total=5, active=0, idle=5, waiting=0)
2026-03-24 18:36:31.081 [HikariPool-1 housekeeper] DEBUG [N/A] [N/A] com.zaxxer.hikari.pool.HikariPool - HikariPool-1 - After cleanup  stats (total=5, active=0, idle=5, waiting=0)
2026-03-24 18:36:31.083 [HikariPool-1 housekeeper] DEBUG [N/A] [N/A] com.zaxxer.hikari.pool.HikariPool - HikariPool-1 - Fill pool skipped, pool has sufficient level or currently being filled.
2026-03-24 18:37:01.088 [HikariPool-1 housekeeper] DEBUG [N/A] [N/A] com.zaxxer.hikari.pool.HikariPool - HikariPool-1 - Before cleanup stats (total=5, active=0, idle=5, waiting=0)
2026-03-24 18:37:01.089 [HikariPool-1 housekeeper] DEBUG [N/A] [N/A] com.zaxxer.hikari.pool.HikariPool - HikariPool-1 - After cleanup  stats (total=5, active=0, idle=5, waiting=0)
2026-03-24 18:37:01.089 [HikariPool-1 housekeeper] DEBUG [N/A] [N/A] com.zaxxer.hikari.pool.HikariPool - HikariPool-1 - Fill pool skipped, pool has sufficient level or currently being filled.
2026-03-24 18:37:31.095 [HikariPool-1 housekeeper] DEBUG [N/A] [N/A] com.zaxxer.hikari.pool.HikariPool - HikariPool-1 - Before cleanup stats (total=5, active=0, idle=5, waiting=0)
2026-03-24 18:37:31.097 [HikariPool-1 housekeeper] DEBUG [N/A] [N/A] com.zaxxer.hikari.pool.HikariPool - HikariPool-1 - After cleanup  stats (total=5, active=0, idle=5, waiting=0)
2026-03-24 18:37:31.097 [HikariPool-1 housekeeper] DEBUG [N/A] [N/A] com.zaxxer.hikari.pool.HikariPool - HikariPool-1 - Fill pool skipped, pool has sufficient level or currently being filled.
2026-03-24 18:38:01.101 [HikariPool-1 housekeeper] DEBUG [N/A] [N/A] com.zaxxer.hikari.pool.HikariPool - HikariPool-1 - Before cleanup stats (total=5, active=0, idle=5, waiting=0)
2026-03-24 18:38:01.105 [HikariPool-1 housekeeper] DEBUG [N/A] [N/A] com.zaxxer.hikari.pool.HikariPool - HikariPool-1 - After cleanup  stats (total=5, active=0, idle=5, waiting=0)
2026-03-24 18:38:01.105 [HikariPool-1 housekeeper] DEBUG [N/A] [N/A] com.zaxxer.hikari.pool.HikariPool - HikariPool-1 - Fill pool skipped, pool has sufficient level or currently being filled.
2026-03-24 18:38:31.107 [HikariPool-1 housekeeper] DEBUG [N/A] [N/A] com.zaxxer.hikari.pool.HikariPool - HikariPool-1 - Before cleanup stats (total=5, active=0, idle=5, waiting=0)
2026-03-24 18:38:31.109 [HikariPool-1 housekeeper] DEBUG [N/A] [N/A] com.zaxxer.hikari.pool.HikariPool - HikariPool-1 - After cleanup  stats (total=5, active=0, idle=5, waiting=0)
2026-03-24 18:38:31.109 [HikariPool-1 housekeeper] DEBUG [N/A] [N/A] com.zaxxer.hikari.pool.HikariPool - HikariPool-1 - Fill pool skipped, pool has sufficient level or currently being filled.
2026-03-24 18:39:01.113 [HikariPool-1 housekeeper] DEBUG [N/A] [N/A] com.zaxxer.hikari.pool.HikariPool - HikariPool-1 - Before cleanup stats (total=5, active=0, idle=5, waiting=0)
2026-03-24 18:39:01.114 [HikariPool-1 housekeeper] DEBUG [N/A] [N/A] com.zaxxer.hikari.pool.HikariPool - HikariPool-1 - After cleanup  stats (total=5, active=0, idle=5, waiting=0)
2026-03-24 18:39:01.114 [HikariPool-1 housekeeper] DEBUG [N/A] [N/A] com.zaxxer.hikari.pool.HikariPool - HikariPool-1 - Fill pool skipped, pool has sufficient level or currently being filled.
2026-03-24 18:39:31.120 [HikariPool-1 housekeeper] DEBUG [N/A] [N/A] com.zaxxer.hikari.pool.HikariPool - HikariPool-1 - Before cleanup stats (total=5, active=0, idle=5, waiting=0)
2026-03-24 18:39:31.122 [HikariPool-1 housekeeper] DEBUG [N/A] [N/A] com.zaxxer.hikari.pool.HikariPool - HikariPool-1 - After cleanup  stats (total=5, active=0, idle=5, waiting=0)
2026-03-24 18:39:31.122 [HikariPool-1 housekeeper] DEBUG [N/A] [N/A] com.zaxxer.hikari.pool.HikariPool - HikariPool-1 - Fill pool skipped, pool has sufficient level or currently being filled.
2026-03-24 18:40:01.124 [HikariPool-1 housekeeper] DEBUG [N/A] [N/A] com.zaxxer.hikari.pool.HikariPool - HikariPool-1 - Before cleanup stats (total=5, active=0, idle=5, waiting=0)
2026-03-24 18:40:01.125 [HikariPool-1 housekeeper] DEBUG [N/A] [N/A] com.zaxxer.hikari.pool.HikariPool - HikariPool-1 - After cleanup  stats (total=5, active=0, idle=5, waiting=0)
2026-03-24 18:40:01.125 [HikariPool-1 housekeeper] DEBUG [N/A] [N/A] com.zaxxer.hikari.pool.HikariPool - HikariPool-1 - Fill pool skipped, pool has sufficient level or currently being filled.
2026-03-24 18:40:31.130 [HikariPool-1 housekeeper] DEBUG [N/A] [N/A] com.zaxxer.hikari.pool.HikariPool - HikariPool-1 - Before cleanup stats (total=5, active=0, idle=5, waiting=0)
2026-03-24 18:40:31.131 [HikariPool-1 housekeeper] DEBUG [N/A] [N/A] com.zaxxer.hikari.pool.HikariPool - HikariPool-1 - After cleanup  stats (total=5, active=0, idle=5, waiting=0)
2026-03-24 18:40:31.131 [HikariPool-1 housekeeper] DEBUG [N/A] [N/A] com.zaxxer.hikari.pool.HikariPool - HikariPool-1 - Fill pool skipped, pool has sufficient level or currently being filled.
2026-03-24 18:41:01.135 [HikariPool-1 housekeeper] DEBUG [N/A] [N/A] com.zaxxer.hikari.pool.HikariPool - HikariPool-1 - Before cleanup stats (total=5, active=0, idle=5, waiting=0)
2026-03-24 18:41:01.137 [HikariPool-1 housekeeper] DEBUG [N/A] [N/A] com.zaxxer.hikari.pool.HikariPool - HikariPool-1 - After cleanup  stats (total=5, active=0, idle=5, waiting=0)
2026-03-24 18:41:01.137 [HikariPool-1 housekeeper] DEBUG [N/A] [N/A] com.zaxxer.hikari.pool.HikariPool - HikariPool-1 - Fill pool skipped, pool has sufficient level or currently being filled.
2026-03-24 18:41:31.141 [HikariPool-1 housekeeper] DEBUG [N/A] [N/A] com.zaxxer.hikari.pool.HikariPool - HikariPool-1 - Before cleanup stats (total=5, active=0, idle=5, waiting=0)
2026-03-24 18:41:31.144 [HikariPool-1 housekeeper] DEBUG [N/A] [N/A] com.zaxxer.hikari.pool.HikariPool - HikariPool-1 - After cleanup  stats (total=5, active=0, idle=5, waiting=0)
2026-03-24 18:41:31.144 [HikariPool-1 housekeeper] DEBUG [N/A] [N/A] com.zaxxer.hikari.pool.HikariPool - HikariPool-1 - Fill pool skipped, pool has sufficient level or currently being filled.
2026-03-24 18:42:01.151 [HikariPool-1 housekeeper] DEBUG [N/A] [N/A] com.zaxxer.hikari.pool.HikariPool - HikariPool-1 - Before cleanup stats (total=5, active=0, idle=5, waiting=0)
2026-03-24 18:42:01.153 [HikariPool-1 housekeeper] DEBUG [N/A] [N/A] com.zaxxer.hikari.pool.HikariPool - HikariPool-1 - After cleanup  stats (total=5, active=0, idle=5, waiting=0)
2026-03-24 18:42:01.153 [HikariPool-1 housekeeper] DEBUG [N/A] [N/A] com.zaxxer.hikari.pool.HikariPool - HikariPool-1 - Fill pool skipped, pool has sufficient level or currently being filled.
2026-03-24 18:42:31.157 [HikariPool-1 housekeeper] DEBUG [N/A] [N/A] com.zaxxer.hikari.pool.HikariPool - HikariPool-1 - Before cleanup stats (total=5, active=0, idle=5, waiting=0)
2026-03-24 18:42:31.160 [HikariPool-1 housekeeper] DEBUG [N/A] [N/A] com.zaxxer.hikari.pool.HikariPool - HikariPool-1 - After cleanup  stats (total=5, active=0, idle=5, waiting=0)
2026-03-24 18:42:31.161 [HikariPool-1 housekeeper] DEBUG [N/A] [N/A] com.zaxxer.hikari.pool.HikariPool - HikariPool-1 - Fill pool skipped, pool has sufficient level or currently being filled.
2026-03-24 18:43:01.167 [HikariPool-1 housekeeper] DEBUG [N/A] [N/A] com.zaxxer.hikari.pool.HikariPool - HikariPool-1 - Before cleanup stats (total=5, active=0, idle=5, waiting=0)
2026-03-24 18:43:01.169 [HikariPool-1 housekeeper] DEBUG [N/A] [N/A] com.zaxxer.hikari.pool.HikariPool - HikariPool-1 - After cleanup  stats (total=5, active=0, idle=5, waiting=0)
2026-03-24 18:43:01.169 [HikariPool-1 housekeeper] DEBUG [N/A] [N/A] com.zaxxer.hikari.pool.HikariPool - HikariPool-1 - Fill pool skipped, pool has sufficient level or currently being filled.
2026-03-24 18:43:31.172 [HikariPool-1 housekeeper] DEBUG [N/A] [N/A] com.zaxxer.hikari.pool.HikariPool - HikariPool-1 - Before cleanup stats (total=5, active=0, idle=5, waiting=0)
2026-03-24 18:43:31.174 [HikariPool-1 housekeeper] DEBUG [N/A] [N/A] com.zaxxer.hikari.pool.HikariPool - HikariPool-1 - After cleanup  stats (total=5, active=0, idle=5, waiting=0)
2026-03-24 18:43:31.174 [HikariPool-1 housekeeper] DEBUG [N/A] [N/A] com.zaxxer.hikari.pool.HikariPool - HikariPool-1 - Fill pool skipped, pool has sufficient level or currently being filled.
2026-03-24 18:44:01.178 [HikariPool-1 housekeeper] DEBUG [N/A] [N/A] com.zaxxer.hikari.pool.HikariPool - HikariPool-1 - Before cleanup stats (total=5, active=0, idle=5, waiting=0)
2026-03-24 18:44:01.180 [HikariPool-1 housekeeper] DEBUG [N/A] [N/A] com.zaxxer.hikari.pool.HikariPool - HikariPool-1 - After cleanup  stats (total=5, active=0, idle=5, waiting=0)
2026-03-24 18:44:01.181 [HikariPool-1 housekeeper] DEBUG [N/A] [N/A] com.zaxxer.hikari.pool.HikariPool - HikariPool-1 - Fill pool skipped, pool has sufficient level or currently being filled.
2026-03-24 18:44:31.186 [HikariPool-1 housekeeper] DEBUG [N/A] [N/A] com.zaxxer.hikari.pool.HikariPool - HikariPool-1 - Before cleanup stats (total=5, active=0, idle=5, waiting=0)
2026-03-24 18:44:31.187 [HikariPool-1 housekeeper] DEBUG [N/A] [N/A] com.zaxxer.hikari.pool.HikariPool - HikariPool-1 - After cleanup  stats (total=5, active=0, idle=5, waiting=0)
2026-03-24 18:44:31.189 [HikariPool-1 housekeeper] DEBUG [N/A] [N/A] com.zaxxer.hikari.pool.HikariPool - HikariPool-1 - Fill pool skipped, pool has sufficient level or currently being filled.
2026-03-24 18:45:01.194 [HikariPool-1 housekeeper] DEBUG [N/A] [N/A] com.zaxxer.hikari.pool.HikariPool - HikariPool-1 - Before cleanup stats (total=5, active=0, idle=5, waiting=0)
2026-03-24 18:45:01.195 [HikariPool-1 housekeeper] DEBUG [N/A] [N/A] com.zaxxer.hikari.pool.HikariPool - HikariPool-1 - After cleanup  stats (total=5, active=0, idle=5, waiting=0)
2026-03-24 18:45:01.195 [HikariPool-1 housekeeper] DEBUG [N/A] [N/A] com.zaxxer.hikari.pool.HikariPool - HikariPool-1 - Fill pool skipped, pool has sufficient level or currently being filled.
2026-03-24 18:45:31.196 [HikariPool-1 housekeeper] DEBUG [N/A] [N/A] com.zaxxer.hikari.pool.HikariPool - HikariPool-1 - Before cleanup stats (total=5, active=0, idle=5, waiting=0)
2026-03-24 18:45:31.196 [HikariPool-1 housekeeper] DEBUG [N/A] [N/A] com.zaxxer.hikari.pool.HikariPool - HikariPool-1 - After cleanup  stats (total=5, active=0, idle=5, waiting=0)
2026-03-24 18:45:31.196 [HikariPool-1 housekeeper] DEBUG [N/A] [N/A] com.zaxxer.hikari.pool.HikariPool - HikariPool-1 - Fill pool skipped, pool has sufficient level or currently being filled.
2026-03-24 18:46:01.195 [HikariPool-1 housekeeper] DEBUG [N/A] [N/A] com.zaxxer.hikari.pool.HikariPool - HikariPool-1 - Before cleanup stats (total=5, active=0, idle=5, waiting=0)
2026-03-24 18:46:01.195 [HikariPool-1 housekeeper] DEBUG [N/A] [N/A] com.zaxxer.hikari.pool.HikariPool - HikariPool-1 - After cleanup  stats (total=5, active=0, idle=5, waiting=0)
2026-03-24 18:46:01.195 [HikariPool-1 housekeeper] DEBUG [N/A] [N/A] com.zaxxer.hikari.pool.HikariPool - HikariPool-1 - Fill pool skipped, pool has sufficient level or currently being filled.
2026-03-24 18:46:31.198 [HikariPool-1 housekeeper] DEBUG [N/A] [N/A] com.zaxxer.hikari.pool.HikariPool - HikariPool-1 - Before cleanup stats (total=5, active=0, idle=5, waiting=0)
2026-03-24 18:46:31.198 [HikariPool-1 housekeeper] DEBUG [N/A] [N/A] com.zaxxer.hikari.pool.HikariPool - HikariPool-1 - After cleanup  stats (total=5, active=0, idle=5, waiting=0)
2026-03-24 18:46:31.198 [HikariPool-1 housekeeper] DEBUG [N/A] [N/A] com.zaxxer.hikari.pool.HikariPool - HikariPool-1 - Fill pool skipped, pool has sufficient level or currently being filled.
2026-03-24 18:47:01.203 [HikariPool-1 housekeeper] DEBUG [N/A] [N/A] com.zaxxer.hikari.pool.HikariPool - HikariPool-1 - Before cleanup stats (total=5, active=0, idle=5, waiting=0)
2026-03-24 18:47:01.205 [HikariPool-1 housekeeper] DEBUG [N/A] [N/A] com.zaxxer.hikari.pool.HikariPool - HikariPool-1 - After cleanup  stats (total=5, active=0, idle=5, waiting=0)
2026-03-24 18:47:01.205 [HikariPool-1 housekeeper] DEBUG [N/A] [N/A] com.zaxxer.hikari.pool.HikariPool - HikariPool-1 - Fill pool skipped, pool has sufficient level or currently being filled.
2026-03-24 18:47:31.211 [HikariPool-1 housekeeper] DEBUG [N/A] [N/A] com.zaxxer.hikari.pool.HikariPool - HikariPool-1 - Before cleanup stats (total=5, active=0, idle=5, waiting=0)
2026-03-24 18:47:31.211 [HikariPool-1 housekeeper] DEBUG [N/A] [N/A] com.zaxxer.hikari.pool.HikariPool - HikariPool-1 - After cleanup  stats (total=5, active=0, idle=5, waiting=0)
2026-03-24 18:47:31.211 [HikariPool-1 housekeeper] DEBUG [N/A] [N/A] com.zaxxer.hikari.pool.HikariPool - HikariPool-1 - Fill pool skipped, pool has sufficient level or currently being filled.
2026-03-24 18:48:01.216 [HikariPool-1 housekeeper] DEBUG [N/A] [N/A] com.zaxxer.hikari.pool.HikariPool - HikariPool-1 - Before cleanup stats (total=5, active=0, idle=5, waiting=0)
2026-03-24 18:48:01.217 [HikariPool-1 housekeeper] DEBUG [N/A] [N/A] com.zaxxer.hikari.pool.HikariPool - HikariPool-1 - After cleanup  stats (total=5, active=0, idle=5, waiting=0)
2026-03-24 18:48:01.218 [HikariPool-1 housekeeper] DEBUG [N/A] [N/A] com.zaxxer.hikari.pool.HikariPool - HikariPool-1 - Fill pool skipped, pool has sufficient level or currently being filled.
2026-03-24 18:48:31.223 [HikariPool-1 housekeeper] DEBUG [N/A] [N/A] com.zaxxer.hikari.pool.HikariPool - HikariPool-1 - Before cleanup stats (total=5, active=0, idle=5, waiting=0)
2026-03-24 18:48:31.224 [HikariPool-1 housekeeper] DEBUG [N/A] [N/A] com.zaxxer.hikari.pool.HikariPool - HikariPool-1 - After cleanup  stats (total=5, active=0, idle=5, waiting=0)
2026-03-24 18:48:31.224 [HikariPool-1 housekeeper] DEBUG [N/A] [N/A] com.zaxxer.hikari.pool.HikariPool - HikariPool-1 - Fill pool skipped, pool has sufficient level or currently being filled.
2026-03-24 18:49:01.227 [HikariPool-1 housekeeper] DEBUG [N/A] [N/A] com.zaxxer.hikari.pool.HikariPool - HikariPool-1 - Before cleanup stats (total=5, active=0, idle=5, waiting=0)
2026-03-24 18:49:01.229 [HikariPool-1 housekeeper] DEBUG [N/A] [N/A] com.zaxxer.hikari.pool.HikariPool - HikariPool-1 - After cleanup  stats (total=5, active=0, idle=5, waiting=0)
2026-03-24 18:49:01.229 [HikariPool-1 housekeeper] DEBUG [N/A] [N/A] com.zaxxer.hikari.pool.HikariPool - HikariPool-1 - Fill pool skipped, pool has sufficient level or currently being filled.
2026-03-24 18:49:31.234 [HikariPool-1 housekeeper] DEBUG [N/A] [N/A] com.zaxxer.hikari.pool.HikariPool - HikariPool-1 - Before cleanup stats (total=5, active=0, idle=5, waiting=0)
2026-03-24 18:49:31.236 [HikariPool-1 housekeeper] DEBUG [N/A] [N/A] com.zaxxer.hikari.pool.HikariPool - HikariPool-1 - After cleanup  stats (total=5, active=0, idle=5, waiting=0)
2026-03-24 18:49:31.236 [HikariPool-1 housekeeper] DEBUG [N/A] [N/A] com.zaxxer.hikari.pool.HikariPool - HikariPool-1 - Fill pool skipped, pool has sufficient level or currently being filled.
2026-03-24 18:50:01.239 [HikariPool-1 housekeeper] DEBUG [N/A] [N/A] com.zaxxer.hikari.pool.HikariPool - HikariPool-1 - Before cleanup stats (total=5, active=0, idle=5, waiting=0)
2026-03-24 18:50:01.242 [HikariPool-1 housekeeper] DEBUG [N/A] [N/A] com.zaxxer.hikari.pool.HikariPool - HikariPool-1 - After cleanup  stats (total=5, active=0, idle=5, waiting=0)
2026-03-24 18:50:01.243 [HikariPool-1 housekeeper] DEBUG [N/A] [N/A] com.zaxxer.hikari.pool.HikariPool - HikariPool-1 - Fill pool skipped, pool has sufficient level or currently being filled.
2026-03-24 18:50:31.246 [HikariPool-1 housekeeper] DEBUG [N/A] [N/A] com.zaxxer.hikari.pool.HikariPool - HikariPool-1 - Before cleanup stats (total=5, active=0, idle=5, waiting=0)
2026-03-24 18:50:31.246 [HikariPool-1 housekeeper] DEBUG [N/A] [N/A] com.zaxxer.hikari.pool.HikariPool - HikariPool-1 - After cleanup  stats (total=5, active=0, idle=5, waiting=0)
2026-03-24 18:50:31.246 [HikariPool-1 housekeeper] DEBUG [N/A] [N/A] com.zaxxer.hikari.pool.HikariPool - HikariPool-1 - Fill pool skipped, pool has sufficient level or currently being filled.
2026-03-24 18:51:01.250 [HikariPool-1 housekeeper] DEBUG [N/A] [N/A] com.zaxxer.hikari.pool.HikariPool - HikariPool-1 - Before cleanup stats (total=5, active=0, idle=5, waiting=0)
2026-03-24 18:51:01.252 [HikariPool-1 housekeeper] DEBUG [N/A] [N/A] com.zaxxer.hikari.pool.HikariPool - HikariPool-1 - After cleanup  stats (total=5, active=0, idle=5, waiting=0)
2026-03-24 18:51:01.252 [HikariPool-1 housekeeper] DEBUG [N/A] [N/A] com.zaxxer.hikari.pool.HikariPool - HikariPool-1 - Fill pool skipped, pool has sufficient level or currently being filled.
2026-03-24 18:51:31.256 [HikariPool-1 housekeeper] DEBUG [N/A] [N/A] com.zaxxer.hikari.pool.HikariPool - HikariPool-1 - Before cleanup stats (total=5, active=0, idle=5, waiting=0)
2026-03-24 18:51:31.258 [HikariPool-1 housekeeper] DEBUG [N/A] [N/A] com.zaxxer.hikari.pool.HikariPool - HikariPool-1 - After cleanup  stats (total=5, active=0, idle=5, waiting=0)
2026-03-24 18:51:31.259 [HikariPool-1 housekeeper] DEBUG [N/A] [N/A] com.zaxxer.hikari.pool.HikariPool - HikariPool-1 - Fill pool skipped, pool has sufficient level or currently being filled.
2026-03-24 18:52:01.266 [HikariPool-1 housekeeper] DEBUG [N/A] [N/A] com.zaxxer.hikari.pool.HikariPool - HikariPool-1 - Before cleanup stats (total=5, active=0, idle=5, waiting=0)
2026-03-24 18:52:01.266 [HikariPool-1 housekeeper] DEBUG [N/A] [N/A] com.zaxxer.hikari.pool.HikariPool - HikariPool-1 - After cleanup  stats (total=5, active=0, idle=5, waiting=0)
2026-03-24 18:52:01.266 [HikariPool-1 housekeeper] DEBUG [N/A] [N/A] com.zaxxer.hikari.pool.HikariPool - HikariPool-1 - Fill pool skipped, pool has sufficient level or currently being filled.
2026-03-24 18:52:08.130 [HikariPool-1 connection closer] DEBUG [N/A] [N/A] com.zaxxer.hikari.pool.PoolBase - HikariPool-1 - Closing connection org.postgresql.jdbc.PgConnection@66e41c76: (connection has passed maxLifetime)
2026-03-24 18:52:08.973 [HikariPool-1 connection adder] DEBUG [N/A] [N/A] com.zaxxer.hikari.pool.HikariPool - HikariPool-1 - Added connection org.postgresql.jdbc.PgConnection@5a75db47
2026-03-24 18:52:09.004 [HikariPool-1 connection adder] DEBUG [N/A] [N/A] com.zaxxer.hikari.pool.HikariPool - HikariPool-1 - Connection not added, stats (total=5, active=0, idle=5, waiting=0)
2026-03-24 18:52:31.271 [HikariPool-1 housekeeper] DEBUG [N/A] [N/A] com.zaxxer.hikari.pool.HikariPool - HikariPool-1 - Before cleanup stats (total=5, active=0, idle=5, waiting=0)
2026-03-24 18:52:31.271 [HikariPool-1 housekeeper] DEBUG [N/A] [N/A] com.zaxxer.hikari.pool.HikariPool - HikariPool-1 - After cleanup  stats (total=5, active=0, idle=5, waiting=0)
2026-03-24 18:52:31.271 [HikariPool-1 housekeeper] DEBUG [N/A] [N/A] com.zaxxer.hikari.pool.HikariPool - HikariPool-1 - Fill pool skipped, pool has sufficient level or currently being filled.
2026-03-24 18:53:01.277 [HikariPool-1 housekeeper] DEBUG [N/A] [N/A] com.zaxxer.hikari.pool.HikariPool - HikariPool-1 - Before cleanup stats (total=5, active=0, idle=5, waiting=0)
2026-03-24 18:53:01.277 [HikariPool-1 housekeeper] DEBUG [N/A] [N/A] com.zaxxer.hikari.pool.HikariPool - HikariPool-1 - After cleanup  stats (total=5, active=0, idle=5, waiting=0)
2026-03-24 18:53:01.277 [HikariPool-1 housekeeper] DEBUG [N/A] [N/A] com.zaxxer.hikari.pool.HikariPool - HikariPool-1 - Fill pool skipped, pool has sufficient level or currently being filled.
2026-03-24 18:53:31.281 [HikariPool-1 housekeeper] DEBUG [N/A] [N/A] com.zaxxer.hikari.pool.HikariPool - HikariPool-1 - Before cleanup stats (total=5, active=0, idle=5, waiting=0)
2026-03-24 18:53:31.284 [HikariPool-1 housekeeper] DEBUG [N/A] [N/A] com.zaxxer.hikari.pool.HikariPool - HikariPool-1 - After cleanup  stats (total=5, active=0, idle=5, waiting=0)
2026-03-24 18:53:31.284 [HikariPool-1 housekeeper] DEBUG [N/A] [N/A] com.zaxxer.hikari.pool.HikariPool - HikariPool-1 - Fill pool skipped, pool has sufficient level or currently being filled.
2026-03-24 18:53:52.515 [HikariPool-1 connection closer] DEBUG [N/A] [N/A] com.zaxxer.hikari.pool.PoolBase - HikariPool-1 - Closing connection org.postgresql.jdbc.PgConnection@56bb20a4: (connection has passed maxLifetime)
2026-03-24 18:53:52.964 [HikariPool-1 connection adder] DEBUG [N/A] [N/A] com.zaxxer.hikari.pool.HikariPool - HikariPool-1 - Added connection org.postgresql.jdbc.PgConnection@8439005
2026-03-24 18:53:52.995 [HikariPool-1 connection adder] DEBUG [N/A] [N/A] com.zaxxer.hikari.pool.HikariPool - HikariPool-1 - Connection not added, stats (total=5, active=0, idle=5, waiting=0)
2026-03-24 18:53:59.048 [HikariPool-1 connection closer] DEBUG [N/A] [N/A] com.zaxxer.hikari.pool.PoolBase - HikariPool-1 - Closing connection org.postgresql.jdbc.PgConnection@2983affa: (connection has passed maxLifetime)
2026-03-24 18:53:59.270 [HikariPool-1 connection adder] DEBUG [N/A] [N/A] com.zaxxer.hikari.pool.HikariPool - HikariPool-1 - Added connection org.postgresql.jdbc.PgConnection@64ff353f
2026-03-24 18:53:59.304 [HikariPool-1 connection adder] DEBUG [N/A] [N/A] com.zaxxer.hikari.pool.HikariPool - HikariPool-1 - Connection not added, stats (total=5, active=0, idle=5, waiting=0)
2026-03-24 18:54:01.288 [HikariPool-1 housekeeper] DEBUG [N/A] [N/A] com.zaxxer.hikari.pool.HikariPool - HikariPool-1 - Before cleanup stats (total=5, active=0, idle=5, waiting=0)
2026-03-24 18:54:01.288 [HikariPool-1 housekeeper] DEBUG [N/A] [N/A] com.zaxxer.hikari.pool.HikariPool - HikariPool-1 - After cleanup  stats (total=5, active=0, idle=5, waiting=0)
2026-03-24 18:54:01.288 [HikariPool-1 housekeeper] DEBUG [N/A] [N/A] com.zaxxer.hikari.pool.HikariPool - HikariPool-1 - Fill pool skipped, pool has sufficient level or currently being filled.
2026-03-24 18:54:10.511 [HikariPool-1 connection closer] DEBUG [N/A] [N/A] com.zaxxer.hikari.pool.PoolBase - HikariPool-1 - Closing connection org.postgresql.jdbc.PgConnection@587cc403: (connection has passed maxLifetime)
2026-03-24 18:54:10.754 [HikariPool-1 connection adder] DEBUG [N/A] [N/A] com.zaxxer.hikari.pool.HikariPool - HikariPool-1 - Added connection org.postgresql.jdbc.PgConnection@78a3ab8c
2026-03-24 18:54:10.788 [HikariPool-1 connection adder] DEBUG [N/A] [N/A] com.zaxxer.hikari.pool.HikariPool - HikariPool-1 - Connection not added, stats (total=5, active=0, idle=5, waiting=0)
2026-03-24 18:54:31.294 [HikariPool-1 housekeeper] DEBUG [N/A] [N/A] com.zaxxer.hikari.pool.HikariPool - HikariPool-1 - Before cleanup stats (total=5, active=0, idle=5, waiting=0)
2026-03-24 18:54:31.296 [HikariPool-1 housekeeper] DEBUG [N/A] [N/A] com.zaxxer.hikari.pool.HikariPool - HikariPool-1 - After cleanup  stats (total=5, active=0, idle=5, waiting=0)
2026-03-24 18:54:31.296 [HikariPool-1 housekeeper] DEBUG [N/A] [N/A] com.zaxxer.hikari.pool.HikariPool - HikariPool-1 - Fill pool skipped, pool has sufficient level or currently being filled.
2026-03-24 18:54:45.380 [HikariPool-1 connection closer] DEBUG [N/A] [N/A] com.zaxxer.hikari.pool.PoolBase - HikariPool-1 - Closing connection org.postgresql.jdbc.PgConnection@34b3943e: (connection has passed maxLifetime)
2026-03-24 18:54:45.773 [HikariPool-1 connection adder] DEBUG [N/A] [N/A] com.zaxxer.hikari.pool.HikariPool - HikariPool-1 - Added connection org.postgresql.jdbc.PgConnection@2e34bb79
2026-03-24 18:54:45.804 [HikariPool-1 connection adder] DEBUG [N/A] [N/A] com.zaxxer.hikari.pool.HikariPool - HikariPool-1 - Connection not added, stats (total=5, active=0, idle=5, waiting=0)
2026-03-24 18:55:01.298 [HikariPool-1 housekeeper] DEBUG [N/A] [N/A] com.zaxxer.hikari.pool.HikariPool - HikariPool-1 - Before cleanup stats (total=5, active=0, idle=5, waiting=0)
2026-03-24 18:55:01.299 [HikariPool-1 housekeeper] DEBUG [N/A] [N/A] com.zaxxer.hikari.pool.HikariPool - HikariPool-1 - After cleanup  stats (total=5, active=0, idle=5, waiting=0)
2026-03-24 18:55:01.300 [HikariPool-1 housekeeper] DEBUG [N/A] [N/A] com.zaxxer.hikari.pool.HikariPool - HikariPool-1 - Fill pool skipped, pool has sufficient level or currently being filled.
2026-03-24 18:55:31.305 [HikariPool-1 housekeeper] DEBUG [N/A] [N/A] com.zaxxer.hikari.pool.HikariPool - HikariPool-1 - Before cleanup stats (total=5, active=0, idle=5, waiting=0)
2026-03-24 18:55:31.307 [HikariPool-1 housekeeper] DEBUG [N/A] [N/A] com.zaxxer.hikari.pool.HikariPool - HikariPool-1 - After cleanup  stats (total=5, active=0, idle=5, waiting=0)
2026-03-24 18:55:31.307 [HikariPool-1 housekeeper] DEBUG [N/A] [N/A] com.zaxxer.hikari.pool.HikariPool - HikariPool-1 - Fill pool skipped, pool has sufficient level or currently being filled.
2026-03-24 18:56:01.310 [HikariPool-1 housekeeper] DEBUG [N/A] [N/A] com.zaxxer.hikari.pool.HikariPool - HikariPool-1 - Before cleanup stats (total=5, active=0, idle=5, waiting=0)
2026-03-24 18:56:01.311 [HikariPool-1 housekeeper] DEBUG [N/A] [N/A] com.zaxxer.hikari.pool.HikariPool - HikariPool-1 - After cleanup  stats (total=5, active=0, idle=5, waiting=0)
2026-03-24 18:56:01.312 [HikariPool-1 housekeeper] DEBUG [N/A] [N/A] com.zaxxer.hikari.pool.HikariPool - HikariPool-1 - Fill pool skipped, pool has sufficient level or currently being filled.
2026-03-24 18:56:31.317 [HikariPool-1 housekeeper] DEBUG [N/A] [N/A] com.zaxxer.hikari.pool.HikariPool - HikariPool-1 - Before cleanup stats (total=5, active=0, idle=5, waiting=0)
2026-03-24 18:56:31.318 [HikariPool-1 housekeeper] DEBUG [N/A] [N/A] com.zaxxer.hikari.pool.HikariPool - HikariPool-1 - After cleanup  stats (total=5, active=0, idle=5, waiting=0)
2026-03-24 18:56:31.318 [HikariPool-1 housekeeper] DEBUG [N/A] [N/A] com.zaxxer.hikari.pool.HikariPool - HikariPool-1 - Fill pool skipped, pool has sufficient level or currently being filled.
2026-03-24 18:57:01.322 [HikariPool-1 housekeeper] DEBUG [N/A] [N/A] com.zaxxer.hikari.pool.HikariPool - HikariPool-1 - Before cleanup stats (total=5, active=0, idle=5, waiting=0)
2026-03-24 18:57:01.322 [HikariPool-1 housekeeper] DEBUG [N/A] [N/A] com.zaxxer.hikari.pool.HikariPool - HikariPool-1 - After cleanup  stats (total=5, active=0, idle=5, waiting=0)
2026-03-24 18:57:01.322 [HikariPool-1 housekeeper] DEBUG [N/A] [N/A] com.zaxxer.hikari.pool.HikariPool - HikariPool-1 - Fill pool skipped, pool has sufficient level or currently being filled.
2026-03-24 18:57:31.327 [HikariPool-1 housekeeper] DEBUG [N/A] [N/A] com.zaxxer.hikari.pool.HikariPool - HikariPool-1 - Before cleanup stats (total=5, active=0, idle=5, waiting=0)
2026-03-24 18:57:31.329 [HikariPool-1 housekeeper] DEBUG [N/A] [N/A] com.zaxxer.hikari.pool.HikariPool - HikariPool-1 - After cleanup  stats (total=5, active=0, idle=5, waiting=0)
2026-03-24 18:57:31.329 [HikariPool-1 housekeeper] DEBUG [N/A] [N/A] com.zaxxer.hikari.pool.HikariPool - HikariPool-1 - Fill pool skipped, pool has sufficient level or currently being filled.
2026-03-24 18:58:01.333 [HikariPool-1 housekeeper] DEBUG [N/A] [N/A] com.zaxxer.hikari.pool.HikariPool - HikariPool-1 - Before cleanup stats (total=5, active=0, idle=5, waiting=0)
2026-03-24 18:58:01.334 [HikariPool-1 housekeeper] DEBUG [N/A] [N/A] com.zaxxer.hikari.pool.HikariPool - HikariPool-1 - After cleanup  stats (total=5, active=0, idle=5, waiting=0)
2026-03-24 18:58:01.334 [HikariPool-1 housekeeper] DEBUG [N/A] [N/A] com.zaxxer.hikari.pool.HikariPool - HikariPool-1 - Fill pool skipped, pool has sufficient level or currently being filled.
2026-03-24 18:58:31.338 [HikariPool-1 housekeeper] DEBUG [N/A] [N/A] com.zaxxer.hikari.pool.HikariPool - HikariPool-1 - Before cleanup stats (total=5, active=0, idle=5, waiting=0)
2026-03-24 18:58:31.340 [HikariPool-1 housekeeper] DEBUG [N/A] [N/A] com.zaxxer.hikari.pool.HikariPool - HikariPool-1 - After cleanup  stats (total=5, active=0, idle=5, waiting=0)
2026-03-24 18:58:31.340 [HikariPool-1 housekeeper] DEBUG [N/A] [N/A] com.zaxxer.hikari.pool.HikariPool - HikariPool-1 - Fill pool skipped, pool has sufficient level or currently being filled.
2026-03-24 18:59:01.345 [HikariPool-1 housekeeper] DEBUG [N/A] [N/A] com.zaxxer.hikari.pool.HikariPool - HikariPool-1 - Before cleanup stats (total=5, active=0, idle=5, waiting=0)
2026-03-24 18:59:01.346 [HikariPool-1 housekeeper] DEBUG [N/A] [N/A] com.zaxxer.hikari.pool.HikariPool - HikariPool-1 - After cleanup  stats (total=5, active=0, idle=5, waiting=0)
2026-03-24 18:59:01.346 [HikariPool-1 housekeeper] DEBUG [N/A] [N/A] com.zaxxer.hikari.pool.HikariPool - HikariPool-1 - Fill pool skipped, pool has sufficient level or currently being filled.
2026-03-24 18:59:31.352 [HikariPool-1 housekeeper] DEBUG [N/A] [N/A] com.zaxxer.hikari.pool.HikariPool - HikariPool-1 - Before cleanup stats (total=5, active=0, idle=5, waiting=0)
2026-03-24 18:59:31.354 [HikariPool-1 housekeeper] DEBUG [N/A] [N/A] com.zaxxer.hikari.pool.HikariPool - HikariPool-1 - After cleanup  stats (total=5, active=0, idle=5, waiting=0)
2026-03-24 18:59:31.354 [HikariPool-1 housekeeper] DEBUG [N/A] [N/A] com.zaxxer.hikari.pool.HikariPool - HikariPool-1 - Fill pool skipped, pool has sufficient level or currently being filled.
2026-03-24 19:00:01.358 [HikariPool-1 housekeeper] DEBUG [N/A] [N/A] com.zaxxer.hikari.pool.HikariPool - HikariPool-1 - Before cleanup stats (total=5, active=0, idle=5, waiting=0)
2026-03-24 19:00:01.361 [HikariPool-1 housekeeper] DEBUG [N/A] [N/A] com.zaxxer.hikari.pool.HikariPool - HikariPool-1 - After cleanup  stats (total=5, active=0, idle=5, waiting=0)
2026-03-24 19:00:01.362 [HikariPool-1 housekeeper] DEBUG [N/A] [N/A] com.zaxxer.hikari.pool.HikariPool - HikariPool-1 - Fill pool skipped, pool has sufficient level or currently being filled.
2026-03-24 19:00:31.365 [HikariPool-1 housekeeper] DEBUG [N/A] [N/A] com.zaxxer.hikari.pool.HikariPool - HikariPool-1 - Before cleanup stats (total=5, active=0, idle=5, waiting=0)
2026-03-24 19:00:31.367 [HikariPool-1 housekeeper] DEBUG [N/A] [N/A] com.zaxxer.hikari.pool.HikariPool - HikariPool-1 - After cleanup  stats (total=5, active=0, idle=5, waiting=0)
2026-03-24 19:00:31.367 [HikariPool-1 housekeeper] DEBUG [N/A] [N/A] com.zaxxer.hikari.pool.HikariPool - HikariPool-1 - Fill pool skipped, pool has sufficient level or currently being filled.
2026-03-24 19:01:01.370 [HikariPool-1 housekeeper] DEBUG [N/A] [N/A] com.zaxxer.hikari.pool.HikariPool - HikariPool-1 - Before cleanup stats (total=5, active=0, idle=5, waiting=0)
2026-03-24 19:01:01.371 [HikariPool-1 housekeeper] DEBUG [N/A] [N/A] com.zaxxer.hikari.pool.HikariPool - HikariPool-1 - After cleanup  stats (total=5, active=0, idle=5, waiting=0)
2026-03-24 19:01:01.371 [HikariPool-1 housekeeper] DEBUG [N/A] [N/A] com.zaxxer.hikari.pool.HikariPool - HikariPool-1 - Fill pool skipped, pool has sufficient level or currently being filled.
2026-03-24 19:01:31.375 [HikariPool-1 housekeeper] DEBUG [N/A] [N/A] com.zaxxer.hikari.pool.HikariPool - HikariPool-1 - Before cleanup stats (total=5, active=0, idle=5, waiting=0)
2026-03-24 19:01:31.377 [HikariPool-1 housekeeper] DEBUG [N/A] [N/A] com.zaxxer.hikari.pool.HikariPool - HikariPool-1 - After cleanup  stats (total=5, active=0, idle=5, waiting=0)
2026-03-24 19:01:31.377 [HikariPool-1 housekeeper] DEBUG [N/A] [N/A] com.zaxxer.hikari.pool.HikariPool - HikariPool-1 - Fill pool skipped, pool has sufficient level or currently being filled.
2026-03-24 19:02:01.383 [HikariPool-1 housekeeper] DEBUG [N/A] [N/A] com.zaxxer.hikari.pool.HikariPool - HikariPool-1 - Before cleanup stats (total=5, active=0, idle=5, waiting=0)
2026-03-24 19:02:01.383 [HikariPool-1 housekeeper] DEBUG [N/A] [N/A] com.zaxxer.hikari.pool.HikariPool - HikariPool-1 - After cleanup  stats (total=5, active=0, idle=5, waiting=0)
2026-03-24 19:02:01.383 [HikariPool-1 housekeeper] DEBUG [N/A] [N/A] com.zaxxer.hikari.pool.HikariPool - HikariPool-1 - Fill pool skipped, pool has sufficient level or currently being filled.
2026-03-24 19:02:31.386 [HikariPool-1 housekeeper] DEBUG [N/A] [N/A] com.zaxxer.hikari.pool.HikariPool - HikariPool-1 - Before cleanup stats (total=5, active=0, idle=5, waiting=0)
2026-03-24 19:02:31.388 [HikariPool-1 housekeeper] DEBUG [N/A] [N/A] com.zaxxer.hikari.pool.HikariPool - HikariPool-1 - After cleanup  stats (total=5, active=0, idle=5, waiting=0)
2026-03-24 19:02:31.389 [HikariPool-1 housekeeper] DEBUG [N/A] [N/A] com.zaxxer.hikari.pool.HikariPool - HikariPool-1 - Fill pool skipped, pool has sufficient level or currently being filled.
2026-03-24 19:03:01.394 [HikariPool-1 housekeeper] DEBUG [N/A] [N/A] com.zaxxer.hikari.pool.HikariPool - HikariPool-1 - Before cleanup stats (total=5, active=0, idle=5, waiting=0)
2026-03-24 19:03:01.394 [HikariPool-1 housekeeper] DEBUG [N/A] [N/A] com.zaxxer.hikari.pool.HikariPool - HikariPool-1 - After cleanup  stats (total=5, active=0, idle=5, waiting=0)
2026-03-24 19:03:01.396 [HikariPool-1 housekeeper] DEBUG [N/A] [N/A] com.zaxxer.hikari.pool.HikariPool - HikariPool-1 - Fill pool skipped, pool has sufficient level or currently being filled.
2026-03-24 19:03:31.401 [HikariPool-1 housekeeper] DEBUG [N/A] [N/A] com.zaxxer.hikari.pool.HikariPool - HikariPool-1 - Before cleanup stats (total=5, active=0, idle=5, waiting=0)
2026-03-24 19:03:31.401 [HikariPool-1 housekeeper] DEBUG [N/A] [N/A] com.zaxxer.hikari.pool.HikariPool - HikariPool-1 - After cleanup  stats (total=5, active=0, idle=5, waiting=0)
2026-03-24 19:03:31.402 [HikariPool-1 housekeeper] DEBUG [N/A] [N/A] com.zaxxer.hikari.pool.HikariPool - HikariPool-1 - Fill pool skipped, pool has sufficient level or currently being filled.
2026-03-24 19:04:01.408 [HikariPool-1 housekeeper] DEBUG [N/A] [N/A] com.zaxxer.hikari.pool.HikariPool - HikariPool-1 - Before cleanup stats (total=5, active=0, idle=5, waiting=0)
2026-03-24 19:04:01.409 [HikariPool-1 housekeeper] DEBUG [N/A] [N/A] com.zaxxer.hikari.pool.HikariPool - HikariPool-1 - After cleanup  stats (total=5, active=0, idle=5, waiting=0)
2026-03-24 19:04:01.411 [HikariPool-1 housekeeper] DEBUG [N/A] [N/A] com.zaxxer.hikari.pool.HikariPool - HikariPool-1 - Fill pool skipped, pool has sufficient level or currently being filled.
2026-03-24 19:04:31.417 [HikariPool-1 housekeeper] DEBUG [N/A] [N/A] com.zaxxer.hikari.pool.HikariPool - HikariPool-1 - Before cleanup stats (total=5, active=0, idle=5, waiting=0)
2026-03-24 19:04:31.417 [HikariPool-1 housekeeper] DEBUG [N/A] [N/A] com.zaxxer.hikari.pool.HikariPool - HikariPool-1 - After cleanup  stats (total=5, active=0, idle=5, waiting=0)
2026-03-24 19:04:31.417 [HikariPool-1 housekeeper] DEBUG [N/A] [N/A] com.zaxxer.hikari.pool.HikariPool - HikariPool-1 - Fill pool skipped, pool has sufficient level or currently being filled.
2026-03-24 19:05:01.422 [HikariPool-1 housekeeper] DEBUG [N/A] [N/A] com.zaxxer.hikari.pool.HikariPool - HikariPool-1 - Before cleanup stats (total=5, active=0, idle=5, waiting=0)
2026-03-24 19:05:01.422 [HikariPool-1 housekeeper] DEBUG [N/A] [N/A] com.zaxxer.hikari.pool.HikariPool - HikariPool-1 - After cleanup  stats (total=5, active=0, idle=5, waiting=0)
2026-03-24 19:05:01.422 [HikariPool-1 housekeeper] DEBUG [N/A] [N/A] com.zaxxer.hikari.pool.HikariPool - HikariPool-1 - Fill pool skipped, pool has sufficient level or currently being filled.
2026-03-24 19:05:31.428 [HikariPool-1 housekeeper] DEBUG [N/A] [N/A] com.zaxxer.hikari.pool.HikariPool - HikariPool-1 - Before cleanup stats (total=5, active=0, idle=5, waiting=0)
2026-03-24 19:05:31.428 [HikariPool-1 housekeeper] DEBUG [N/A] [N/A] com.zaxxer.hikari.pool.HikariPool - HikariPool-1 - After cleanup  stats (total=5, active=0, idle=5, waiting=0)
2026-03-24 19:05:31.428 [HikariPool-1 housekeeper] DEBUG [N/A] [N/A] com.zaxxer.hikari.pool.HikariPool - HikariPool-1 - Fill pool skipped, pool has sufficient level or currently being filled.
2026-03-24 19:06:01.434 [HikariPool-1 housekeeper] DEBUG [N/A] [N/A] com.zaxxer.hikari.pool.HikariPool - HikariPool-1 - Before cleanup stats (total=5, active=0, idle=5, waiting=0)
2026-03-24 19:06:01.436 [HikariPool-1 housekeeper] DEBUG [N/A] [N/A] com.zaxxer.hikari.pool.HikariPool - HikariPool-1 - After cleanup  stats (total=5, active=0, idle=5, waiting=0)
2026-03-24 19:06:01.437 [HikariPool-1 housekeeper] DEBUG [N/A] [N/A] com.zaxxer.hikari.pool.HikariPool - HikariPool-1 - Fill pool skipped, pool has sufficient level or currently being filled.
2026-03-24 19:06:31.441 [HikariPool-1 housekeeper] DEBUG [N/A] [N/A] com.zaxxer.hikari.pool.HikariPool - HikariPool-1 - Before cleanup stats (total=5, active=0, idle=5, waiting=0)
2026-03-24 19:06:31.443 [HikariPool-1 housekeeper] DEBUG [N/A] [N/A] com.zaxxer.hikari.pool.HikariPool - HikariPool-1 - After cleanup  stats (total=5, active=0, idle=5, waiting=0)
2026-03-24 19:06:31.444 [HikariPool-1 housekeeper] DEBUG [N/A] [N/A] com.zaxxer.hikari.pool.HikariPool - HikariPool-1 - Fill pool skipped, pool has sufficient level or currently being filled.
2026-03-24 19:07:01.450 [HikariPool-1 housekeeper] DEBUG [N/A] [N/A] com.zaxxer.hikari.pool.HikariPool - HikariPool-1 - Before cleanup stats (total=5, active=0, idle=5, waiting=0)
2026-03-24 19:07:01.452 [HikariPool-1 housekeeper] DEBUG [N/A] [N/A] com.zaxxer.hikari.pool.HikariPool - HikariPool-1 - After cleanup  stats (total=5, active=0, idle=5, waiting=0)
2026-03-24 19:07:01.452 [HikariPool-1 housekeeper] DEBUG [N/A] [N/A] com.zaxxer.hikari.pool.HikariPool - HikariPool-1 - Fill pool skipped, pool has sufficient level or currently being filled.
2026-03-24 19:07:31.456 [HikariPool-1 housekeeper] DEBUG [N/A] [N/A] com.zaxxer.hikari.pool.HikariPool - HikariPool-1 - Before cleanup stats (total=5, active=0, idle=5, waiting=0)
2026-03-24 19:07:31.458 [HikariPool-1 housekeeper] DEBUG [N/A] [N/A] com.zaxxer.hikari.pool.HikariPool - HikariPool-1 - After cleanup  stats (total=5, active=0, idle=5, waiting=0)
2026-03-24 19:07:31.460 [HikariPool-1 housekeeper] DEBUG [N/A] [N/A] com.zaxxer.hikari.pool.HikariPool - HikariPool-1 - Fill pool skipped, pool has sufficient level or currently being filled.
2026-03-24 19:08:01.463 [HikariPool-1 housekeeper] DEBUG [N/A] [N/A] com.zaxxer.hikari.pool.HikariPool - HikariPool-1 - Before cleanup stats (total=5, active=0, idle=5, waiting=0)
2026-03-24 19:08:01.465 [HikariPool-1 housekeeper] DEBUG [N/A] [N/A] com.zaxxer.hikari.pool.HikariPool - HikariPool-1 - After cleanup  stats (total=5, active=0, idle=5, waiting=0)
2026-03-24 19:08:01.467 [HikariPool-1 housekeeper] DEBUG [N/A] [N/A] com.zaxxer.hikari.pool.HikariPool - HikariPool-1 - Fill pool skipped, pool has sufficient level or currently being filled.
2026-03-24 19:08:31.473 [HikariPool-1 housekeeper] DEBUG [N/A] [N/A] com.zaxxer.hikari.pool.HikariPool - HikariPool-1 - Before cleanup stats (total=5, active=0, idle=5, waiting=0)
2026-03-24 19:08:31.473 [HikariPool-1 housekeeper] DEBUG [N/A] [N/A] com.zaxxer.hikari.pool.HikariPool - HikariPool-1 - After cleanup  stats (total=5, active=0, idle=5, waiting=0)
2026-03-24 19:08:31.474 [HikariPool-1 housekeeper] DEBUG [N/A] [N/A] com.zaxxer.hikari.pool.HikariPool - HikariPool-1 - Fill pool skipped, pool has sufficient level or currently being filled.
2026-03-24 19:09:01.478 [HikariPool-1 housekeeper] DEBUG [N/A] [N/A] com.zaxxer.hikari.pool.HikariPool - HikariPool-1 - Before cleanup stats (total=5, active=0, idle=5, waiting=0)
2026-03-24 19:09:01.481 [HikariPool-1 housekeeper] DEBUG [N/A] [N/A] com.zaxxer.hikari.pool.HikariPool - HikariPool-1 - After cleanup  stats (total=5, active=0, idle=5, waiting=0)
2026-03-24 19:09:01.481 [HikariPool-1 housekeeper] DEBUG [N/A] [N/A] com.zaxxer.hikari.pool.HikariPool - HikariPool-1 - Fill pool skipped, pool has sufficient level or currently being filled.
2026-03-24 19:09:31.485 [HikariPool-1 housekeeper] DEBUG [N/A] [N/A] com.zaxxer.hikari.pool.HikariPool - HikariPool-1 - Before cleanup stats (total=5, active=0, idle=5, waiting=0)
2026-03-24 19:09:31.488 [HikariPool-1 housekeeper] DEBUG [N/A] [N/A] com.zaxxer.hikari.pool.HikariPool - HikariPool-1 - After cleanup  stats (total=5, active=0, idle=5, waiting=0)
2026-03-24 19:09:31.490 [HikariPool-1 housekeeper] DEBUG [N/A] [N/A] com.zaxxer.hikari.pool.HikariPool - HikariPool-1 - Fill pool skipped, pool has sufficient level or currently being filled.
2026-03-24 19:10:01.495 [HikariPool-1 housekeeper] DEBUG [N/A] [N/A] com.zaxxer.hikari.pool.HikariPool - HikariPool-1 - Before cleanup stats (total=5, active=0, idle=5, waiting=0)
2026-03-24 19:10:01.498 [HikariPool-1 housekeeper] DEBUG [N/A] [N/A] com.zaxxer.hikari.pool.HikariPool - HikariPool-1 - After cleanup  stats (total=5, active=0, idle=5, waiting=0)
2026-03-24 19:10:01.498 [HikariPool-1 housekeeper] DEBUG [N/A] [N/A] com.zaxxer.hikari.pool.HikariPool - HikariPool-1 - Fill pool skipped, pool has sufficient level or currently being filled.
2026-03-24 19:10:31.502 [HikariPool-1 housekeeper] DEBUG [N/A] [N/A] com.zaxxer.hikari.pool.HikariPool - HikariPool-1 - Before cleanup stats (total=5, active=0, idle=5, waiting=0)
2026-03-24 19:10:31.502 [HikariPool-1 housekeeper] DEBUG [N/A] [N/A] com.zaxxer.hikari.pool.HikariPool - HikariPool-1 - After cleanup  stats (total=5, active=0, idle=5, waiting=0)
2026-03-24 19:10:31.504 [HikariPool-1 housekeeper] DEBUG [N/A] [N/A] com.zaxxer.hikari.pool.HikariPool - HikariPool-1 - Fill pool skipped, pool has sufficient level or currently being filled.
2026-03-24 19:11:01.508 [HikariPool-1 housekeeper] DEBUG [N/A] [N/A] com.zaxxer.hikari.pool.HikariPool - HikariPool-1 - Before cleanup stats (total=5, active=0, idle=5, waiting=0)
2026-03-24 19:11:01.508 [HikariPool-1 housekeeper] DEBUG [N/A] [N/A] com.zaxxer.hikari.pool.HikariPool - HikariPool-1 - After cleanup  stats (total=5, active=0, idle=5, waiting=0)
2026-03-24 19:11:01.508 [HikariPool-1 housekeeper] DEBUG [N/A] [N/A] com.zaxxer.hikari.pool.HikariPool - HikariPool-1 - Fill pool skipped, pool has sufficient level or currently being filled.
2026-03-24 19:11:31.513 [HikariPool-1 housekeeper] DEBUG [N/A] [N/A] com.zaxxer.hikari.pool.HikariPool - HikariPool-1 - Before cleanup stats (total=5, active=0, idle=5, waiting=0)
2026-03-24 19:11:31.513 [HikariPool-1 housekeeper] DEBUG [N/A] [N/A] com.zaxxer.hikari.pool.HikariPool - HikariPool-1 - After cleanup  stats (total=5, active=0, idle=5, waiting=0)
2026-03-24 19:11:31.513 [HikariPool-1 housekeeper] DEBUG [N/A] [N/A] com.zaxxer.hikari.pool.HikariPool - HikariPool-1 - Fill pool skipped, pool has sufficient level or currently being filled.
2026-03-24 19:12:01.519 [HikariPool-1 housekeeper] DEBUG [N/A] [N/A] com.zaxxer.hikari.pool.HikariPool - HikariPool-1 - Before cleanup stats (total=5, active=0, idle=5, waiting=0)
2026-03-24 19:12:01.519 [HikariPool-1 housekeeper] DEBUG [N/A] [N/A] com.zaxxer.hikari.pool.HikariPool - HikariPool-1 - After cleanup  stats (total=5, active=0, idle=5, waiting=0)
2026-03-24 19:12:01.519 [HikariPool-1 housekeeper] DEBUG [N/A] [N/A] com.zaxxer.hikari.pool.HikariPool - HikariPool-1 - Fill pool skipped, pool has sufficient level or currently being filled.
2026-03-24 19:12:31.525 [HikariPool-1 housekeeper] DEBUG [N/A] [N/A] com.zaxxer.hikari.pool.HikariPool - HikariPool-1 - Before cleanup stats (total=5, active=0, idle=5, waiting=0)
2026-03-24 19:12:31.527 [HikariPool-1 housekeeper] DEBUG [N/A] [N/A] com.zaxxer.hikari.pool.HikariPool - HikariPool-1 - After cleanup  stats (total=5, active=0, idle=5, waiting=0)
2026-03-24 19:12:31.527 [HikariPool-1 housekeeper] DEBUG [N/A] [N/A] com.zaxxer.hikari.pool.HikariPool - HikariPool-1 - Fill pool skipped, pool has sufficient level or currently being filled.
2026-03-24 19:13:01.532 [HikariPool-1 housekeeper] DEBUG [N/A] [N/A] com.zaxxer.hikari.pool.HikariPool - HikariPool-1 - Before cleanup stats (total=5, active=0, idle=5, waiting=0)
2026-03-24 19:13:01.534 [HikariPool-1 housekeeper] DEBUG [N/A] [N/A] com.zaxxer.hikari.pool.HikariPool - HikariPool-1 - After cleanup  stats (total=5, active=0, idle=5, waiting=0)
2026-03-24 19:13:01.535 [HikariPool-1 housekeeper] DEBUG [N/A] [N/A] com.zaxxer.hikari.pool.HikariPool - HikariPool-1 - Fill pool skipped, pool has sufficient level or currently being filled.
2026-03-24 19:13:31.539 [HikariPool-1 housekeeper] DEBUG [N/A] [N/A] com.zaxxer.hikari.pool.HikariPool - HikariPool-1 - Before cleanup stats (total=5, active=0, idle=5, waiting=0)
2026-03-24 19:13:31.541 [HikariPool-1 housekeeper] DEBUG [N/A] [N/A] com.zaxxer.hikari.pool.HikariPool - HikariPool-1 - After cleanup  stats (total=5, active=0, idle=5, waiting=0)
2026-03-24 19:13:31.541 [HikariPool-1 housekeeper] DEBUG [N/A] [N/A] com.zaxxer.hikari.pool.HikariPool - HikariPool-1 - Fill pool skipped, pool has sufficient level or currently being filled.
2026-03-24 19:14:01.546 [HikariPool-1 housekeeper] DEBUG [N/A] [N/A] com.zaxxer.hikari.pool.HikariPool - HikariPool-1 - Before cleanup stats (total=5, active=0, idle=5, waiting=0)
2026-03-24 19:14:01.547 [HikariPool-1 housekeeper] DEBUG [N/A] [N/A] com.zaxxer.hikari.pool.HikariPool - HikariPool-1 - After cleanup  stats (total=5, active=0, idle=5, waiting=0)
2026-03-24 19:14:01.547 [HikariPool-1 housekeeper] DEBUG [N/A] [N/A] com.zaxxer.hikari.pool.HikariPool - HikariPool-1 - Fill pool skipped, pool has sufficient level or currently being filled.
2026-03-24 19:14:31.551 [HikariPool-1 housekeeper] DEBUG [N/A] [N/A] com.zaxxer.hikari.pool.HikariPool - HikariPool-1 - Before cleanup stats (total=5, active=0, idle=5, waiting=0)
2026-03-24 19:14:31.553 [HikariPool-1 housekeeper] DEBUG [N/A] [N/A] com.zaxxer.hikari.pool.HikariPool - HikariPool-1 - After cleanup  stats (total=5, active=0, idle=5, waiting=0)
2026-03-24 19:14:31.554 [HikariPool-1 housekeeper] DEBUG [N/A] [N/A] com.zaxxer.hikari.pool.HikariPool - HikariPool-1 - Fill pool skipped, pool has sufficient level or currently being filled.
2026-03-24 19:15:01.560 [HikariPool-1 housekeeper] DEBUG [N/A] [N/A] com.zaxxer.hikari.pool.HikariPool - HikariPool-1 - Before cleanup stats (total=5, active=0, idle=5, waiting=0)
2026-03-24 19:15:01.560 [HikariPool-1 housekeeper] DEBUG [N/A] [N/A] com.zaxxer.hikari.pool.HikariPool - HikariPool-1 - After cleanup  stats (total=5, active=0, idle=5, waiting=0)
2026-03-24 19:15:01.560 [HikariPool-1 housekeeper] DEBUG [N/A] [N/A] com.zaxxer.hikari.pool.HikariPool - HikariPool-1 - Fill pool skipped, pool has sufficient level or currently being filled.
2026-03-24 19:15:31.566 [HikariPool-1 housekeeper] DEBUG [N/A] [N/A] com.zaxxer.hikari.pool.HikariPool - HikariPool-1 - Before cleanup stats (total=5, active=0, idle=5, waiting=0)
2026-03-24 19:15:31.566 [HikariPool-1 housekeeper] DEBUG [N/A] [N/A] com.zaxxer.hikari.pool.HikariPool - HikariPool-1 - After cleanup  stats (total=5, active=0, idle=5, waiting=0)
2026-03-24 19:15:31.566 [HikariPool-1 housekeeper] DEBUG [N/A] [N/A] com.zaxxer.hikari.pool.HikariPool - HikariPool-1 - Fill pool skipped, pool has sufficient level or currently being filled.
2026-03-24 19:16:01.573 [HikariPool-1 housekeeper] DEBUG [N/A] [N/A] com.zaxxer.hikari.pool.HikariPool - HikariPool-1 - Before cleanup stats (total=5, active=0, idle=5, waiting=0)
2026-03-24 19:16:01.575 [HikariPool-1 housekeeper] DEBUG [N/A] [N/A] com.zaxxer.hikari.pool.HikariPool - HikariPool-1 - After cleanup  stats (total=5, active=0, idle=5, waiting=0)
2026-03-24 19:16:01.575 [HikariPool-1 housekeeper] DEBUG [N/A] [N/A] com.zaxxer.hikari.pool.HikariPool - HikariPool-1 - Fill pool skipped, pool has sufficient level or currently being filled.
2026-03-24 19:16:31.579 [HikariPool-1 housekeeper] DEBUG [N/A] [N/A] com.zaxxer.hikari.pool.HikariPool - HikariPool-1 - Before cleanup stats (total=5, active=0, idle=5, waiting=0)
2026-03-24 19:16:31.580 [HikariPool-1 housekeeper] DEBUG [N/A] [N/A] com.zaxxer.hikari.pool.HikariPool - HikariPool-1 - After cleanup  stats (total=5, active=0, idle=5, waiting=0)
2026-03-24 19:16:31.582 [HikariPool-1 housekeeper] DEBUG [N/A] [N/A] com.zaxxer.hikari.pool.HikariPool - HikariPool-1 - Fill pool skipped, pool has sufficient level or currently being filled.
2026-03-24 19:17:01.586 [HikariPool-1 housekeeper] DEBUG [N/A] [N/A] com.zaxxer.hikari.pool.HikariPool - HikariPool-1 - Before cleanup stats (total=5, active=0, idle=5, waiting=0)
2026-03-24 19:17:01.588 [HikariPool-1 housekeeper] DEBUG [N/A] [N/A] com.zaxxer.hikari.pool.HikariPool - HikariPool-1 - After cleanup  stats (total=5, active=0, idle=5, waiting=0)
2026-03-24 19:17:01.588 [HikariPool-1 housekeeper] DEBUG [N/A] [N/A] com.zaxxer.hikari.pool.HikariPool - HikariPool-1 - Fill pool skipped, pool has sufficient level or currently being filled.
2026-03-24 19:17:31.590 [HikariPool-1 housekeeper] DEBUG [N/A] [N/A] com.zaxxer.hikari.pool.HikariPool - HikariPool-1 - Before cleanup stats (total=5, active=0, idle=5, waiting=0)
2026-03-24 19:17:31.592 [HikariPool-1 housekeeper] DEBUG [N/A] [N/A] com.zaxxer.hikari.pool.HikariPool - HikariPool-1 - After cleanup  stats (total=5, active=0, idle=5, waiting=0)
2026-03-24 19:17:31.594 [HikariPool-1 housekeeper] DEBUG [N/A] [N/A] com.zaxxer.hikari.pool.HikariPool - HikariPool-1 - Fill pool skipped, pool has sufficient level or currently being filled.
2026-03-24 19:18:01.598 [HikariPool-1 housekeeper] DEBUG [N/A] [N/A] com.zaxxer.hikari.pool.HikariPool - HikariPool-1 - Before cleanup stats (total=5, active=0, idle=5, waiting=0)
2026-03-24 19:18:01.599 [HikariPool-1 housekeeper] DEBUG [N/A] [N/A] com.zaxxer.hikari.pool.HikariPool - HikariPool-1 - After cleanup  stats (total=5, active=0, idle=5, waiting=0)
2026-03-24 19:18:01.600 [HikariPool-1 housekeeper] DEBUG [N/A] [N/A] com.zaxxer.hikari.pool.HikariPool - HikariPool-1 - Fill pool skipped, pool has sufficient level or currently being filled.
2026-03-24 19:18:31.603 [HikariPool-1 housekeeper] DEBUG [N/A] [N/A] com.zaxxer.hikari.pool.HikariPool - HikariPool-1 - Before cleanup stats (total=5, active=0, idle=5, waiting=0)
2026-03-24 19:18:31.605 [HikariPool-1 housekeeper] DEBUG [N/A] [N/A] com.zaxxer.hikari.pool.HikariPool - HikariPool-1 - After cleanup  stats (total=5, active=0, idle=5, waiting=0)
2026-03-24 19:18:31.605 [HikariPool-1 housekeeper] DEBUG [N/A] [N/A] com.zaxxer.hikari.pool.HikariPool - HikariPool-1 - Fill pool skipped, pool has sufficient level or currently being filled.
2026-03-24 19:19:01.608 [HikariPool-1 housekeeper] DEBUG [N/A] [N/A] com.zaxxer.hikari.pool.HikariPool - HikariPool-1 - Before cleanup stats (total=5, active=0, idle=5, waiting=0)
2026-03-24 19:19:01.608 [HikariPool-1 housekeeper] DEBUG [N/A] [N/A] com.zaxxer.hikari.pool.HikariPool - HikariPool-1 - After cleanup  stats (total=5, active=0, idle=5, waiting=0)
2026-03-24 19:19:01.609 [HikariPool-1 housekeeper] DEBUG [N/A] [N/A] com.zaxxer.hikari.pool.HikariPool - HikariPool-1 - Fill pool skipped, pool has sufficient level or currently being filled.
2026-03-24 19:19:31.610 [HikariPool-1 housekeeper] DEBUG [N/A] [N/A] com.zaxxer.hikari.pool.HikariPool - HikariPool-1 - Before cleanup stats (total=5, active=0, idle=5, waiting=0)
2026-03-24 19:19:31.613 [HikariPool-1 housekeeper] DEBUG [N/A] [N/A] com.zaxxer.hikari.pool.HikariPool - HikariPool-1 - After cleanup  stats (total=5, active=0, idle=5, waiting=0)
2026-03-24 19:19:31.613 [HikariPool-1 housekeeper] DEBUG [N/A] [N/A] com.zaxxer.hikari.pool.HikariPool - HikariPool-1 - Fill pool skipped, pool has sufficient level or currently being filled.
2026-03-24 19:20:01.619 [HikariPool-1 housekeeper] DEBUG [N/A] [N/A] com.zaxxer.hikari.pool.HikariPool - HikariPool-1 - Before cleanup stats (total=5, active=0, idle=5, waiting=0)
2026-03-24 19:20:01.619 [HikariPool-1 housekeeper] DEBUG [N/A] [N/A] com.zaxxer.hikari.pool.HikariPool - HikariPool-1 - After cleanup  stats (total=5, active=0, idle=5, waiting=0)
2026-03-24 19:20:01.620 [HikariPool-1 housekeeper] DEBUG [N/A] [N/A] com.zaxxer.hikari.pool.HikariPool - HikariPool-1 - Fill pool skipped, pool has sufficient level or currently being filled.
2026-03-24 19:20:31.625 [HikariPool-1 housekeeper] DEBUG [N/A] [N/A] com.zaxxer.hikari.pool.HikariPool - HikariPool-1 - Before cleanup stats (total=5, active=0, idle=5, waiting=0)
2026-03-24 19:20:31.625 [HikariPool-1 housekeeper] DEBUG [N/A] [N/A] com.zaxxer.hikari.pool.HikariPool - HikariPool-1 - After cleanup  stats (total=5, active=0, idle=5, waiting=0)
2026-03-24 19:20:31.627 [HikariPool-1 housekeeper] DEBUG [N/A] [N/A] com.zaxxer.hikari.pool.HikariPool - HikariPool-1 - Fill pool skipped, pool has sufficient level or currently being filled.
2026-03-24 19:21:01.632 [HikariPool-1 housekeeper] DEBUG [N/A] [N/A] com.zaxxer.hikari.pool.HikariPool - HikariPool-1 - Before cleanup stats (total=5, active=0, idle=5, waiting=0)
2026-03-24 19:21:01.632 [HikariPool-1 housekeeper] DEBUG [N/A] [N/A] com.zaxxer.hikari.pool.HikariPool - HikariPool-1 - After cleanup  stats (total=5, active=0, idle=5, waiting=0)
2026-03-24 19:21:01.632 [HikariPool-1 housekeeper] DEBUG [N/A] [N/A] com.zaxxer.hikari.pool.HikariPool - HikariPool-1 - Fill pool skipped, pool has sufficient level or currently being filled.
2026-03-24 19:21:31.637 [HikariPool-1 housekeeper] DEBUG [N/A] [N/A] com.zaxxer.hikari.pool.HikariPool - HikariPool-1 - Before cleanup stats (total=5, active=0, idle=5, waiting=0)
2026-03-24 19:21:31.639 [HikariPool-1 housekeeper] DEBUG [N/A] [N/A] com.zaxxer.hikari.pool.HikariPool - HikariPool-1 - After cleanup  stats (total=5, active=0, idle=5, waiting=0)
2026-03-24 19:21:31.639 [HikariPool-1 housekeeper] DEBUG [N/A] [N/A] com.zaxxer.hikari.pool.HikariPool - HikariPool-1 - Fill pool skipped, pool has sufficient level or currently being filled.
2026-03-24 19:22:01.644 [HikariPool-1 housekeeper] DEBUG [N/A] [N/A] com.zaxxer.hikari.pool.HikariPool - HikariPool-1 - Before cleanup stats (total=5, active=0, idle=5, waiting=0)
2026-03-24 19:22:01.645 [HikariPool-1 housekeeper] DEBUG [N/A] [N/A] com.zaxxer.hikari.pool.HikariPool - HikariPool-1 - After cleanup  stats (total=5, active=0, idle=5, waiting=0)
2026-03-24 19:22:01.645 [HikariPool-1 housekeeper] DEBUG [N/A] [N/A] com.zaxxer.hikari.pool.HikariPool - HikariPool-1 - Fill pool skipped, pool has sufficient level or currently being filled.
2026-03-24 19:22:07.746 [HikariPool-1 connection closer] DEBUG [N/A] [N/A] com.zaxxer.hikari.pool.PoolBase - HikariPool-1 - Closing connection org.postgresql.jdbc.PgConnection@5a75db47: (connection has passed maxLifetime)
2026-03-24 19:22:07.990 [HikariPool-1 connection adder] DEBUG [N/A] [N/A] com.zaxxer.hikari.pool.HikariPool - HikariPool-1 - Added connection org.postgresql.jdbc.PgConnection@6f05f5ce
2026-03-24 19:22:08.024 [HikariPool-1 connection adder] DEBUG [N/A] [N/A] com.zaxxer.hikari.pool.HikariPool - HikariPool-1 - Connection not added, stats (total=5, active=0, idle=5, waiting=0)
2026-03-24 19:22:31.649 [HikariPool-1 housekeeper] DEBUG [N/A] [N/A] com.zaxxer.hikari.pool.HikariPool - HikariPool-1 - Before cleanup stats (total=5, active=0, idle=5, waiting=0)
2026-03-24 19:22:31.649 [HikariPool-1 housekeeper] DEBUG [N/A] [N/A] com.zaxxer.hikari.pool.HikariPool - HikariPool-1 - After cleanup  stats (total=5, active=0, idle=5, waiting=0)
2026-03-24 19:22:31.649 [HikariPool-1 housekeeper] DEBUG [N/A] [N/A] com.zaxxer.hikari.pool.HikariPool - HikariPool-1 - Fill pool skipped, pool has sufficient level or currently being filled.
2026-03-24 19:23:01.656 [HikariPool-1 housekeeper] DEBUG [N/A] [N/A] com.zaxxer.hikari.pool.HikariPool - HikariPool-1 - Before cleanup stats (total=5, active=0, idle=5, waiting=0)
2026-03-24 19:23:01.658 [HikariPool-1 housekeeper] DEBUG [N/A] [N/A] com.zaxxer.hikari.pool.HikariPool - HikariPool-1 - After cleanup  stats (total=5, active=0, idle=5, waiting=0)
2026-03-24 19:23:01.658 [HikariPool-1 housekeeper] DEBUG [N/A] [N/A] com.zaxxer.hikari.pool.HikariPool - HikariPool-1 - Fill pool skipped, pool has sufficient level or currently being filled.
2026-03-24 19:23:31.665 [HikariPool-1 housekeeper] DEBUG [N/A] [N/A] com.zaxxer.hikari.pool.HikariPool - HikariPool-1 - Before cleanup stats (total=5, active=0, idle=5, waiting=0)
2026-03-24 19:23:31.669 [HikariPool-1 housekeeper] DEBUG [N/A] [N/A] com.zaxxer.hikari.pool.HikariPool - HikariPool-1 - After cleanup  stats (total=5, active=0, idle=5, waiting=0)
2026-03-24 19:23:31.669 [HikariPool-1 housekeeper] DEBUG [N/A] [N/A] com.zaxxer.hikari.pool.HikariPool - HikariPool-1 - Fill pool skipped, pool has sufficient level or currently being filled.
2026-03-24 19:23:32.005 [HikariPool-1 connection closer] DEBUG [N/A] [N/A] com.zaxxer.hikari.pool.PoolBase - HikariPool-1 - Closing connection org.postgresql.jdbc.PgConnection@8439005: (connection has passed maxLifetime)
2026-03-24 19:23:32.280 [HikariPool-1 connection adder] DEBUG [N/A] [N/A] com.zaxxer.hikari.pool.HikariPool - HikariPool-1 - Added connection org.postgresql.jdbc.PgConnection@36e23703
2026-03-24 19:23:32.313 [HikariPool-1 connection adder] DEBUG [N/A] [N/A] com.zaxxer.hikari.pool.HikariPool - HikariPool-1 - Connection not added, stats (total=5, active=0, idle=5, waiting=0)
2026-03-24 19:23:45.142 [HikariPool-1 connection closer] DEBUG [N/A] [N/A] com.zaxxer.hikari.pool.PoolBase - HikariPool-1 - Closing connection org.postgresql.jdbc.PgConnection@78a3ab8c: (connection has passed maxLifetime)
2026-03-24 19:23:45.430 [HikariPool-1 connection adder] DEBUG [N/A] [N/A] com.zaxxer.hikari.pool.HikariPool - HikariPool-1 - Added connection org.postgresql.jdbc.PgConnection@59a2df1d
2026-03-24 19:23:45.464 [HikariPool-1 connection adder] DEBUG [N/A] [N/A] com.zaxxer.hikari.pool.HikariPool - HikariPool-1 - Connection not added, stats (total=5, active=0, idle=5, waiting=0)
2026-03-24 19:23:53.515 [HikariPool-1 connection closer] DEBUG [N/A] [N/A] com.zaxxer.hikari.pool.PoolBase - HikariPool-1 - Closing connection org.postgresql.jdbc.PgConnection@64ff353f: (connection has passed maxLifetime)
2026-03-24 19:23:53.792 [HikariPool-1 connection adder] DEBUG [N/A] [N/A] com.zaxxer.hikari.pool.HikariPool - HikariPool-1 - Added connection org.postgresql.jdbc.PgConnection@2d5359d9
2026-03-24 19:23:53.826 [HikariPool-1 connection adder] DEBUG [N/A] [N/A] com.zaxxer.hikari.pool.HikariPool - HikariPool-1 - Connection not added, stats (total=5, active=0, idle=5, waiting=0)
2026-03-24 19:24:01.673 [HikariPool-1 housekeeper] DEBUG [N/A] [N/A] com.zaxxer.hikari.pool.HikariPool - HikariPool-1 - Before cleanup stats (total=5, active=0, idle=5, waiting=0)
2026-03-24 19:24:01.673 [HikariPool-1 housekeeper] DEBUG [N/A] [N/A] com.zaxxer.hikari.pool.HikariPool - HikariPool-1 - After cleanup  stats (total=5, active=0, idle=5, waiting=0)
2026-03-24 19:24:01.674 [HikariPool-1 housekeeper] DEBUG [N/A] [N/A] com.zaxxer.hikari.pool.HikariPool - HikariPool-1 - Fill pool skipped, pool has sufficient level or currently being filled.
2026-03-24 19:24:03.501 [HikariPool-1 connection closer] DEBUG [N/A] [N/A] com.zaxxer.hikari.pool.PoolBase - HikariPool-1 - Closing connection org.postgresql.jdbc.PgConnection@2e34bb79: (connection has passed maxLifetime)
2026-03-24 19:24:03.757 [HikariPool-1 connection adder] DEBUG [N/A] [N/A] com.zaxxer.hikari.pool.HikariPool - HikariPool-1 - Added connection org.postgresql.jdbc.PgConnection@7bc342af
2026-03-24 19:24:03.792 [HikariPool-1 connection adder] DEBUG [N/A] [N/A] com.zaxxer.hikari.pool.HikariPool - HikariPool-1 - Connection not added, stats (total=5, active=0, idle=5, waiting=0)
2026-03-24 19:24:31.679 [HikariPool-1 housekeeper] DEBUG [N/A] [N/A] com.zaxxer.hikari.pool.HikariPool - HikariPool-1 - Before cleanup stats (total=5, active=0, idle=5, waiting=0)
2026-03-24 19:24:31.679 [HikariPool-1 housekeeper] DEBUG [N/A] [N/A] com.zaxxer.hikari.pool.HikariPool - HikariPool-1 - After cleanup  stats (total=5, active=0, idle=5, waiting=0)
2026-03-24 19:24:31.679 [HikariPool-1 housekeeper] DEBUG [N/A] [N/A] com.zaxxer.hikari.pool.HikariPool - HikariPool-1 - Fill pool skipped, pool has sufficient level or currently being filled.
2026-03-24 19:25:01.684 [HikariPool-1 housekeeper] DEBUG [N/A] [N/A] com.zaxxer.hikari.pool.HikariPool - HikariPool-1 - Before cleanup stats (total=5, active=0, idle=5, waiting=0)
2026-03-24 19:25:01.684 [HikariPool-1 housekeeper] DEBUG [N/A] [N/A] com.zaxxer.hikari.pool.HikariPool - HikariPool-1 - After cleanup  stats (total=5, active=0, idle=5, waiting=0)
2026-03-24 19:25:01.684 [HikariPool-1 housekeeper] DEBUG [N/A] [N/A] com.zaxxer.hikari.pool.HikariPool - HikariPool-1 - Fill pool skipped, pool has sufficient level or currently being filled.
2026-03-24 19:25:31.690 [HikariPool-1 housekeeper] DEBUG [N/A] [N/A] com.zaxxer.hikari.pool.HikariPool - HikariPool-1 - Before cleanup stats (total=5, active=0, idle=5, waiting=0)
2026-03-24 19:25:31.690 [HikariPool-1 housekeeper] DEBUG [N/A] [N/A] com.zaxxer.hikari.pool.HikariPool - HikariPool-1 - After cleanup  stats (total=5, active=0, idle=5, waiting=0)
2026-03-24 19:25:31.690 [HikariPool-1 housekeeper] DEBUG [N/A] [N/A] com.zaxxer.hikari.pool.HikariPool - HikariPool-1 - Fill pool skipped, pool has sufficient level or currently being filled.
2026-03-24 19:26:01.696 [HikariPool-1 housekeeper] DEBUG [N/A] [N/A] com.zaxxer.hikari.pool.HikariPool - HikariPool-1 - Before cleanup stats (total=5, active=0, idle=5, waiting=0)
2026-03-24 19:26:01.696 [HikariPool-1 housekeeper] DEBUG [N/A] [N/A] com.zaxxer.hikari.pool.HikariPool - HikariPool-1 - After cleanup  stats (total=5, active=0, idle=5, waiting=0)
2026-03-24 19:26:01.696 [HikariPool-1 housekeeper] DEBUG [N/A] [N/A] com.zaxxer.hikari.pool.HikariPool - HikariPool-1 - Fill pool skipped, pool has sufficient level or currently being filled.
2026-03-24 19:26:31.702 [HikariPool-1 housekeeper] DEBUG [N/A] [N/A] com.zaxxer.hikari.pool.HikariPool - HikariPool-1 - Before cleanup stats (total=5, active=0, idle=5, waiting=0)
2026-03-24 19:26:31.702 [HikariPool-1 housekeeper] DEBUG [N/A] [N/A] com.zaxxer.hikari.pool.HikariPool - HikariPool-1 - After cleanup  stats (total=5, active=0, idle=5, waiting=0)
2026-03-24 19:26:31.702 [HikariPool-1 housekeeper] DEBUG [N/A] [N/A] com.zaxxer.hikari.pool.HikariPool - HikariPool-1 - Fill pool skipped, pool has sufficient level or currently being filled.
2026-03-24 19:27:01.707 [HikariPool-1 housekeeper] DEBUG [N/A] [N/A] com.zaxxer.hikari.pool.HikariPool - HikariPool-1 - Before cleanup stats (total=5, active=0, idle=5, waiting=0)
2026-03-24 19:27:01.708 [HikariPool-1 housekeeper] DEBUG [N/A] [N/A] com.zaxxer.hikari.pool.HikariPool - HikariPool-1 - After cleanup  stats (total=5, active=0, idle=5, waiting=0)
2026-03-24 19:27:01.708 [HikariPool-1 housekeeper] DEBUG [N/A] [N/A] com.zaxxer.hikari.pool.HikariPool - HikariPool-1 - Fill pool skipped, pool has sufficient level or currently being filled.
2026-03-24 19:27:31.714 [HikariPool-1 housekeeper] DEBUG [N/A] [N/A] com.zaxxer.hikari.pool.HikariPool - HikariPool-1 - Before cleanup stats (total=5, active=0, idle=5, waiting=0)
2026-03-24 19:27:31.714 [HikariPool-1 housekeeper] DEBUG [N/A] [N/A] com.zaxxer.hikari.pool.HikariPool - HikariPool-1 - After cleanup  stats (total=5, active=0, idle=5, waiting=0)
2026-03-24 19:27:31.714 [HikariPool-1 housekeeper] DEBUG [N/A] [N/A] com.zaxxer.hikari.pool.HikariPool - HikariPool-1 - Fill pool skipped, pool has sufficient level or currently being filled.
2026-03-24 19:28:01.718 [HikariPool-1 housekeeper] DEBUG [N/A] [N/A] com.zaxxer.hikari.pool.HikariPool - HikariPool-1 - Before cleanup stats (total=5, active=0, idle=5, waiting=0)
2026-03-24 19:28:01.719 [HikariPool-1 housekeeper] DEBUG [N/A] [N/A] com.zaxxer.hikari.pool.HikariPool - HikariPool-1 - After cleanup  stats (total=5, active=0, idle=5, waiting=0)
2026-03-24 19:28:01.719 [HikariPool-1 housekeeper] DEBUG [N/A] [N/A] com.zaxxer.hikari.pool.HikariPool - HikariPool-1 - Fill pool skipped, pool has sufficient level or currently being filled.
2026-03-24 19:28:31.722 [HikariPool-1 housekeeper] DEBUG [N/A] [N/A] com.zaxxer.hikari.pool.HikariPool - HikariPool-1 - Before cleanup stats (total=5, active=0, idle=5, waiting=0)
2026-03-24 19:28:31.722 [HikariPool-1 housekeeper] DEBUG [N/A] [N/A] com.zaxxer.hikari.pool.HikariPool - HikariPool-1 - After cleanup  stats (total=5, active=0, idle=5, waiting=0)
2026-03-24 19:28:31.722 [HikariPool-1 housekeeper] DEBUG [N/A] [N/A] com.zaxxer.hikari.pool.HikariPool - HikariPool-1 - Fill pool skipped, pool has sufficient level or currently being filled.
2026-03-24 19:29:01.727 [HikariPool-1 housekeeper] DEBUG [N/A] [N/A] com.zaxxer.hikari.pool.HikariPool - HikariPool-1 - Before cleanup stats (total=5, active=0, idle=5, waiting=0)
2026-03-24 19:29:01.728 [HikariPool-1 housekeeper] DEBUG [N/A] [N/A] com.zaxxer.hikari.pool.HikariPool - HikariPool-1 - After cleanup  stats (total=5, active=0, idle=5, waiting=0)
2026-03-24 19:29:01.728 [HikariPool-1 housekeeper] DEBUG [N/A] [N/A] com.zaxxer.hikari.pool.HikariPool - HikariPool-1 - Fill pool skipped, pool has sufficient level or currently being filled.
2026-03-24 19:29:31.735 [HikariPool-1 housekeeper] DEBUG [N/A] [N/A] com.zaxxer.hikari.pool.HikariPool - HikariPool-1 - Before cleanup stats (total=5, active=0, idle=5, waiting=0)
2026-03-24 19:29:31.737 [HikariPool-1 housekeeper] DEBUG [N/A] [N/A] com.zaxxer.hikari.pool.HikariPool - HikariPool-1 - After cleanup  stats (total=5, active=0, idle=5, waiting=0)
2026-03-24 19:29:31.738 [HikariPool-1 housekeeper] DEBUG [N/A] [N/A] com.zaxxer.hikari.pool.HikariPool - HikariPool-1 - Fill pool skipped, pool has sufficient level or currently being filled.
2026-03-24 19:30:01.748 [HikariPool-1 housekeeper] DEBUG [N/A] [N/A] com.zaxxer.hikari.pool.HikariPool - HikariPool-1 - Before cleanup stats (total=5, active=0, idle=5, waiting=0)
2026-03-24 19:30:01.750 [HikariPool-1 housekeeper] DEBUG [N/A] [N/A] com.zaxxer.hikari.pool.HikariPool - HikariPool-1 - After cleanup  stats (total=5, active=0, idle=5, waiting=0)
2026-03-24 19:30:01.752 [HikariPool-1 housekeeper] DEBUG [N/A] [N/A] com.zaxxer.hikari.pool.HikariPool - HikariPool-1 - Fill pool skipped, pool has sufficient level or currently being filled.
2026-03-24 19:30:31.749 [HikariPool-1 housekeeper] DEBUG [N/A] [N/A] com.zaxxer.hikari.pool.HikariPool - HikariPool-1 - Before cleanup stats (total=5, active=0, idle=5, waiting=0)
2026-03-24 19:30:31.752 [HikariPool-1 housekeeper] DEBUG [N/A] [N/A] com.zaxxer.hikari.pool.HikariPool - HikariPool-1 - After cleanup  stats (total=5, active=0, idle=5, waiting=0)
2026-03-24 19:30:31.752 [HikariPool-1 housekeeper] DEBUG [N/A] [N/A] com.zaxxer.hikari.pool.HikariPool - HikariPool-1 - Fill pool skipped, pool has sufficient level or currently being filled.
2026-03-24 19:31:01.753 [HikariPool-1 housekeeper] DEBUG [N/A] [N/A] com.zaxxer.hikari.pool.HikariPool - HikariPool-1 - Before cleanup stats (total=5, active=0, idle=5, waiting=0)
2026-03-24 19:31:01.759 [HikariPool-1 housekeeper] DEBUG [N/A] [N/A] com.zaxxer.hikari.pool.HikariPool - HikariPool-1 - After cleanup  stats (total=5, active=0, idle=5, waiting=0)
2026-03-24 19:31:01.760 [HikariPool-1 housekeeper] DEBUG [N/A] [N/A] com.zaxxer.hikari.pool.HikariPool - HikariPool-1 - Fill pool skipped, pool has sufficient level or currently being filled.
2026-03-24 19:31:31.764 [HikariPool-1 housekeeper] DEBUG [N/A] [N/A] com.zaxxer.hikari.pool.HikariPool - HikariPool-1 - Before cleanup stats (total=5, active=0, idle=5, waiting=0)
2026-03-24 19:31:31.766 [HikariPool-1 housekeeper] DEBUG [N/A] [N/A] com.zaxxer.hikari.pool.HikariPool - HikariPool-1 - After cleanup  stats (total=5, active=0, idle=5, waiting=0)
2026-03-24 19:31:31.767 [HikariPool-1 housekeeper] DEBUG [N/A] [N/A] com.zaxxer.hikari.pool.HikariPool - HikariPool-1 - Fill pool skipped, pool has sufficient level or currently being filled.
2026-03-24 19:32:01.768 [HikariPool-1 housekeeper] DEBUG [N/A] [N/A] com.zaxxer.hikari.pool.HikariPool - HikariPool-1 - Before cleanup stats (total=5, active=0, idle=5, waiting=0)
2026-03-24 19:32:01.772 [HikariPool-1 housekeeper] DEBUG [N/A] [N/A] com.zaxxer.hikari.pool.HikariPool - HikariPool-1 - After cleanup  stats (total=5, active=0, idle=5, waiting=0)
2026-03-24 19:32:01.772 [HikariPool-1 housekeeper] DEBUG [N/A] [N/A] com.zaxxer.hikari.pool.HikariPool - HikariPool-1 - Fill pool skipped, pool has sufficient level or currently being filled.
2026-03-24 19:32:31.777 [HikariPool-1 housekeeper] DEBUG [N/A] [N/A] com.zaxxer.hikari.pool.HikariPool - HikariPool-1 - Before cleanup stats (total=5, active=0, idle=5, waiting=0)
2026-03-24 19:32:31.779 [HikariPool-1 housekeeper] DEBUG [N/A] [N/A] com.zaxxer.hikari.pool.HikariPool - HikariPool-1 - After cleanup  stats (total=5, active=0, idle=5, waiting=0)
2026-03-24 19:32:31.779 [HikariPool-1 housekeeper] DEBUG [N/A] [N/A] com.zaxxer.hikari.pool.HikariPool - HikariPool-1 - Fill pool skipped, pool has sufficient level or currently being filled.
2026-03-24 19:33:01.783 [HikariPool-1 housekeeper] DEBUG [N/A] [N/A] com.zaxxer.hikari.pool.HikariPool - HikariPool-1 - Before cleanup stats (total=5, active=0, idle=5, waiting=0)
2026-03-24 19:33:01.783 [HikariPool-1 housekeeper] DEBUG [N/A] [N/A] com.zaxxer.hikari.pool.HikariPool - HikariPool-1 - After cleanup  stats (total=5, active=0, idle=5, waiting=0)
2026-03-24 19:33:01.783 [HikariPool-1 housekeeper] DEBUG [N/A] [N/A] com.zaxxer.hikari.pool.HikariPool - HikariPool-1 - Fill pool skipped, pool has sufficient level or currently being filled.
2026-03-24 19:33:31.788 [HikariPool-1 housekeeper] DEBUG [N/A] [N/A] com.zaxxer.hikari.pool.HikariPool - HikariPool-1 - Before cleanup stats (total=5, active=0, idle=5, waiting=0)
2026-03-24 19:33:31.789 [HikariPool-1 housekeeper] DEBUG [N/A] [N/A] com.zaxxer.hikari.pool.HikariPool - HikariPool-1 - After cleanup  stats (total=5, active=0, idle=5, waiting=0)
2026-03-24 19:33:31.790 [HikariPool-1 housekeeper] DEBUG [N/A] [N/A] com.zaxxer.hikari.pool.HikariPool - HikariPool-1 - Fill pool skipped, pool has sufficient level or currently being filled.
2026-03-24 19:34:01.797 [HikariPool-1 housekeeper] DEBUG [N/A] [N/A] com.zaxxer.hikari.pool.HikariPool - HikariPool-1 - Before cleanup stats (total=5, active=0, idle=5, waiting=0)
2026-03-24 19:34:01.798 [HikariPool-1 housekeeper] DEBUG [N/A] [N/A] com.zaxxer.hikari.pool.HikariPool - HikariPool-1 - After cleanup  stats (total=5, active=0, idle=5, waiting=0)
2026-03-24 19:34:01.798 [HikariPool-1 housekeeper] DEBUG [N/A] [N/A] com.zaxxer.hikari.pool.HikariPool - HikariPool-1 - Fill pool skipped, pool has sufficient level or currently being filled.
2026-03-24 19:34:31.804 [HikariPool-1 housekeeper] DEBUG [N/A] [N/A] com.zaxxer.hikari.pool.HikariPool - HikariPool-1 - Before cleanup stats (total=5, active=0, idle=5, waiting=0)
2026-03-24 19:34:31.805 [HikariPool-1 housekeeper] DEBUG [N/A] [N/A] com.zaxxer.hikari.pool.HikariPool - HikariPool-1 - After cleanup  stats (total=5, active=0, idle=5, waiting=0)
2026-03-24 19:34:31.805 [HikariPool-1 housekeeper] DEBUG [N/A] [N/A] com.zaxxer.hikari.pool.HikariPool - HikariPool-1 - Fill pool skipped, pool has sufficient level or currently being filled.
2026-03-24 19:35:01.809 [HikariPool-1 housekeeper] DEBUG [N/A] [N/A] com.zaxxer.hikari.pool.HikariPool - HikariPool-1 - Before cleanup stats (total=5, active=0, idle=5, waiting=0)
2026-03-24 19:35:01.811 [HikariPool-1 housekeeper] DEBUG [N/A] [N/A] com.zaxxer.hikari.pool.HikariPool - HikariPool-1 - After cleanup  stats (total=5, active=0, idle=5, waiting=0)
2026-03-24 19:35:01.811 [HikariPool-1 housekeeper] DEBUG [N/A] [N/A] com.zaxxer.hikari.pool.HikariPool - HikariPool-1 - Fill pool skipped, pool has sufficient level or currently being filled.
2026-03-24 19:35:31.812 [HikariPool-1 housekeeper] DEBUG [N/A] [N/A] com.zaxxer.hikari.pool.HikariPool - HikariPool-1 - Before cleanup stats (total=5, active=0, idle=5, waiting=0)
2026-03-24 19:35:31.814 [HikariPool-1 housekeeper] DEBUG [N/A] [N/A] com.zaxxer.hikari.pool.HikariPool - HikariPool-1 - After cleanup  stats (total=5, active=0, idle=5, waiting=0)
2026-03-24 19:35:31.815 [HikariPool-1 housekeeper] DEBUG [N/A] [N/A] com.zaxxer.hikari.pool.HikariPool - HikariPool-1 - Fill pool skipped, pool has sufficient level or currently being filled.
2026-03-24 19:36:01.820 [HikariPool-1 housekeeper] DEBUG [N/A] [N/A] com.zaxxer.hikari.pool.HikariPool - HikariPool-1 - Before cleanup stats (total=5, active=0, idle=5, waiting=0)
2026-03-24 19:36:01.821 [HikariPool-1 housekeeper] DEBUG [N/A] [N/A] com.zaxxer.hikari.pool.HikariPool - HikariPool-1 - After cleanup  stats (total=5, active=0, idle=5, waiting=0)
2026-03-24 19:36:01.822 [HikariPool-1 housekeeper] DEBUG [N/A] [N/A] com.zaxxer.hikari.pool.HikariPool - HikariPool-1 - Fill pool skipped, pool has sufficient level or currently being filled.
2026-03-24 19:36:31.826 [HikariPool-1 housekeeper] DEBUG [N/A] [N/A] com.zaxxer.hikari.pool.HikariPool - HikariPool-1 - Before cleanup stats (total=5, active=0, idle=5, waiting=0)
2026-03-24 19:36:31.828 [HikariPool-1 housekeeper] DEBUG [N/A] [N/A] com.zaxxer.hikari.pool.HikariPool - HikariPool-1 - After cleanup  stats (total=5, active=0, idle=5, waiting=0)
2026-03-24 19:36:31.829 [HikariPool-1 housekeeper] DEBUG [N/A] [N/A] com.zaxxer.hikari.pool.HikariPool - HikariPool-1 - Fill pool skipped, pool has sufficient level or currently being filled.
2026-03-24 19:37:01.834 [HikariPool-1 housekeeper] DEBUG [N/A] [N/A] com.zaxxer.hikari.pool.HikariPool - HikariPool-1 - Before cleanup stats (total=5, active=0, idle=5, waiting=0)
2026-03-24 19:37:01.836 [HikariPool-1 housekeeper] DEBUG [N/A] [N/A] com.zaxxer.hikari.pool.HikariPool - HikariPool-1 - After cleanup  stats (total=5, active=0, idle=5, waiting=0)
2026-03-24 19:37:01.837 [HikariPool-1 housekeeper] DEBUG [N/A] [N/A] com.zaxxer.hikari.pool.HikariPool - HikariPool-1 - Fill pool skipped, pool has sufficient level or currently being filled.
2026-03-24 19:37:31.842 [HikariPool-1 housekeeper] DEBUG [N/A] [N/A] com.zaxxer.hikari.pool.HikariPool - HikariPool-1 - Before cleanup stats (total=5, active=0, idle=5, waiting=0)
2026-03-24 19:37:31.844 [HikariPool-1 housekeeper] DEBUG [N/A] [N/A] com.zaxxer.hikari.pool.HikariPool - HikariPool-1 - After cleanup  stats (total=5, active=0, idle=5, waiting=0)
2026-03-24 19:37:31.846 [HikariPool-1 housekeeper] DEBUG [N/A] [N/A] com.zaxxer.hikari.pool.HikariPool - HikariPool-1 - Fill pool skipped, pool has sufficient level or currently being filled.
2026-03-24 19:38:01.850 [HikariPool-1 housekeeper] DEBUG [N/A] [N/A] com.zaxxer.hikari.pool.HikariPool - HikariPool-1 - Before cleanup stats (total=5, active=0, idle=5, waiting=0)
2026-03-24 19:38:01.851 [HikariPool-1 housekeeper] DEBUG [N/A] [N/A] com.zaxxer.hikari.pool.HikariPool - HikariPool-1 - After cleanup  stats (total=5, active=0, idle=5, waiting=0)
2026-03-24 19:38:01.851 [HikariPool-1 housekeeper] DEBUG [N/A] [N/A] com.zaxxer.hikari.pool.HikariPool - HikariPool-1 - Fill pool skipped, pool has sufficient level or currently being filled.
2026-03-24 19:38:31.856 [HikariPool-1 housekeeper] DEBUG [N/A] [N/A] com.zaxxer.hikari.pool.HikariPool - HikariPool-1 - Before cleanup stats (total=5, active=0, idle=5, waiting=0)
2026-03-24 19:38:31.857 [HikariPool-1 housekeeper] DEBUG [N/A] [N/A] com.zaxxer.hikari.pool.HikariPool - HikariPool-1 - After cleanup  stats (total=5, active=0, idle=5, waiting=0)
2026-03-24 19:38:31.857 [HikariPool-1 housekeeper] DEBUG [N/A] [N/A] com.zaxxer.hikari.pool.HikariPool - HikariPool-1 - Fill pool skipped, pool has sufficient level or currently being filled.
2026-03-24 19:39:01.860 [HikariPool-1 housekeeper] DEBUG [N/A] [N/A] com.zaxxer.hikari.pool.HikariPool - HikariPool-1 - Before cleanup stats (total=5, active=0, idle=5, waiting=0)
2026-03-24 19:39:01.862 [HikariPool-1 housekeeper] DEBUG [N/A] [N/A] com.zaxxer.hikari.pool.HikariPool - HikariPool-1 - After cleanup  stats (total=5, active=0, idle=5, waiting=0)
2026-03-24 19:39:01.862 [HikariPool-1 housekeeper] DEBUG [N/A] [N/A] com.zaxxer.hikari.pool.HikariPool - HikariPool-1 - Fill pool skipped, pool has sufficient level or currently being filled.
2026-03-24 19:39:31.867 [HikariPool-1 housekeeper] DEBUG [N/A] [N/A] com.zaxxer.hikari.pool.HikariPool - HikariPool-1 - Before cleanup stats (total=5, active=0, idle=5, waiting=0)
2026-03-24 19:39:31.869 [HikariPool-1 housekeeper] DEBUG [N/A] [N/A] com.zaxxer.hikari.pool.HikariPool - HikariPool-1 - After cleanup  stats (total=5, active=0, idle=5, waiting=0)
2026-03-24 19:39:31.870 [HikariPool-1 housekeeper] DEBUG [N/A] [N/A] com.zaxxer.hikari.pool.HikariPool - HikariPool-1 - Fill pool skipped, pool has sufficient level or currently being filled.
2026-03-24 19:40:01.875 [HikariPool-1 housekeeper] DEBUG [N/A] [N/A] com.zaxxer.hikari.pool.HikariPool - HikariPool-1 - Before cleanup stats (total=5, active=0, idle=5, waiting=0)
2026-03-24 19:40:01.875 [HikariPool-1 housekeeper] DEBUG [N/A] [N/A] com.zaxxer.hikari.pool.HikariPool - HikariPool-1 - After cleanup  stats (total=5, active=0, idle=5, waiting=0)
2026-03-24 19:40:01.875 [HikariPool-1 housekeeper] DEBUG [N/A] [N/A] com.zaxxer.hikari.pool.HikariPool - HikariPool-1 - Fill pool skipped, pool has sufficient level or currently being filled.
2026-03-24 19:40:31.879 [HikariPool-1 housekeeper] DEBUG [N/A] [N/A] com.zaxxer.hikari.pool.HikariPool - HikariPool-1 - Before cleanup stats (total=5, active=0, idle=5, waiting=0)
2026-03-24 19:40:31.880 [HikariPool-1 housekeeper] DEBUG [N/A] [N/A] com.zaxxer.hikari.pool.HikariPool - HikariPool-1 - After cleanup  stats (total=5, active=0, idle=5, waiting=0)
2026-03-24 19:40:31.880 [HikariPool-1 housekeeper] DEBUG [N/A] [N/A] com.zaxxer.hikari.pool.HikariPool - HikariPool-1 - Fill pool skipped, pool has sufficient level or currently being filled.
2026-03-24 19:41:01.883 [HikariPool-1 housekeeper] DEBUG [N/A] [N/A] com.zaxxer.hikari.pool.HikariPool - HikariPool-1 - Before cleanup stats (total=5, active=0, idle=5, waiting=0)
2026-03-24 19:41:01.885 [HikariPool-1 housekeeper] DEBUG [N/A] [N/A] com.zaxxer.hikari.pool.HikariPool - HikariPool-1 - After cleanup  stats (total=5, active=0, idle=5, waiting=0)
2026-03-24 19:41:01.885 [HikariPool-1 housekeeper] DEBUG [N/A] [N/A] com.zaxxer.hikari.pool.HikariPool - HikariPool-1 - Fill pool skipped, pool has sufficient level or currently being filled.
2026-03-24 19:41:31.890 [HikariPool-1 housekeeper] DEBUG [N/A] [N/A] com.zaxxer.hikari.pool.HikariPool - HikariPool-1 - Before cleanup stats (total=5, active=0, idle=5, waiting=0)
2026-03-24 19:41:31.892 [HikariPool-1 housekeeper] DEBUG [N/A] [N/A] com.zaxxer.hikari.pool.HikariPool - HikariPool-1 - After cleanup  stats (total=5, active=0, idle=5, waiting=0)
2026-03-24 19:41:31.892 [HikariPool-1 housekeeper] DEBUG [N/A] [N/A] com.zaxxer.hikari.pool.HikariPool - HikariPool-1 - Fill pool skipped, pool has sufficient level or currently being filled.
2026-03-24 19:42:01.897 [HikariPool-1 housekeeper] DEBUG [N/A] [N/A] com.zaxxer.hikari.pool.HikariPool - HikariPool-1 - Before cleanup stats (total=5, active=0, idle=5, waiting=0)
2026-03-24 19:42:01.899 [HikariPool-1 housekeeper] DEBUG [N/A] [N/A] com.zaxxer.hikari.pool.HikariPool - HikariPool-1 - After cleanup  stats (total=5, active=0, idle=5, waiting=0)
2026-03-24 19:42:01.900 [HikariPool-1 housekeeper] DEBUG [N/A] [N/A] com.zaxxer.hikari.pool.HikariPool - HikariPool-1 - Fill pool skipped, pool has sufficient level or currently being filled.
2026-03-24 19:42:31.905 [HikariPool-1 housekeeper] DEBUG [N/A] [N/A] com.zaxxer.hikari.pool.HikariPool - HikariPool-1 - Before cleanup stats (total=5, active=0, idle=5, waiting=0)
2026-03-24 19:42:31.906 [HikariPool-1 housekeeper] DEBUG [N/A] [N/A] com.zaxxer.hikari.pool.HikariPool - HikariPool-1 - After cleanup  stats (total=5, active=0, idle=5, waiting=0)
2026-03-24 19:42:31.907 [HikariPool-1 housekeeper] DEBUG [N/A] [N/A] com.zaxxer.hikari.pool.HikariPool - HikariPool-1 - Fill pool skipped, pool has sufficient level or currently being filled.
2026-03-24 19:43:01.913 [HikariPool-1 housekeeper] DEBUG [N/A] [N/A] com.zaxxer.hikari.pool.HikariPool - HikariPool-1 - Before cleanup stats (total=5, active=0, idle=5, waiting=0)
2026-03-24 19:43:01.914 [HikariPool-1 housekeeper] DEBUG [N/A] [N/A] com.zaxxer.hikari.pool.HikariPool - HikariPool-1 - After cleanup  stats (total=5, active=0, idle=5, waiting=0)
2026-03-24 19:43:01.914 [HikariPool-1 housekeeper] DEBUG [N/A] [N/A] com.zaxxer.hikari.pool.HikariPool - HikariPool-1 - Fill pool skipped, pool has sufficient level or currently being filled.
2026-03-24 19:43:31.919 [HikariPool-1 housekeeper] DEBUG [N/A] [N/A] com.zaxxer.hikari.pool.HikariPool - HikariPool-1 - Before cleanup stats (total=5, active=0, idle=5, waiting=0)
2026-03-24 19:43:31.922 [HikariPool-1 housekeeper] DEBUG [N/A] [N/A] com.zaxxer.hikari.pool.HikariPool - HikariPool-1 - After cleanup  stats (total=5, active=0, idle=5, waiting=0)
2026-03-24 19:43:31.922 [HikariPool-1 housekeeper] DEBUG [N/A] [N/A] com.zaxxer.hikari.pool.HikariPool - HikariPool-1 - Fill pool skipped, pool has sufficient level or currently being filled.
2026-03-24 19:44:01.924 [HikariPool-1 housekeeper] DEBUG [N/A] [N/A] com.zaxxer.hikari.pool.HikariPool - HikariPool-1 - Before cleanup stats (total=5, active=0, idle=5, waiting=0)
2026-03-24 19:44:01.925 [HikariPool-1 housekeeper] DEBUG [N/A] [N/A] com.zaxxer.hikari.pool.HikariPool - HikariPool-1 - After cleanup  stats (total=5, active=0, idle=5, waiting=0)
2026-03-24 19:44:01.926 [HikariPool-1 housekeeper] DEBUG [N/A] [N/A] com.zaxxer.hikari.pool.HikariPool - HikariPool-1 - Fill pool skipped, pool has sufficient level or currently being filled.
2026-03-24 19:44:31.931 [HikariPool-1 housekeeper] DEBUG [N/A] [N/A] com.zaxxer.hikari.pool.HikariPool - HikariPool-1 - Before cleanup stats (total=5, active=0, idle=5, waiting=0)
2026-03-24 19:44:31.932 [HikariPool-1 housekeeper] DEBUG [N/A] [N/A] com.zaxxer.hikari.pool.HikariPool - HikariPool-1 - After cleanup  stats (total=5, active=0, idle=5, waiting=0)
2026-03-24 19:44:31.932 [HikariPool-1 housekeeper] DEBUG [N/A] [N/A] com.zaxxer.hikari.pool.HikariPool - HikariPool-1 - Fill pool skipped, pool has sufficient level or currently being filled.
2026-03-24 19:45:01.937 [HikariPool-1 housekeeper] DEBUG [N/A] [N/A] com.zaxxer.hikari.pool.HikariPool - HikariPool-1 - Before cleanup stats (total=5, active=0, idle=5, waiting=0)
2026-03-24 19:45:01.937 [HikariPool-1 housekeeper] DEBUG [N/A] [N/A] com.zaxxer.hikari.pool.HikariPool - HikariPool-1 - After cleanup  stats (total=5, active=0, idle=5, waiting=0)
2026-03-24 19:45:01.937 [HikariPool-1 housekeeper] DEBUG [N/A] [N/A] com.zaxxer.hikari.pool.HikariPool - HikariPool-1 - Fill pool skipped, pool has sufficient level or currently being filled.
2026-03-24 19:45:31.935 [HikariPool-1 housekeeper] DEBUG [N/A] [N/A] com.zaxxer.hikari.pool.HikariPool - HikariPool-1 - Before cleanup stats (total=5, active=0, idle=5, waiting=0)
2026-03-24 19:45:31.937 [HikariPool-1 housekeeper] DEBUG [N/A] [N/A] com.zaxxer.hikari.pool.HikariPool - HikariPool-1 - After cleanup  stats (total=5, active=0, idle=5, waiting=0)
2026-03-24 19:45:31.937 [HikariPool-1 housekeeper] DEBUG [N/A] [N/A] com.zaxxer.hikari.pool.HikariPool - HikariPool-1 - Fill pool skipped, pool has sufficient level or currently being filled.
2026-03-24 19:46:01.934 [HikariPool-1 housekeeper] DEBUG [N/A] [N/A] com.zaxxer.hikari.pool.HikariPool - HikariPool-1 - Before cleanup stats (total=5, active=0, idle=5, waiting=0)
2026-03-24 19:46:01.936 [HikariPool-1 housekeeper] DEBUG [N/A] [N/A] com.zaxxer.hikari.pool.HikariPool - HikariPool-1 - After cleanup  stats (total=5, active=0, idle=5, waiting=0)
2026-03-24 19:46:01.936 [HikariPool-1 housekeeper] DEBUG [N/A] [N/A] com.zaxxer.hikari.pool.HikariPool - HikariPool-1 - Fill pool skipped, pool has sufficient level or currently being filled.
2026-03-24 19:46:31.939 [HikariPool-1 housekeeper] DEBUG [N/A] [N/A] com.zaxxer.hikari.pool.HikariPool - HikariPool-1 - Before cleanup stats (total=5, active=0, idle=5, waiting=0)
2026-03-24 19:46:31.940 [HikariPool-1 housekeeper] DEBUG [N/A] [N/A] com.zaxxer.hikari.pool.HikariPool - HikariPool-1 - After cleanup  stats (total=5, active=0, idle=5, waiting=0)
2026-03-24 19:46:31.941 [HikariPool-1 housekeeper] DEBUG [N/A] [N/A] com.zaxxer.hikari.pool.HikariPool - HikariPool-1 - Fill pool skipped, pool has sufficient level or currently being filled.
2026-03-24 19:47:01.946 [HikariPool-1 housekeeper] DEBUG [N/A] [N/A] com.zaxxer.hikari.pool.HikariPool - HikariPool-1 - Before cleanup stats (total=5, active=0, idle=5, waiting=0)
2026-03-24 19:47:01.948 [HikariPool-1 housekeeper] DEBUG [N/A] [N/A] com.zaxxer.hikari.pool.HikariPool - HikariPool-1 - After cleanup  stats (total=5, active=0, idle=5, waiting=0)
2026-03-24 19:47:01.948 [HikariPool-1 housekeeper] DEBUG [N/A] [N/A] com.zaxxer.hikari.pool.HikariPool - HikariPool-1 - Fill pool skipped, pool has sufficient level or currently being filled.
2026-03-24 19:47:31.950 [HikariPool-1 housekeeper] DEBUG [N/A] [N/A] com.zaxxer.hikari.pool.HikariPool - HikariPool-1 - Before cleanup stats (total=5, active=0, idle=5, waiting=0)
2026-03-24 19:47:31.952 [HikariPool-1 housekeeper] DEBUG [N/A] [N/A] com.zaxxer.hikari.pool.HikariPool - HikariPool-1 - After cleanup  stats (total=5, active=0, idle=5, waiting=0)
2026-03-24 19:47:31.953 [HikariPool-1 housekeeper] DEBUG [N/A] [N/A] com.zaxxer.hikari.pool.HikariPool - HikariPool-1 - Fill pool skipped, pool has sufficient level or currently being filled.
2026-03-24 19:48:01.958 [HikariPool-1 housekeeper] DEBUG [N/A] [N/A] com.zaxxer.hikari.pool.HikariPool - HikariPool-1 - Before cleanup stats (total=5, active=0, idle=5, waiting=0)
2026-03-24 19:48:01.959 [HikariPool-1 housekeeper] DEBUG [N/A] [N/A] com.zaxxer.hikari.pool.HikariPool - HikariPool-1 - After cleanup  stats (total=5, active=0, idle=5, waiting=0)
2026-03-24 19:48:01.960 [HikariPool-1 housekeeper] DEBUG [N/A] [N/A] com.zaxxer.hikari.pool.HikariPool - HikariPool-1 - Fill pool skipped, pool has sufficient level or currently being filled.
2026-03-24 19:48:31.963 [HikariPool-1 housekeeper] DEBUG [N/A] [N/A] com.zaxxer.hikari.pool.HikariPool - HikariPool-1 - Before cleanup stats (total=5, active=0, idle=5, waiting=0)
2026-03-24 19:48:31.965 [HikariPool-1 housekeeper] DEBUG [N/A] [N/A] com.zaxxer.hikari.pool.HikariPool - HikariPool-1 - After cleanup  stats (total=5, active=0, idle=5, waiting=0)
2026-03-24 19:48:31.965 [HikariPool-1 housekeeper] DEBUG [N/A] [N/A] com.zaxxer.hikari.pool.HikariPool - HikariPool-1 - Fill pool skipped, pool has sufficient level or currently being filled.
2026-03-24 19:49:01.970 [HikariPool-1 housekeeper] DEBUG [N/A] [N/A] com.zaxxer.hikari.pool.HikariPool - HikariPool-1 - Before cleanup stats (total=5, active=0, idle=5, waiting=0)
2026-03-24 19:49:01.972 [HikariPool-1 housekeeper] DEBUG [N/A] [N/A] com.zaxxer.hikari.pool.HikariPool - HikariPool-1 - After cleanup  stats (total=5, active=0, idle=5, waiting=0)
2026-03-24 19:49:01.973 [HikariPool-1 housekeeper] DEBUG [N/A] [N/A] com.zaxxer.hikari.pool.HikariPool - HikariPool-1 - Fill pool skipped, pool has sufficient level or currently being filled.
2026-03-24 19:49:31.977 [HikariPool-1 housekeeper] DEBUG [N/A] [N/A] com.zaxxer.hikari.pool.HikariPool - HikariPool-1 - Before cleanup stats (total=5, active=0, idle=5, waiting=0)
2026-03-24 19:49:31.978 [HikariPool-1 housekeeper] DEBUG [N/A] [N/A] com.zaxxer.hikari.pool.HikariPool - HikariPool-1 - After cleanup  stats (total=5, active=0, idle=5, waiting=0)
2026-03-24 19:49:31.979 [HikariPool-1 housekeeper] DEBUG [N/A] [N/A] com.zaxxer.hikari.pool.HikariPool - HikariPool-1 - Fill pool skipped, pool has sufficient level or currently being filled.
2026-03-24 19:50:02.019 [HikariPool-1 housekeeper] DEBUG [N/A] [N/A] com.zaxxer.hikari.pool.HikariPool - HikariPool-1 - Before cleanup stats (total=5, active=0, idle=5, waiting=0)
2026-03-24 19:50:02.021 [HikariPool-1 housekeeper] DEBUG [N/A] [N/A] com.zaxxer.hikari.pool.HikariPool - HikariPool-1 - After cleanup  stats (total=5, active=0, idle=5, waiting=0)
2026-03-24 19:50:02.021 [HikariPool-1 housekeeper] DEBUG [N/A] [N/A] com.zaxxer.hikari.pool.HikariPool - HikariPool-1 - Fill pool skipped, pool has sufficient level or currently being filled.
2026-03-24 19:50:32.027 [HikariPool-1 housekeeper] DEBUG [N/A] [N/A] com.zaxxer.hikari.pool.HikariPool - HikariPool-1 - Before cleanup stats (total=5, active=0, idle=5, waiting=0)
2026-03-24 19:50:32.028 [HikariPool-1 housekeeper] DEBUG [N/A] [N/A] com.zaxxer.hikari.pool.HikariPool - HikariPool-1 - After cleanup  stats (total=5, active=0, idle=5, waiting=0)
2026-03-24 19:50:32.028 [HikariPool-1 housekeeper] DEBUG [N/A] [N/A] com.zaxxer.hikari.pool.HikariPool - HikariPool-1 - Fill pool skipped, pool has sufficient level or currently being filled.
2026-03-24 19:51:02.034 [HikariPool-1 housekeeper] DEBUG [N/A] [N/A] com.zaxxer.hikari.pool.HikariPool - HikariPool-1 - Before cleanup stats (total=5, active=0, idle=5, waiting=0)
2026-03-24 19:51:02.036 [HikariPool-1 housekeeper] DEBUG [N/A] [N/A] com.zaxxer.hikari.pool.HikariPool - HikariPool-1 - After cleanup  stats (total=5, active=0, idle=5, waiting=0)
2026-03-24 19:51:02.036 [HikariPool-1 housekeeper] DEBUG [N/A] [N/A] com.zaxxer.hikari.pool.HikariPool - HikariPool-1 - Fill pool skipped, pool has sufficient level or currently being filled.
2026-03-24 19:51:32.039 [HikariPool-1 housekeeper] DEBUG [N/A] [N/A] com.zaxxer.hikari.pool.HikariPool - HikariPool-1 - Before cleanup stats (total=5, active=0, idle=5, waiting=0)
2026-03-24 19:51:32.039 [HikariPool-1 housekeeper] DEBUG [N/A] [N/A] com.zaxxer.hikari.pool.HikariPool - HikariPool-1 - After cleanup  stats (total=5, active=0, idle=5, waiting=0)
2026-03-24 19:51:32.039 [HikariPool-1 housekeeper] DEBUG [N/A] [N/A] com.zaxxer.hikari.pool.HikariPool - HikariPool-1 - Fill pool skipped, pool has sufficient level or currently being filled.
2026-03-24 19:51:43.388 [HikariPool-1 connection closer] DEBUG [N/A] [N/A] com.zaxxer.hikari.pool.PoolBase - HikariPool-1 - Closing connection org.postgresql.jdbc.PgConnection@6f05f5ce: (connection has passed maxLifetime)
2026-03-24 19:51:43.774 [HikariPool-1 connection adder] DEBUG [N/A] [N/A] com.zaxxer.hikari.pool.HikariPool - HikariPool-1 - Added connection org.postgresql.jdbc.PgConnection@33b9ee9c
2026-03-24 19:51:43.808 [HikariPool-1 connection adder] DEBUG [N/A] [N/A] com.zaxxer.hikari.pool.HikariPool - HikariPool-1 - Connection not added, stats (total=5, active=0, idle=5, waiting=0)
2026-03-24 19:52:02.043 [HikariPool-1 housekeeper] DEBUG [N/A] [N/A] com.zaxxer.hikari.pool.HikariPool - HikariPool-1 - Before cleanup stats (total=5, active=0, idle=5, waiting=0)
2026-03-24 19:52:02.045 [HikariPool-1 housekeeper] DEBUG [N/A] [N/A] com.zaxxer.hikari.pool.HikariPool - HikariPool-1 - After cleanup  stats (total=5, active=0, idle=5, waiting=0)
2026-03-24 19:52:02.045 [HikariPool-1 housekeeper] DEBUG [N/A] [N/A] com.zaxxer.hikari.pool.HikariPool - HikariPool-1 - Fill pool skipped, pool has sufficient level or currently being filled.
2026-03-24 19:52:32.050 [HikariPool-1 housekeeper] DEBUG [N/A] [N/A] com.zaxxer.hikari.pool.HikariPool - HikariPool-1 - Before cleanup stats (total=5, active=0, idle=5, waiting=0)
2026-03-24 19:52:32.051 [HikariPool-1 housekeeper] DEBUG [N/A] [N/A] com.zaxxer.hikari.pool.HikariPool - HikariPool-1 - After cleanup  stats (total=5, active=0, idle=5, waiting=0)
2026-03-24 19:52:32.051 [HikariPool-1 housekeeper] DEBUG [N/A] [N/A] com.zaxxer.hikari.pool.HikariPool - HikariPool-1 - Fill pool skipped, pool has sufficient level or currently being filled.
2026-03-24 19:53:02.054 [HikariPool-1 housekeeper] DEBUG [N/A] [N/A] com.zaxxer.hikari.pool.HikariPool - HikariPool-1 - Before cleanup stats (total=5, active=0, idle=5, waiting=0)
2026-03-24 19:53:02.054 [HikariPool-1 housekeeper] DEBUG [N/A] [N/A] com.zaxxer.hikari.pool.HikariPool - HikariPool-1 - After cleanup  stats (total=5, active=0, idle=5, waiting=0)
2026-03-24 19:53:02.054 [HikariPool-1 housekeeper] DEBUG [N/A] [N/A] com.zaxxer.hikari.pool.HikariPool - HikariPool-1 - Fill pool skipped, pool has sufficient level or currently being filled.
2026-03-24 19:53:05.034 [HikariPool-1 connection closer] DEBUG [N/A] [N/A] com.zaxxer.hikari.pool.PoolBase - HikariPool-1 - Closing connection org.postgresql.jdbc.PgConnection@59a2df1d: (connection has passed maxLifetime)
2026-03-24 19:53:05.264 [HikariPool-1 connection adder] DEBUG [N/A] [N/A] com.zaxxer.hikari.pool.HikariPool - HikariPool-1 - Added connection org.postgresql.jdbc.PgConnection@3c0a510c
2026-03-24 19:53:05.298 [HikariPool-1 connection adder] DEBUG [N/A] [N/A] com.zaxxer.hikari.pool.HikariPool - HikariPool-1 - Connection not added, stats (total=5, active=0, idle=5, waiting=0)
2026-03-24 19:53:25.140 [HikariPool-1 connection closer] DEBUG [N/A] [N/A] com.zaxxer.hikari.pool.PoolBase - HikariPool-1 - Closing connection org.postgresql.jdbc.PgConnection@36e23703: (connection has passed maxLifetime)
2026-03-24 19:53:25.431 [HikariPool-1 connection adder] DEBUG [N/A] [N/A] com.zaxxer.hikari.pool.HikariPool - HikariPool-1 - Added connection org.postgresql.jdbc.PgConnection@5699839f
2026-03-24 19:53:25.462 [HikariPool-1 connection adder] DEBUG [N/A] [N/A] com.zaxxer.hikari.pool.HikariPool - HikariPool-1 - Connection not added, stats (total=5, active=0, idle=5, waiting=0)
2026-03-24 19:53:32.053 [HikariPool-1 connection closer] DEBUG [N/A] [N/A] com.zaxxer.hikari.pool.PoolBase - HikariPool-1 - Closing connection org.postgresql.jdbc.PgConnection@7bc342af: (connection has passed maxLifetime)
2026-03-24 19:53:32.055 [HikariPool-1 housekeeper] DEBUG [N/A] [N/A] com.zaxxer.hikari.pool.HikariPool - HikariPool-1 - Before cleanup stats (total=4, active=0, idle=4, waiting=0)
2026-03-24 19:53:32.056 [HikariPool-1 housekeeper] DEBUG [N/A] [N/A] com.zaxxer.hikari.pool.HikariPool - HikariPool-1 - After cleanup  stats (total=4, active=0, idle=4, waiting=0)
2026-03-24 19:53:32.283 [HikariPool-1 connection adder] DEBUG [N/A] [N/A] com.zaxxer.hikari.pool.HikariPool - HikariPool-1 - Added connection org.postgresql.jdbc.PgConnection@717f662b
2026-03-24 19:53:32.318 [HikariPool-1 connection adder] DEBUG [N/A] [N/A] com.zaxxer.hikari.pool.HikariPool - HikariPool-1 - Connection not added, stats (total=5, active=0, idle=5, waiting=0)
2026-03-24 19:53:32.319 [HikariPool-1 connection adder] DEBUG [N/A] [N/A] com.zaxxer.hikari.pool.HikariPool - HikariPool-1 - Connection not added, stats (total=5, active=0, idle=5, waiting=0)
2026-03-24 19:53:49.448 [HikariPool-1 connection closer] DEBUG [N/A] [N/A] com.zaxxer.hikari.pool.PoolBase - HikariPool-1 - Closing connection org.postgresql.jdbc.PgConnection@2d5359d9: (connection has passed maxLifetime)
2026-03-24 19:53:49.917 [HikariPool-1 connection adder] DEBUG [N/A] [N/A] com.zaxxer.hikari.pool.HikariPool - HikariPool-1 - Added connection org.postgresql.jdbc.PgConnection@764568e8
2026-03-24 19:53:49.950 [HikariPool-1 connection adder] DEBUG [N/A] [N/A] com.zaxxer.hikari.pool.HikariPool - HikariPool-1 - Connection not added, stats (total=5, active=0, idle=5, waiting=0)
2026-03-24 19:54:02.063 [HikariPool-1 housekeeper] DEBUG [N/A] [N/A] com.zaxxer.hikari.pool.HikariPool - HikariPool-1 - Before cleanup stats (total=5, active=0, idle=5, waiting=0)
2026-03-24 19:54:02.064 [HikariPool-1 housekeeper] DEBUG [N/A] [N/A] com.zaxxer.hikari.pool.HikariPool - HikariPool-1 - After cleanup  stats (total=5, active=0, idle=5, waiting=0)
2026-03-24 19:54:02.064 [HikariPool-1 housekeeper] DEBUG [N/A] [N/A] com.zaxxer.hikari.pool.HikariPool - HikariPool-1 - Fill pool skipped, pool has sufficient level or currently being filled.
2026-03-24 19:54:32.069 [HikariPool-1 housekeeper] DEBUG [N/A] [N/A] com.zaxxer.hikari.pool.HikariPool - HikariPool-1 - Before cleanup stats (total=5, active=0, idle=5, waiting=0)
2026-03-24 19:54:32.070 [HikariPool-1 housekeeper] DEBUG [N/A] [N/A] com.zaxxer.hikari.pool.HikariPool - HikariPool-1 - After cleanup  stats (total=5, active=0, idle=5, waiting=0)
2026-03-24 19:54:32.072 [HikariPool-1 housekeeper] DEBUG [N/A] [N/A] com.zaxxer.hikari.pool.HikariPool - HikariPool-1 - Fill pool skipped, pool has sufficient level or currently being filled.
2026-03-24 19:55:02.077 [HikariPool-1 housekeeper] DEBUG [N/A] [N/A] com.zaxxer.hikari.pool.HikariPool - HikariPool-1 - Before cleanup stats (total=5, active=0, idle=5, waiting=0)
2026-03-24 19:55:02.095 [HikariPool-1 housekeeper] DEBUG [N/A] [N/A] com.zaxxer.hikari.pool.HikariPool - HikariPool-1 - After cleanup  stats (total=5, active=0, idle=5, waiting=0)
2026-03-24 19:55:02.096 [HikariPool-1 housekeeper] DEBUG [N/A] [N/A] com.zaxxer.hikari.pool.HikariPool - HikariPool-1 - Fill pool skipped, pool has sufficient level or currently being filled.
2026-03-24 19:55:32.102 [HikariPool-1 housekeeper] DEBUG [N/A] [N/A] com.zaxxer.hikari.pool.HikariPool - HikariPool-1 - Before cleanup stats (total=5, active=0, idle=5, waiting=0)
2026-03-24 19:55:32.104 [HikariPool-1 housekeeper] DEBUG [N/A] [N/A] com.zaxxer.hikari.pool.HikariPool - HikariPool-1 - After cleanup  stats (total=5, active=0, idle=5, waiting=0)
2026-03-24 19:55:32.105 [HikariPool-1 housekeeper] DEBUG [N/A] [N/A] com.zaxxer.hikari.pool.HikariPool - HikariPool-1 - Fill pool skipped, pool has sufficient level or currently being filled.
2026-03-24 19:56:02.110 [HikariPool-1 housekeeper] DEBUG [N/A] [N/A] com.zaxxer.hikari.pool.HikariPool - HikariPool-1 - Before cleanup stats (total=5, active=0, idle=5, waiting=0)
2026-03-24 19:56:02.111 [HikariPool-1 housekeeper] DEBUG [N/A] [N/A] com.zaxxer.hikari.pool.HikariPool - HikariPool-1 - After cleanup  stats (total=5, active=0, idle=5, waiting=0)
2026-03-24 19:56:02.112 [HikariPool-1 housekeeper] DEBUG [N/A] [N/A] com.zaxxer.hikari.pool.HikariPool - HikariPool-1 - Fill pool skipped, pool has sufficient level or currently being filled.
2026-03-24 19:56:32.116 [HikariPool-1 housekeeper] DEBUG [N/A] [N/A] com.zaxxer.hikari.pool.HikariPool - HikariPool-1 - Before cleanup stats (total=5, active=0, idle=5, waiting=0)
2026-03-24 19:56:32.118 [HikariPool-1 housekeeper] DEBUG [N/A] [N/A] com.zaxxer.hikari.pool.HikariPool - HikariPool-1 - After cleanup  stats (total=5, active=0, idle=5, waiting=0)
2026-03-24 19:56:32.118 [HikariPool-1 housekeeper] DEBUG [N/A] [N/A] com.zaxxer.hikari.pool.HikariPool - HikariPool-1 - Fill pool skipped, pool has sufficient level or currently being filled.
2026-03-24 19:57:02.123 [HikariPool-1 housekeeper] DEBUG [N/A] [N/A] com.zaxxer.hikari.pool.HikariPool - HikariPool-1 - Before cleanup stats (total=5, active=0, idle=5, waiting=0)
2026-03-24 19:57:02.125 [HikariPool-1 housekeeper] DEBUG [N/A] [N/A] com.zaxxer.hikari.pool.HikariPool - HikariPool-1 - After cleanup  stats (total=5, active=0, idle=5, waiting=0)
2026-03-24 19:57:02.127 [HikariPool-1 housekeeper] DEBUG [N/A] [N/A] com.zaxxer.hikari.pool.HikariPool - HikariPool-1 - Fill pool skipped, pool has sufficient level or currently being filled.
2026-03-24 19:57:32.130 [HikariPool-1 housekeeper] DEBUG [N/A] [N/A] com.zaxxer.hikari.pool.HikariPool - HikariPool-1 - Before cleanup stats (total=5, active=0, idle=5, waiting=0)
2026-03-24 19:57:32.132 [HikariPool-1 housekeeper] DEBUG [N/A] [N/A] com.zaxxer.hikari.pool.HikariPool - HikariPool-1 - After cleanup  stats (total=5, active=0, idle=5, waiting=0)
2026-03-24 19:57:32.132 [HikariPool-1 housekeeper] DEBUG [N/A] [N/A] com.zaxxer.hikari.pool.HikariPool - HikariPool-1 - Fill pool skipped, pool has sufficient level or currently being filled.
2026-03-24 19:58:02.137 [HikariPool-1 housekeeper] DEBUG [N/A] [N/A] com.zaxxer.hikari.pool.HikariPool - HikariPool-1 - Before cleanup stats (total=5, active=0, idle=5, waiting=0)
2026-03-24 19:58:02.140 [HikariPool-1 housekeeper] DEBUG [N/A] [N/A] com.zaxxer.hikari.pool.HikariPool - HikariPool-1 - After cleanup  stats (total=5, active=0, idle=5, waiting=0)
2026-03-24 19:58:02.140 [HikariPool-1 housekeeper] DEBUG [N/A] [N/A] com.zaxxer.hikari.pool.HikariPool - HikariPool-1 - Fill pool skipped, pool has sufficient level or currently being filled.
2026-03-24 19:58:32.143 [HikariPool-1 housekeeper] DEBUG [N/A] [N/A] com.zaxxer.hikari.pool.HikariPool - HikariPool-1 - Before cleanup stats (total=5, active=0, idle=5, waiting=0)
2026-03-24 19:58:32.145 [HikariPool-1 housekeeper] DEBUG [N/A] [N/A] com.zaxxer.hikari.pool.HikariPool - HikariPool-1 - After cleanup  stats (total=5, active=0, idle=5, waiting=0)
2026-03-24 19:58:32.147 [HikariPool-1 housekeeper] DEBUG [N/A] [N/A] com.zaxxer.hikari.pool.HikariPool - HikariPool-1 - Fill pool skipped, pool has sufficient level or currently being filled.
2026-03-24 19:59:02.151 [HikariPool-1 housekeeper] DEBUG [N/A] [N/A] com.zaxxer.hikari.pool.HikariPool - HikariPool-1 - Before cleanup stats (total=5, active=0, idle=5, waiting=0)
2026-03-24 19:59:02.154 [HikariPool-1 housekeeper] DEBUG [N/A] [N/A] com.zaxxer.hikari.pool.HikariPool - HikariPool-1 - After cleanup  stats (total=5, active=0, idle=5, waiting=0)
2026-03-24 19:59:02.154 [HikariPool-1 housekeeper] DEBUG [N/A] [N/A] com.zaxxer.hikari.pool.HikariPool - HikariPool-1 - Fill pool skipped, pool has sufficient level or currently being filled.
2026-03-24 19:59:32.159 [HikariPool-1 housekeeper] DEBUG [N/A] [N/A] com.zaxxer.hikari.pool.HikariPool - HikariPool-1 - Before cleanup stats (total=5, active=0, idle=5, waiting=0)
2026-03-24 19:59:32.161 [HikariPool-1 housekeeper] DEBUG [N/A] [N/A] com.zaxxer.hikari.pool.HikariPool - HikariPool-1 - After cleanup  stats (total=5, active=0, idle=5, waiting=0)
2026-03-24 19:59:32.161 [HikariPool-1 housekeeper] DEBUG [N/A] [N/A] com.zaxxer.hikari.pool.HikariPool - HikariPool-1 - Fill pool skipped, pool has sufficient level or currently being filled.
2026-03-24 20:00:02.166 [HikariPool-1 housekeeper] DEBUG [N/A] [N/A] com.zaxxer.hikari.pool.HikariPool - HikariPool-1 - Before cleanup stats (total=5, active=0, idle=5, waiting=0)
2026-03-24 20:00:02.166 [HikariPool-1 housekeeper] DEBUG [N/A] [N/A] com.zaxxer.hikari.pool.HikariPool - HikariPool-1 - After cleanup  stats (total=5, active=0, idle=5, waiting=0)
2026-03-24 20:00:02.166 [HikariPool-1 housekeeper] DEBUG [N/A] [N/A] com.zaxxer.hikari.pool.HikariPool - HikariPool-1 - Fill pool skipped, pool has sufficient level or currently being filled.
2026-03-24 20:00:32.168 [HikariPool-1 housekeeper] DEBUG [N/A] [N/A] com.zaxxer.hikari.pool.HikariPool - HikariPool-1 - Before cleanup stats (total=5, active=0, idle=5, waiting=0)
2026-03-24 20:00:32.169 [HikariPool-1 housekeeper] DEBUG [N/A] [N/A] com.zaxxer.hikari.pool.HikariPool - HikariPool-1 - After cleanup  stats (total=5, active=0, idle=5, waiting=0)
2026-03-24 20:00:32.169 [HikariPool-1 housekeeper] DEBUG [N/A] [N/A] com.zaxxer.hikari.pool.HikariPool - HikariPool-1 - Fill pool skipped, pool has sufficient level or currently being filled.
2026-03-24 20:01:02.172 [HikariPool-1 housekeeper] DEBUG [N/A] [N/A] com.zaxxer.hikari.pool.HikariPool - HikariPool-1 - Before cleanup stats (total=5, active=0, idle=5, waiting=0)
2026-03-24 20:01:02.172 [HikariPool-1 housekeeper] DEBUG [N/A] [N/A] com.zaxxer.hikari.pool.HikariPool - HikariPool-1 - After cleanup  stats (total=5, active=0, idle=5, waiting=0)
2026-03-24 20:01:02.172 [HikariPool-1 housekeeper] DEBUG [N/A] [N/A] com.zaxxer.hikari.pool.HikariPool - HikariPool-1 - Fill pool skipped, pool has sufficient level or currently being filled.
2026-03-24 20:01:32.178 [HikariPool-1 housekeeper] DEBUG [N/A] [N/A] com.zaxxer.hikari.pool.HikariPool - HikariPool-1 - Before cleanup stats (total=5, active=0, idle=5, waiting=0)
2026-03-24 20:01:32.178 [HikariPool-1 housekeeper] DEBUG [N/A] [N/A] com.zaxxer.hikari.pool.HikariPool - HikariPool-1 - After cleanup  stats (total=5, active=0, idle=5, waiting=0)
2026-03-24 20:01:32.178 [HikariPool-1 housekeeper] DEBUG [N/A] [N/A] com.zaxxer.hikari.pool.HikariPool - HikariPool-1 - Fill pool skipped, pool has sufficient level or currently being filled.
2026-03-24 20:02:02.183 [HikariPool-1 housekeeper] DEBUG [N/A] [N/A] com.zaxxer.hikari.pool.HikariPool - HikariPool-1 - Before cleanup stats (total=5, active=0, idle=5, waiting=0)
2026-03-24 20:02:02.184 [HikariPool-1 housekeeper] DEBUG [N/A] [N/A] com.zaxxer.hikari.pool.HikariPool - HikariPool-1 - After cleanup  stats (total=5, active=0, idle=5, waiting=0)
2026-03-24 20:02:02.185 [HikariPool-1 housekeeper] DEBUG [N/A] [N/A] com.zaxxer.hikari.pool.HikariPool - HikariPool-1 - Fill pool skipped, pool has sufficient level or currently being filled.
2026-03-24 20:02:32.189 [HikariPool-1 housekeeper] DEBUG [N/A] [N/A] com.zaxxer.hikari.pool.HikariPool - HikariPool-1 - Before cleanup stats (total=5, active=0, idle=5, waiting=0)
2026-03-24 20:02:32.189 [HikariPool-1 housekeeper] DEBUG [N/A] [N/A] com.zaxxer.hikari.pool.HikariPool - HikariPool-1 - After cleanup  stats (total=5, active=0, idle=5, waiting=0)
2026-03-24 20:02:32.189 [HikariPool-1 housekeeper] DEBUG [N/A] [N/A] com.zaxxer.hikari.pool.HikariPool - HikariPool-1 - Fill pool skipped, pool has sufficient level or currently being filled.
2026-03-24 20:03:02.195 [HikariPool-1 housekeeper] DEBUG [N/A] [N/A] com.zaxxer.hikari.pool.HikariPool - HikariPool-1 - Before cleanup stats (total=5, active=0, idle=5, waiting=0)
2026-03-24 20:03:02.195 [HikariPool-1 housekeeper] DEBUG [N/A] [N/A] com.zaxxer.hikari.pool.HikariPool - HikariPool-1 - After cleanup  stats (total=5, active=0, idle=5, waiting=0)
2026-03-24 20:03:02.195 [HikariPool-1 housekeeper] DEBUG [N/A] [N/A] com.zaxxer.hikari.pool.HikariPool - HikariPool-1 - Fill pool skipped, pool has sufficient level or currently being filled.
2026-03-24 20:03:32.200 [HikariPool-1 housekeeper] DEBUG [N/A] [N/A] com.zaxxer.hikari.pool.HikariPool - HikariPool-1 - Before cleanup stats (total=5, active=0, idle=5, waiting=0)
2026-03-24 20:03:32.201 [HikariPool-1 housekeeper] DEBUG [N/A] [N/A] com.zaxxer.hikari.pool.HikariPool - HikariPool-1 - After cleanup  stats (total=5, active=0, idle=5, waiting=0)
2026-03-24 20:03:32.201 [HikariPool-1 housekeeper] DEBUG [N/A] [N/A] com.zaxxer.hikari.pool.HikariPool - HikariPool-1 - Fill pool skipped, pool has sufficient level or currently being filled.
2026-03-24 20:04:02.206 [HikariPool-1 housekeeper] DEBUG [N/A] [N/A] com.zaxxer.hikari.pool.HikariPool - HikariPool-1 - Before cleanup stats (total=5, active=0, idle=5, waiting=0)
2026-03-24 20:04:02.209 [HikariPool-1 housekeeper] DEBUG [N/A] [N/A] com.zaxxer.hikari.pool.HikariPool - HikariPool-1 - After cleanup  stats (total=5, active=0, idle=5, waiting=0)
2026-03-24 20:04:02.209 [HikariPool-1 housekeeper] DEBUG [N/A] [N/A] com.zaxxer.hikari.pool.HikariPool - HikariPool-1 - Fill pool skipped, pool has sufficient level or currently being filled.
2026-03-24 20:04:32.211 [HikariPool-1 housekeeper] DEBUG [N/A] [N/A] com.zaxxer.hikari.pool.HikariPool - HikariPool-1 - Before cleanup stats (total=5, active=0, idle=5, waiting=0)
2026-03-24 20:04:32.213 [HikariPool-1 housekeeper] DEBUG [N/A] [N/A] com.zaxxer.hikari.pool.HikariPool - HikariPool-1 - After cleanup  stats (total=5, active=0, idle=5, waiting=0)
2026-03-24 20:04:32.213 [HikariPool-1 housekeeper] DEBUG [N/A] [N/A] com.zaxxer.hikari.pool.HikariPool - HikariPool-1 - Fill pool skipped, pool has sufficient level or currently being filled.
2026-03-24 20:05:02.219 [HikariPool-1 housekeeper] DEBUG [N/A] [N/A] com.zaxxer.hikari.pool.HikariPool - HikariPool-1 - Before cleanup stats (total=5, active=0, idle=5, waiting=0)
2026-03-24 20:05:02.219 [HikariPool-1 housekeeper] DEBUG [N/A] [N/A] com.zaxxer.hikari.pool.HikariPool - HikariPool-1 - After cleanup  stats (total=5, active=0, idle=5, waiting=0)
2026-03-24 20:05:02.219 [HikariPool-1 housekeeper] DEBUG [N/A] [N/A] com.zaxxer.hikari.pool.HikariPool - HikariPool-1 - Fill pool skipped, pool has sufficient level or currently being filled.
2026-03-24 20:05:32.221 [HikariPool-1 housekeeper] DEBUG [N/A] [N/A] com.zaxxer.hikari.pool.HikariPool - HikariPool-1 - Before cleanup stats (total=5, active=0, idle=5, waiting=0)
2026-03-24 20:05:32.221 [HikariPool-1 housekeeper] DEBUG [N/A] [N/A] com.zaxxer.hikari.pool.HikariPool - HikariPool-1 - After cleanup  stats (total=5, active=0, idle=5, waiting=0)
2026-03-24 20:05:32.221 [HikariPool-1 housekeeper] DEBUG [N/A] [N/A] com.zaxxer.hikari.pool.HikariPool - HikariPool-1 - Fill pool skipped, pool has sufficient level or currently being filled.
2026-03-24 20:06:02.226 [HikariPool-1 housekeeper] DEBUG [N/A] [N/A] com.zaxxer.hikari.pool.HikariPool - HikariPool-1 - Before cleanup stats (total=5, active=0, idle=5, waiting=0)
2026-03-24 20:06:02.228 [HikariPool-1 housekeeper] DEBUG [N/A] [N/A] com.zaxxer.hikari.pool.HikariPool - HikariPool-1 - After cleanup  stats (total=5, active=0, idle=5, waiting=0)
2026-03-24 20:06:02.228 [HikariPool-1 housekeeper] DEBUG [N/A] [N/A] com.zaxxer.hikari.pool.HikariPool - HikariPool-1 - Fill pool skipped, pool has sufficient level or currently being filled.
2026-03-24 20:06:32.233 [HikariPool-1 housekeeper] DEBUG [N/A] [N/A] com.zaxxer.hikari.pool.HikariPool - HikariPool-1 - Before cleanup stats (total=5, active=0, idle=5, waiting=0)
2026-03-24 20:06:32.235 [HikariPool-1 housekeeper] DEBUG [N/A] [N/A] com.zaxxer.hikari.pool.HikariPool - HikariPool-1 - After cleanup  stats (total=5, active=0, idle=5, waiting=0)
2026-03-24 20:06:32.235 [HikariPool-1 housekeeper] DEBUG [N/A] [N/A] com.zaxxer.hikari.pool.HikariPool - HikariPool-1 - Fill pool skipped, pool has sufficient level or currently being filled.
2026-03-24 20:07:02.240 [HikariPool-1 housekeeper] DEBUG [N/A] [N/A] com.zaxxer.hikari.pool.HikariPool - HikariPool-1 - Before cleanup stats (total=5, active=0, idle=5, waiting=0)
2026-03-24 20:07:02.242 [HikariPool-1 housekeeper] DEBUG [N/A] [N/A] com.zaxxer.hikari.pool.HikariPool - HikariPool-1 - After cleanup  stats (total=5, active=0, idle=5, waiting=0)
2026-03-24 20:07:02.242 [HikariPool-1 housekeeper] DEBUG [N/A] [N/A] com.zaxxer.hikari.pool.HikariPool - HikariPool-1 - Fill pool skipped, pool has sufficient level or currently being filled.
2026-03-24 20:07:32.247 [HikariPool-1 housekeeper] DEBUG [N/A] [N/A] com.zaxxer.hikari.pool.HikariPool - HikariPool-1 - Before cleanup stats (total=5, active=0, idle=5, waiting=0)
2026-03-24 20:07:32.247 [HikariPool-1 housekeeper] DEBUG [N/A] [N/A] com.zaxxer.hikari.pool.HikariPool - HikariPool-1 - After cleanup  stats (total=5, active=0, idle=5, waiting=0)
2026-03-24 20:07:32.247 [HikariPool-1 housekeeper] DEBUG [N/A] [N/A] com.zaxxer.hikari.pool.HikariPool - HikariPool-1 - Fill pool skipped, pool has sufficient level or currently being filled.
2026-03-24 20:08:02.252 [HikariPool-1 housekeeper] DEBUG [N/A] [N/A] com.zaxxer.hikari.pool.HikariPool - HikariPool-1 - Before cleanup stats (total=5, active=0, idle=5, waiting=0)
2026-03-24 20:08:02.253 [HikariPool-1 housekeeper] DEBUG [N/A] [N/A] com.zaxxer.hikari.pool.HikariPool - HikariPool-1 - After cleanup  stats (total=5, active=0, idle=5, waiting=0)
2026-03-24 20:08:02.254 [HikariPool-1 housekeeper] DEBUG [N/A] [N/A] com.zaxxer.hikari.pool.HikariPool - HikariPool-1 - Fill pool skipped, pool has sufficient level or currently being filled.
2026-03-24 20:08:32.259 [HikariPool-1 housekeeper] DEBUG [N/A] [N/A] com.zaxxer.hikari.pool.HikariPool - HikariPool-1 - Before cleanup stats (total=5, active=0, idle=5, waiting=0)
2026-03-24 20:08:32.262 [HikariPool-1 housekeeper] DEBUG [N/A] [N/A] com.zaxxer.hikari.pool.HikariPool - HikariPool-1 - After cleanup  stats (total=5, active=0, idle=5, waiting=0)
2026-03-24 20:08:32.262 [HikariPool-1 housekeeper] DEBUG [N/A] [N/A] com.zaxxer.hikari.pool.HikariPool - HikariPool-1 - Fill pool skipped, pool has sufficient level or currently being filled.
2026-03-24 20:09:02.269 [HikariPool-1 housekeeper] DEBUG [N/A] [N/A] com.zaxxer.hikari.pool.HikariPool - HikariPool-1 - Before cleanup stats (total=5, active=0, idle=5, waiting=0)
2026-03-24 20:09:02.269 [HikariPool-1 housekeeper] DEBUG [N/A] [N/A] com.zaxxer.hikari.pool.HikariPool - HikariPool-1 - After cleanup  stats (total=5, active=0, idle=5, waiting=0)
2026-03-24 20:09:02.269 [HikariPool-1 housekeeper] DEBUG [N/A] [N/A] com.zaxxer.hikari.pool.HikariPool - HikariPool-1 - Fill pool skipped, pool has sufficient level or currently being filled.
2026-03-24 20:09:32.272 [HikariPool-1 housekeeper] DEBUG [N/A] [N/A] com.zaxxer.hikari.pool.HikariPool - HikariPool-1 - Before cleanup stats (total=5, active=0, idle=5, waiting=0)
2026-03-24 20:09:32.273 [HikariPool-1 housekeeper] DEBUG [N/A] [N/A] com.zaxxer.hikari.pool.HikariPool - HikariPool-1 - After cleanup  stats (total=5, active=0, idle=5, waiting=0)
2026-03-24 20:09:32.273 [HikariPool-1 housekeeper] DEBUG [N/A] [N/A] com.zaxxer.hikari.pool.HikariPool - HikariPool-1 - Fill pool skipped, pool has sufficient level or currently being filled.
2026-03-24 20:10:02.279 [HikariPool-1 housekeeper] DEBUG [N/A] [N/A] com.zaxxer.hikari.pool.HikariPool - HikariPool-1 - Before cleanup stats (total=5, active=0, idle=5, waiting=0)
2026-03-24 20:10:02.281 [HikariPool-1 housekeeper] DEBUG [N/A] [N/A] com.zaxxer.hikari.pool.HikariPool - HikariPool-1 - After cleanup  stats (total=5, active=0, idle=5, waiting=0)
2026-03-24 20:10:02.281 [HikariPool-1 housekeeper] DEBUG [N/A] [N/A] com.zaxxer.hikari.pool.HikariPool - HikariPool-1 - Fill pool skipped, pool has sufficient level or currently being filled.
2026-03-24 20:10:32.285 [HikariPool-1 housekeeper] DEBUG [N/A] [N/A] com.zaxxer.hikari.pool.HikariPool - HikariPool-1 - Before cleanup stats (total=5, active=0, idle=5, waiting=0)
2026-03-24 20:10:32.287 [HikariPool-1 housekeeper] DEBUG [N/A] [N/A] com.zaxxer.hikari.pool.HikariPool - HikariPool-1 - After cleanup  stats (total=5, active=0, idle=5, waiting=0)
2026-03-24 20:10:32.289 [HikariPool-1 housekeeper] DEBUG [N/A] [N/A] com.zaxxer.hikari.pool.HikariPool - HikariPool-1 - Fill pool skipped, pool has sufficient level or currently being filled.
2026-03-24 20:11:02.295 [HikariPool-1 housekeeper] DEBUG [N/A] [N/A] com.zaxxer.hikari.pool.HikariPool - HikariPool-1 - Before cleanup stats (total=5, active=0, idle=5, waiting=0)
2026-03-24 20:11:02.295 [HikariPool-1 housekeeper] DEBUG [N/A] [N/A] com.zaxxer.hikari.pool.HikariPool - HikariPool-1 - After cleanup  stats (total=5, active=0, idle=5, waiting=0)
2026-03-24 20:11:02.295 [HikariPool-1 housekeeper] DEBUG [N/A] [N/A] com.zaxxer.hikari.pool.HikariPool - HikariPool-1 - Fill pool skipped, pool has sufficient level or currently being filled.
2026-03-24 20:11:32.300 [HikariPool-1 housekeeper] DEBUG [N/A] [N/A] com.zaxxer.hikari.pool.HikariPool - HikariPool-1 - Before cleanup stats (total=5, active=0, idle=5, waiting=0)
2026-03-24 20:11:32.303 [HikariPool-1 housekeeper] DEBUG [N/A] [N/A] com.zaxxer.hikari.pool.HikariPool - HikariPool-1 - After cleanup  stats (total=5, active=0, idle=5, waiting=0)
2026-03-24 20:11:32.303 [HikariPool-1 housekeeper] DEBUG [N/A] [N/A] com.zaxxer.hikari.pool.HikariPool - HikariPool-1 - Fill pool skipped, pool has sufficient level or currently being filled.
2026-03-24 20:12:02.308 [HikariPool-1 housekeeper] DEBUG [N/A] [N/A] com.zaxxer.hikari.pool.HikariPool - HikariPool-1 - Before cleanup stats (total=5, active=0, idle=5, waiting=0)
2026-03-24 20:12:02.309 [HikariPool-1 housekeeper] DEBUG [N/A] [N/A] com.zaxxer.hikari.pool.HikariPool - HikariPool-1 - After cleanup  stats (total=5, active=0, idle=5, waiting=0)
2026-03-24 20:12:02.309 [HikariPool-1 housekeeper] DEBUG [N/A] [N/A] com.zaxxer.hikari.pool.HikariPool - HikariPool-1 - Fill pool skipped, pool has sufficient level or currently being filled.
2026-03-24 20:12:32.312 [HikariPool-1 housekeeper] DEBUG [N/A] [N/A] com.zaxxer.hikari.pool.HikariPool - HikariPool-1 - Before cleanup stats (total=5, active=0, idle=5, waiting=0)
2026-03-24 20:12:32.315 [HikariPool-1 housekeeper] DEBUG [N/A] [N/A] com.zaxxer.hikari.pool.HikariPool - HikariPool-1 - After cleanup  stats (total=5, active=0, idle=5, waiting=0)
2026-03-24 20:12:32.315 [HikariPool-1 housekeeper] DEBUG [N/A] [N/A] com.zaxxer.hikari.pool.HikariPool - HikariPool-1 - Fill pool skipped, pool has sufficient level or currently being filled.
2026-03-24 20:13:02.318 [HikariPool-1 housekeeper] DEBUG [N/A] [N/A] com.zaxxer.hikari.pool.HikariPool - HikariPool-1 - Before cleanup stats (total=5, active=0, idle=5, waiting=0)
2026-03-24 20:13:02.321 [HikariPool-1 housekeeper] DEBUG [N/A] [N/A] com.zaxxer.hikari.pool.HikariPool - HikariPool-1 - After cleanup  stats (total=5, active=0, idle=5, waiting=0)
2026-03-24 20:13:02.322 [HikariPool-1 housekeeper] DEBUG [N/A] [N/A] com.zaxxer.hikari.pool.HikariPool - HikariPool-1 - Fill pool skipped, pool has sufficient level or currently being filled.
2026-03-24 20:13:32.325 [HikariPool-1 housekeeper] DEBUG [N/A] [N/A] com.zaxxer.hikari.pool.HikariPool - HikariPool-1 - Before cleanup stats (total=5, active=0, idle=5, waiting=0)
2026-03-24 20:13:32.326 [HikariPool-1 housekeeper] DEBUG [N/A] [N/A] com.zaxxer.hikari.pool.HikariPool - HikariPool-1 - After cleanup  stats (total=5, active=0, idle=5, waiting=0)
2026-03-24 20:13:32.326 [HikariPool-1 housekeeper] DEBUG [N/A] [N/A] com.zaxxer.hikari.pool.HikariPool - HikariPool-1 - Fill pool skipped, pool has sufficient level or currently being filled.
2026-03-24 20:14:02.331 [HikariPool-1 housekeeper] DEBUG [N/A] [N/A] com.zaxxer.hikari.pool.HikariPool - HikariPool-1 - Before cleanup stats (total=5, active=0, idle=5, waiting=0)
2026-03-24 20:14:02.331 [HikariPool-1 housekeeper] DEBUG [N/A] [N/A] com.zaxxer.hikari.pool.HikariPool - HikariPool-1 - After cleanup  stats (total=5, active=0, idle=5, waiting=0)
2026-03-24 20:14:02.333 [HikariPool-1 housekeeper] DEBUG [N/A] [N/A] com.zaxxer.hikari.pool.HikariPool - HikariPool-1 - Fill pool skipped, pool has sufficient level or currently being filled.
2026-03-24 20:14:32.334 [HikariPool-1 housekeeper] DEBUG [N/A] [N/A] com.zaxxer.hikari.pool.HikariPool - HikariPool-1 - Before cleanup stats (total=5, active=0, idle=5, waiting=0)
2026-03-24 20:14:32.335 [HikariPool-1 housekeeper] DEBUG [N/A] [N/A] com.zaxxer.hikari.pool.HikariPool - HikariPool-1 - After cleanup  stats (total=5, active=0, idle=5, waiting=0)
2026-03-24 20:14:32.335 [HikariPool-1 housekeeper] DEBUG [N/A] [N/A] com.zaxxer.hikari.pool.HikariPool - HikariPool-1 - Fill pool skipped, pool has sufficient level or currently being filled.
2026-03-24 20:15:02.339 [HikariPool-1 housekeeper] DEBUG [N/A] [N/A] com.zaxxer.hikari.pool.HikariPool - HikariPool-1 - Before cleanup stats (total=5, active=0, idle=5, waiting=0)
2026-03-24 20:15:02.340 [HikariPool-1 housekeeper] DEBUG [N/A] [N/A] com.zaxxer.hikari.pool.HikariPool - HikariPool-1 - After cleanup  stats (total=5, active=0, idle=5, waiting=0)
2026-03-24 20:15:02.340 [HikariPool-1 housekeeper] DEBUG [N/A] [N/A] com.zaxxer.hikari.pool.HikariPool - HikariPool-1 - Fill pool skipped, pool has sufficient level or currently being filled.
2026-03-24 20:15:32.340 [HikariPool-1 housekeeper] DEBUG [N/A] [N/A] com.zaxxer.hikari.pool.HikariPool - HikariPool-1 - Before cleanup stats (total=5, active=0, idle=5, waiting=0)
2026-03-24 20:15:32.342 [HikariPool-1 housekeeper] DEBUG [N/A] [N/A] com.zaxxer.hikari.pool.HikariPool - HikariPool-1 - After cleanup  stats (total=5, active=0, idle=5, waiting=0)
2026-03-24 20:15:32.344 [HikariPool-1 housekeeper] DEBUG [N/A] [N/A] com.zaxxer.hikari.pool.HikariPool - HikariPool-1 - Fill pool skipped, pool has sufficient level or currently being filled.
2026-03-24 20:16:02.346 [HikariPool-1 housekeeper] DEBUG [N/A] [N/A] com.zaxxer.hikari.pool.HikariPool - HikariPool-1 - Before cleanup stats (total=5, active=0, idle=5, waiting=0)
2026-03-24 20:16:02.346 [HikariPool-1 housekeeper] DEBUG [N/A] [N/A] com.zaxxer.hikari.pool.HikariPool - HikariPool-1 - After cleanup  stats (total=5, active=0, idle=5, waiting=0)
2026-03-24 20:16:02.349 [HikariPool-1 housekeeper] DEBUG [N/A] [N/A] com.zaxxer.hikari.pool.HikariPool - HikariPool-1 - Fill pool skipped, pool has sufficient level or currently being filled.
2026-03-24 20:16:32.354 [HikariPool-1 housekeeper] DEBUG [N/A] [N/A] com.zaxxer.hikari.pool.HikariPool - HikariPool-1 - Before cleanup stats (total=5, active=0, idle=5, waiting=0)
2026-03-24 20:16:32.356 [HikariPool-1 housekeeper] DEBUG [N/A] [N/A] com.zaxxer.hikari.pool.HikariPool - HikariPool-1 - After cleanup  stats (total=5, active=0, idle=5, waiting=0)
2026-03-24 20:16:32.356 [HikariPool-1 housekeeper] DEBUG [N/A] [N/A] com.zaxxer.hikari.pool.HikariPool - HikariPool-1 - Fill pool skipped, pool has sufficient level or currently being filled.
2026-03-24 20:17:02.360 [HikariPool-1 housekeeper] DEBUG [N/A] [N/A] com.zaxxer.hikari.pool.HikariPool - HikariPool-1 - Before cleanup stats (total=5, active=0, idle=5, waiting=0)
2026-03-24 20:17:02.362 [HikariPool-1 housekeeper] DEBUG [N/A] [N/A] com.zaxxer.hikari.pool.HikariPool - HikariPool-1 - After cleanup  stats (total=5, active=0, idle=5, waiting=0)
2026-03-24 20:17:02.362 [HikariPool-1 housekeeper] DEBUG [N/A] [N/A] com.zaxxer.hikari.pool.HikariPool - HikariPool-1 - Fill pool skipped, pool has sufficient level or currently being filled.
2026-03-24 20:17:32.367 [HikariPool-1 housekeeper] DEBUG [N/A] [N/A] com.zaxxer.hikari.pool.HikariPool - HikariPool-1 - Before cleanup stats (total=5, active=0, idle=5, waiting=0)
2026-03-24 20:17:32.369 [HikariPool-1 housekeeper] DEBUG [N/A] [N/A] com.zaxxer.hikari.pool.HikariPool - HikariPool-1 - After cleanup  stats (total=5, active=0, idle=5, waiting=0)
2026-03-24 20:17:32.370 [HikariPool-1 housekeeper] DEBUG [N/A] [N/A] com.zaxxer.hikari.pool.HikariPool - HikariPool-1 - Fill pool skipped, pool has sufficient level or currently being filled.
2026-03-24 20:18:02.375 [HikariPool-1 housekeeper] DEBUG [N/A] [N/A] com.zaxxer.hikari.pool.HikariPool - HikariPool-1 - Before cleanup stats (total=5, active=0, idle=5, waiting=0)
2026-03-24 20:18:02.375 [HikariPool-1 housekeeper] DEBUG [N/A] [N/A] com.zaxxer.hikari.pool.HikariPool - HikariPool-1 - After cleanup  stats (total=5, active=0, idle=5, waiting=0)
2026-03-24 20:18:02.377 [HikariPool-1 housekeeper] DEBUG [N/A] [N/A] com.zaxxer.hikari.pool.HikariPool - HikariPool-1 - Fill pool skipped, pool has sufficient level or currently being filled.
2026-03-24 20:18:32.381 [HikariPool-1 housekeeper] DEBUG [N/A] [N/A] com.zaxxer.hikari.pool.HikariPool - HikariPool-1 - Before cleanup stats (total=5, active=0, idle=5, waiting=0)
2026-03-24 20:18:32.383 [HikariPool-1 housekeeper] DEBUG [N/A] [N/A] com.zaxxer.hikari.pool.HikariPool - HikariPool-1 - After cleanup  stats (total=5, active=0, idle=5, waiting=0)
2026-03-24 20:18:32.384 [HikariPool-1 housekeeper] DEBUG [N/A] [N/A] com.zaxxer.hikari.pool.HikariPool - HikariPool-1 - Fill pool skipped, pool has sufficient level or currently being filled.
2026-03-24 20:34:09.303 [HikariPool-1 housekeeper] WARN  [N/A] [N/A] com.zaxxer.hikari.pool.HikariPool - HikariPool-1 - Thread starvation or clock leap detected (housekeeper delta=15m36s919ms).
2026-03-24 20:34:09.305 [HikariPool-1 housekeeper] DEBUG [N/A] [N/A] com.zaxxer.hikari.pool.HikariPool - HikariPool-1 - Before cleanup stats (total=5, active=0, idle=5, waiting=0)
2026-03-24 20:34:09.306 [HikariPool-1 housekeeper] DEBUG [N/A] [N/A] com.zaxxer.hikari.pool.HikariPool - HikariPool-1 - After cleanup  stats (total=5, active=0, idle=5, waiting=0)
2026-03-24 20:34:09.306 [HikariPool-1 housekeeper] DEBUG [N/A] [N/A] com.zaxxer.hikari.pool.HikariPool - HikariPool-1 - Fill pool skipped, pool has sufficient level or currently being filled.
2026-03-24 20:34:39.688 [HikariPool-1 housekeeper] DEBUG [N/A] [N/A] com.zaxxer.hikari.pool.HikariPool - HikariPool-1 - Before cleanup stats (total=5, active=0, idle=5, waiting=0)
2026-03-24 20:34:39.689 [HikariPool-1 housekeeper] DEBUG [N/A] [N/A] com.zaxxer.hikari.pool.HikariPool - HikariPool-1 - After cleanup  stats (total=5, active=0, idle=5, waiting=0)
2026-03-24 20:34:39.689 [HikariPool-1 housekeeper] DEBUG [N/A] [N/A] com.zaxxer.hikari.pool.HikariPool - HikariPool-1 - Fill pool skipped, pool has sufficient level or currently being filled.
2026-03-24 20:35:09.694 [HikariPool-1 housekeeper] DEBUG [N/A] [N/A] com.zaxxer.hikari.pool.HikariPool - HikariPool-1 - Before cleanup stats (total=5, active=0, idle=5, waiting=0)
2026-03-24 20:35:09.694 [HikariPool-1 housekeeper] DEBUG [N/A] [N/A] com.zaxxer.hikari.pool.HikariPool - HikariPool-1 - After cleanup  stats (total=5, active=0, idle=5, waiting=0)
2026-03-24 20:35:09.695 [HikariPool-1 housekeeper] DEBUG [N/A] [N/A] com.zaxxer.hikari.pool.HikariPool - HikariPool-1 - Fill pool skipped, pool has sufficient level or currently being filled.
2026-03-24 20:35:39.699 [HikariPool-1 housekeeper] DEBUG [N/A] [N/A] com.zaxxer.hikari.pool.HikariPool - HikariPool-1 - Before cleanup stats (total=5, active=0, idle=5, waiting=0)
2026-03-24 20:35:39.701 [HikariPool-1 housekeeper] DEBUG [N/A] [N/A] com.zaxxer.hikari.pool.HikariPool - HikariPool-1 - After cleanup  stats (total=5, active=0, idle=5, waiting=0)
2026-03-24 20:35:39.702 [HikariPool-1 housekeeper] DEBUG [N/A] [N/A] com.zaxxer.hikari.pool.HikariPool - HikariPool-1 - Fill pool skipped, pool has sufficient level or currently being filled.
2026-03-24 20:36:09.707 [HikariPool-1 housekeeper] DEBUG [N/A] [N/A] com.zaxxer.hikari.pool.HikariPool - HikariPool-1 - Before cleanup stats (total=5, active=0, idle=5, waiting=0)
2026-03-24 20:36:09.708 [HikariPool-1 housekeeper] DEBUG [N/A] [N/A] com.zaxxer.hikari.pool.HikariPool - HikariPool-1 - After cleanup  stats (total=5, active=0, idle=5, waiting=0)
2026-03-24 20:36:09.710 [HikariPool-1 housekeeper] DEBUG [N/A] [N/A] com.zaxxer.hikari.pool.HikariPool - HikariPool-1 - Fill pool skipped, pool has sufficient level or currently being filled.
2026-03-24 20:36:23.123 [HikariPool-1 connection closer] DEBUG [N/A] [N/A] com.zaxxer.hikari.pool.PoolBase - HikariPool-1 - Closing connection org.postgresql.jdbc.PgConnection@33b9ee9c: (connection has passed maxLifetime)
2026-03-24 20:36:23.770 [HikariPool-1 connection adder] DEBUG [N/A] [N/A] com.zaxxer.hikari.pool.HikariPool - HikariPool-1 - Added connection org.postgresql.jdbc.PgConnection@343eb74f
2026-03-24 20:36:23.803 [HikariPool-1 connection adder] DEBUG [N/A] [N/A] com.zaxxer.hikari.pool.HikariPool - HikariPool-1 - Connection not added, stats (total=5, active=0, idle=5, waiting=0)
2026-03-24 20:36:39.713 [HikariPool-1 housekeeper] DEBUG [N/A] [N/A] com.zaxxer.hikari.pool.HikariPool - HikariPool-1 - Before cleanup stats (total=5, active=0, idle=5, waiting=0)
2026-03-24 20:36:39.714 [HikariPool-1 housekeeper] DEBUG [N/A] [N/A] com.zaxxer.hikari.pool.HikariPool - HikariPool-1 - After cleanup  stats (total=5, active=0, idle=5, waiting=0)
2026-03-24 20:36:39.714 [HikariPool-1 housekeeper] DEBUG [N/A] [N/A] com.zaxxer.hikari.pool.HikariPool - HikariPool-1 - Fill pool skipped, pool has sufficient level or currently being filled.
2026-03-24 20:37:09.719 [HikariPool-1 housekeeper] DEBUG [N/A] [N/A] com.zaxxer.hikari.pool.HikariPool - HikariPool-1 - Before cleanup stats (total=5, active=0, idle=5, waiting=0)
2026-03-24 20:37:09.721 [HikariPool-1 housekeeper] DEBUG [N/A] [N/A] com.zaxxer.hikari.pool.HikariPool - HikariPool-1 - After cleanup  stats (total=5, active=0, idle=5, waiting=0)
2026-03-24 20:37:09.721 [HikariPool-1 housekeeper] DEBUG [N/A] [N/A] com.zaxxer.hikari.pool.HikariPool - HikariPool-1 - Fill pool skipped, pool has sufficient level or currently being filled.
2026-03-24 20:37:39.768 [HikariPool-1 housekeeper] DEBUG [N/A] [N/A] com.zaxxer.hikari.pool.HikariPool - HikariPool-1 - Before cleanup stats (total=5, active=0, idle=5, waiting=0)
2026-03-24 20:37:39.777 [HikariPool-1 housekeeper] DEBUG [N/A] [N/A] com.zaxxer.hikari.pool.HikariPool - HikariPool-1 - After cleanup  stats (total=5, active=0, idle=5, waiting=0)
2026-03-24 20:37:39.778 [HikariPool-1 housekeeper] DEBUG [N/A] [N/A] com.zaxxer.hikari.pool.HikariPool - HikariPool-1 - Fill pool skipped, pool has sufficient level or currently being filled.
2026-03-24 20:38:06.597 [HikariPool-1 connection closer] DEBUG [N/A] [N/A] com.zaxxer.hikari.pool.PoolBase - HikariPool-1 - Closing connection org.postgresql.jdbc.PgConnection@717f662b: (connection has passed maxLifetime)
2026-03-24 20:38:07.003 [HikariPool-1 connection adder] DEBUG [N/A] [N/A] com.zaxxer.hikari.pool.HikariPool - HikariPool-1 - Added connection org.postgresql.jdbc.PgConnection@680ce23
2026-03-24 20:38:07.037 [HikariPool-1 connection adder] DEBUG [N/A] [N/A] com.zaxxer.hikari.pool.HikariPool - HikariPool-1 - Connection not added, stats (total=5, active=0, idle=5, waiting=0)
2026-03-24 20:38:07.635 [HikariPool-1 connection closer] DEBUG [N/A] [N/A] com.zaxxer.hikari.pool.PoolBase - HikariPool-1 - Closing connection org.postgresql.jdbc.PgConnection@3c0a510c: (connection has passed maxLifetime)
2026-03-24 20:38:08.033 [HikariPool-1 connection adder] DEBUG [N/A] [N/A] com.zaxxer.hikari.pool.HikariPool - HikariPool-1 - Added connection org.postgresql.jdbc.PgConnection@8472083
2026-03-24 20:38:08.066 [HikariPool-1 connection adder] DEBUG [N/A] [N/A] com.zaxxer.hikari.pool.HikariPool - HikariPool-1 - Connection not added, stats (total=5, active=0, idle=5, waiting=0)
2026-03-24 20:38:09.783 [HikariPool-1 housekeeper] DEBUG [N/A] [N/A] com.zaxxer.hikari.pool.HikariPool - HikariPool-1 - Before cleanup stats (total=5, active=0, idle=5, waiting=0)
2026-03-24 20:38:09.783 [HikariPool-1 housekeeper] DEBUG [N/A] [N/A] com.zaxxer.hikari.pool.HikariPool - HikariPool-1 - After cleanup  stats (total=5, active=0, idle=5, waiting=0)
2026-03-24 20:38:09.783 [HikariPool-1 housekeeper] DEBUG [N/A] [N/A] com.zaxxer.hikari.pool.HikariPool - HikariPool-1 - Fill pool skipped, pool has sufficient level or currently being filled.
2026-03-24 20:38:16.927 [HikariPool-1 connection closer] DEBUG [N/A] [N/A] com.zaxxer.hikari.pool.PoolBase - HikariPool-1 - Closing connection org.postgresql.jdbc.PgConnection@764568e8: (connection has passed maxLifetime)
2026-03-24 20:38:17.272 [HikariPool-1 connection adder] DEBUG [N/A] [N/A] com.zaxxer.hikari.pool.HikariPool - HikariPool-1 - Added connection org.postgresql.jdbc.PgConnection@5ebbbc24
2026-03-24 20:38:17.307 [HikariPool-1 connection adder] DEBUG [N/A] [N/A] com.zaxxer.hikari.pool.HikariPool - HikariPool-1 - Connection not added, stats (total=5, active=0, idle=5, waiting=0)
2026-03-24 20:38:29.086 [HikariPool-1 connection closer] DEBUG [N/A] [N/A] com.zaxxer.hikari.pool.PoolBase - HikariPool-1 - Closing connection org.postgresql.jdbc.PgConnection@5699839f: (connection has passed maxLifetime)
2026-03-24 20:38:29.354 [HikariPool-1 connection adder] DEBUG [N/A] [N/A] com.zaxxer.hikari.pool.HikariPool - HikariPool-1 - Added connection org.postgresql.jdbc.PgConnection@9d9cf81
2026-03-24 20:38:29.385 [HikariPool-1 connection adder] DEBUG [N/A] [N/A] com.zaxxer.hikari.pool.HikariPool - HikariPool-1 - Connection not added, stats (total=5, active=0, idle=5, waiting=0)
2026-03-24 20:38:39.789 [HikariPool-1 housekeeper] DEBUG [N/A] [N/A] com.zaxxer.hikari.pool.HikariPool - HikariPool-1 - Before cleanup stats (total=5, active=0, idle=5, waiting=0)
2026-03-24 20:38:39.791 [HikariPool-1 housekeeper] DEBUG [N/A] [N/A] com.zaxxer.hikari.pool.HikariPool - HikariPool-1 - After cleanup  stats (total=5, active=0, idle=5, waiting=0)
2026-03-24 20:38:39.792 [HikariPool-1 housekeeper] DEBUG [N/A] [N/A] com.zaxxer.hikari.pool.HikariPool - HikariPool-1 - Fill pool skipped, pool has sufficient level or currently being filled.
2026-03-24 20:39:09.796 [HikariPool-1 housekeeper] DEBUG [N/A] [N/A] com.zaxxer.hikari.pool.HikariPool - HikariPool-1 - Before cleanup stats (total=5, active=0, idle=5, waiting=0)
2026-03-24 20:39:09.799 [HikariPool-1 housekeeper] DEBUG [N/A] [N/A] com.zaxxer.hikari.pool.HikariPool - HikariPool-1 - After cleanup  stats (total=5, active=0, idle=5, waiting=0)
2026-03-24 20:39:09.799 [HikariPool-1 housekeeper] DEBUG [N/A] [N/A] com.zaxxer.hikari.pool.HikariPool - HikariPool-1 - Fill pool skipped, pool has sufficient level or currently being filled.
2026-03-24 20:39:39.804 [HikariPool-1 housekeeper] DEBUG [N/A] [N/A] com.zaxxer.hikari.pool.HikariPool - HikariPool-1 - Before cleanup stats (total=5, active=0, idle=5, waiting=0)
2026-03-24 20:39:39.805 [HikariPool-1 housekeeper] DEBUG [N/A] [N/A] com.zaxxer.hikari.pool.HikariPool - HikariPool-1 - After cleanup  stats (total=5, active=0, idle=5, waiting=0)
2026-03-24 20:39:39.805 [HikariPool-1 housekeeper] DEBUG [N/A] [N/A] com.zaxxer.hikari.pool.HikariPool - HikariPool-1 - Fill pool skipped, pool has sufficient level or currently being filled.
2026-03-24 20:40:09.808 [HikariPool-1 housekeeper] DEBUG [N/A] [N/A] com.zaxxer.hikari.pool.HikariPool - HikariPool-1 - Before cleanup stats (total=5, active=0, idle=5, waiting=0)
2026-03-24 20:40:09.811 [HikariPool-1 housekeeper] DEBUG [N/A] [N/A] com.zaxxer.hikari.pool.HikariPool - HikariPool-1 - After cleanup  stats (total=5, active=0, idle=5, waiting=0)
2026-03-24 20:40:09.813 [HikariPool-1 housekeeper] DEBUG [N/A] [N/A] com.zaxxer.hikari.pool.HikariPool - HikariPool-1 - Fill pool skipped, pool has sufficient level or currently being filled.
2026-03-24 20:40:39.817 [HikariPool-1 housekeeper] DEBUG [N/A] [N/A] com.zaxxer.hikari.pool.HikariPool - HikariPool-1 - Before cleanup stats (total=5, active=0, idle=5, waiting=0)
2026-03-24 20:40:39.819 [HikariPool-1 housekeeper] DEBUG [N/A] [N/A] com.zaxxer.hikari.pool.HikariPool - HikariPool-1 - After cleanup  stats (total=5, active=0, idle=5, waiting=0)
2026-03-24 20:40:39.820 [HikariPool-1 housekeeper] DEBUG [N/A] [N/A] com.zaxxer.hikari.pool.HikariPool - HikariPool-1 - Fill pool skipped, pool has sufficient level or currently being filled.
2026-03-24 20:41:09.823 [HikariPool-1 housekeeper] DEBUG [N/A] [N/A] com.zaxxer.hikari.pool.HikariPool - HikariPool-1 - Before cleanup stats (total=5, active=0, idle=5, waiting=0)
2026-03-24 20:41:09.824 [HikariPool-1 housekeeper] DEBUG [N/A] [N/A] com.zaxxer.hikari.pool.HikariPool - HikariPool-1 - After cleanup  stats (total=5, active=0, idle=5, waiting=0)
2026-03-24 20:41:09.826 [HikariPool-1 housekeeper] DEBUG [N/A] [N/A] com.zaxxer.hikari.pool.HikariPool - HikariPool-1 - Fill pool skipped, pool has sufficient level or currently being filled.
2026-03-24 20:41:39.830 [HikariPool-1 housekeeper] DEBUG [N/A] [N/A] com.zaxxer.hikari.pool.HikariPool - HikariPool-1 - Before cleanup stats (total=5, active=0, idle=5, waiting=0)
2026-03-24 20:41:39.832 [HikariPool-1 housekeeper] DEBUG [N/A] [N/A] com.zaxxer.hikari.pool.HikariPool - HikariPool-1 - After cleanup  stats (total=5, active=0, idle=5, waiting=0)
2026-03-24 20:41:39.833 [HikariPool-1 housekeeper] DEBUG [N/A] [N/A] com.zaxxer.hikari.pool.HikariPool - HikariPool-1 - Fill pool skipped, pool has sufficient level or currently being filled.
2026-03-24 20:42:09.836 [HikariPool-1 housekeeper] DEBUG [N/A] [N/A] com.zaxxer.hikari.pool.HikariPool - HikariPool-1 - Before cleanup stats (total=5, active=0, idle=5, waiting=0)
2026-03-24 20:42:09.838 [HikariPool-1 housekeeper] DEBUG [N/A] [N/A] com.zaxxer.hikari.pool.HikariPool - HikariPool-1 - After cleanup  stats (total=5, active=0, idle=5, waiting=0)
2026-03-24 20:42:09.838 [HikariPool-1 housekeeper] DEBUG [N/A] [N/A] com.zaxxer.hikari.pool.HikariPool - HikariPool-1 - Fill pool skipped, pool has sufficient level or currently being filled.
2026-03-24 20:42:39.842 [HikariPool-1 housekeeper] DEBUG [N/A] [N/A] com.zaxxer.hikari.pool.HikariPool - HikariPool-1 - Before cleanup stats (total=5, active=0, idle=5, waiting=0)
2026-03-24 20:42:39.842 [HikariPool-1 housekeeper] DEBUG [N/A] [N/A] com.zaxxer.hikari.pool.HikariPool - HikariPool-1 - After cleanup  stats (total=5, active=0, idle=5, waiting=0)
2026-03-24 20:42:39.842 [HikariPool-1 housekeeper] DEBUG [N/A] [N/A] com.zaxxer.hikari.pool.HikariPool - HikariPool-1 - Fill pool skipped, pool has sufficient level or currently being filled.
2026-03-24 20:43:09.848 [HikariPool-1 housekeeper] DEBUG [N/A] [N/A] com.zaxxer.hikari.pool.HikariPool - HikariPool-1 - Before cleanup stats (total=5, active=0, idle=5, waiting=0)
2026-03-24 20:43:09.851 [HikariPool-1 housekeeper] DEBUG [N/A] [N/A] com.zaxxer.hikari.pool.HikariPool - HikariPool-1 - After cleanup  stats (total=5, active=0, idle=5, waiting=0)
2026-03-24 20:43:09.852 [HikariPool-1 housekeeper] DEBUG [N/A] [N/A] com.zaxxer.hikari.pool.HikariPool - HikariPool-1 - Fill pool skipped, pool has sufficient level or currently being filled.
2026-03-24 20:43:39.857 [HikariPool-1 housekeeper] DEBUG [N/A] [N/A] com.zaxxer.hikari.pool.HikariPool - HikariPool-1 - Before cleanup stats (total=5, active=0, idle=5, waiting=0)
2026-03-24 20:43:39.858 [HikariPool-1 housekeeper] DEBUG [N/A] [N/A] com.zaxxer.hikari.pool.HikariPool - HikariPool-1 - After cleanup  stats (total=5, active=0, idle=5, waiting=0)
2026-03-24 20:43:39.858 [HikariPool-1 housekeeper] DEBUG [N/A] [N/A] com.zaxxer.hikari.pool.HikariPool - HikariPool-1 - Fill pool skipped, pool has sufficient level or currently being filled.
2026-03-24 20:44:09.863 [HikariPool-1 housekeeper] DEBUG [N/A] [N/A] com.zaxxer.hikari.pool.HikariPool - HikariPool-1 - Before cleanup stats (total=5, active=0, idle=5, waiting=0)
2026-03-24 20:44:09.863 [HikariPool-1 housekeeper] DEBUG [N/A] [N/A] com.zaxxer.hikari.pool.HikariPool - HikariPool-1 - After cleanup  stats (total=5, active=0, idle=5, waiting=0)
2026-03-24 20:44:09.863 [HikariPool-1 housekeeper] DEBUG [N/A] [N/A] com.zaxxer.hikari.pool.HikariPool - HikariPool-1 - Fill pool skipped, pool has sufficient level or currently being filled.
2026-03-24 20:44:39.867 [HikariPool-1 housekeeper] DEBUG [N/A] [N/A] com.zaxxer.hikari.pool.HikariPool - HikariPool-1 - Before cleanup stats (total=5, active=0, idle=5, waiting=0)
2026-03-24 20:44:39.868 [HikariPool-1 housekeeper] DEBUG [N/A] [N/A] com.zaxxer.hikari.pool.HikariPool - HikariPool-1 - After cleanup  stats (total=5, active=0, idle=5, waiting=0)
2026-03-24 20:44:39.868 [HikariPool-1 housekeeper] DEBUG [N/A] [N/A] com.zaxxer.hikari.pool.HikariPool - HikariPool-1 - Fill pool skipped, pool has sufficient level or currently being filled.
2026-03-24 20:45:09.874 [HikariPool-1 housekeeper] DEBUG [N/A] [N/A] com.zaxxer.hikari.pool.HikariPool - HikariPool-1 - Before cleanup stats (total=5, active=0, idle=5, waiting=0)
2026-03-24 20:45:09.876 [HikariPool-1 housekeeper] DEBUG [N/A] [N/A] com.zaxxer.hikari.pool.HikariPool - HikariPool-1 - After cleanup  stats (total=5, active=0, idle=5, waiting=0)
2026-03-24 20:45:09.877 [HikariPool-1 housekeeper] DEBUG [N/A] [N/A] com.zaxxer.hikari.pool.HikariPool - HikariPool-1 - Fill pool skipped, pool has sufficient level or currently being filled.
2026-03-24 20:45:39.882 [HikariPool-1 housekeeper] DEBUG [N/A] [N/A] com.zaxxer.hikari.pool.HikariPool - HikariPool-1 - Before cleanup stats (total=5, active=0, idle=5, waiting=0)
2026-03-24 20:45:39.884 [HikariPool-1 housekeeper] DEBUG [N/A] [N/A] com.zaxxer.hikari.pool.HikariPool - HikariPool-1 - After cleanup  stats (total=5, active=0, idle=5, waiting=0)
2026-03-24 20:45:39.885 [HikariPool-1 housekeeper] DEBUG [N/A] [N/A] com.zaxxer.hikari.pool.HikariPool - HikariPool-1 - Fill pool skipped, pool has sufficient level or currently being filled.
2026-03-24 20:46:09.890 [HikariPool-1 housekeeper] DEBUG [N/A] [N/A] com.zaxxer.hikari.pool.HikariPool - HikariPool-1 - Before cleanup stats (total=5, active=0, idle=5, waiting=0)
2026-03-24 20:46:09.893 [HikariPool-1 housekeeper] DEBUG [N/A] [N/A] com.zaxxer.hikari.pool.HikariPool - HikariPool-1 - After cleanup  stats (total=5, active=0, idle=5, waiting=0)
2026-03-24 20:46:09.893 [HikariPool-1 housekeeper] DEBUG [N/A] [N/A] com.zaxxer.hikari.pool.HikariPool - HikariPool-1 - Fill pool skipped, pool has sufficient level or currently being filled.
2026-03-24 20:46:39.897 [HikariPool-1 housekeeper] DEBUG [N/A] [N/A] com.zaxxer.hikari.pool.HikariPool - HikariPool-1 - Before cleanup stats (total=5, active=0, idle=5, waiting=0)
2026-03-24 20:46:39.899 [HikariPool-1 housekeeper] DEBUG [N/A] [N/A] com.zaxxer.hikari.pool.HikariPool - HikariPool-1 - After cleanup  stats (total=5, active=0, idle=5, waiting=0)
2026-03-24 20:46:39.899 [HikariPool-1 housekeeper] DEBUG [N/A] [N/A] com.zaxxer.hikari.pool.HikariPool - HikariPool-1 - Fill pool skipped, pool has sufficient level or currently being filled.
2026-03-24 20:47:09.901 [HikariPool-1 housekeeper] DEBUG [N/A] [N/A] com.zaxxer.hikari.pool.HikariPool - HikariPool-1 - Before cleanup stats (total=5, active=0, idle=5, waiting=0)
2026-03-24 20:47:09.901 [HikariPool-1 housekeeper] DEBUG [N/A] [N/A] com.zaxxer.hikari.pool.HikariPool - HikariPool-1 - After cleanup  stats (total=5, active=0, idle=5, waiting=0)
2026-03-24 20:47:09.901 [HikariPool-1 housekeeper] DEBUG [N/A] [N/A] com.zaxxer.hikari.pool.HikariPool - HikariPool-1 - Fill pool skipped, pool has sufficient level or currently being filled.
2026-03-24 20:47:39.906 [HikariPool-1 housekeeper] DEBUG [N/A] [N/A] com.zaxxer.hikari.pool.HikariPool - HikariPool-1 - Before cleanup stats (total=5, active=0, idle=5, waiting=0)
2026-03-24 20:47:39.909 [HikariPool-1 housekeeper] DEBUG [N/A] [N/A] com.zaxxer.hikari.pool.HikariPool - HikariPool-1 - After cleanup  stats (total=5, active=0, idle=5, waiting=0)
2026-03-24 20:47:39.909 [HikariPool-1 housekeeper] DEBUG [N/A] [N/A] com.zaxxer.hikari.pool.HikariPool - HikariPool-1 - Fill pool skipped, pool has sufficient level or currently being filled.
2026-03-24 20:48:09.913 [HikariPool-1 housekeeper] DEBUG [N/A] [N/A] com.zaxxer.hikari.pool.HikariPool - HikariPool-1 - Before cleanup stats (total=5, active=0, idle=5, waiting=0)
2026-03-24 20:48:09.915 [HikariPool-1 housekeeper] DEBUG [N/A] [N/A] com.zaxxer.hikari.pool.HikariPool - HikariPool-1 - After cleanup  stats (total=5, active=0, idle=5, waiting=0)
2026-03-24 20:48:09.915 [HikariPool-1 housekeeper] DEBUG [N/A] [N/A] com.zaxxer.hikari.pool.HikariPool - HikariPool-1 - Fill pool skipped, pool has sufficient level or currently being filled.
2026-03-24 20:48:39.918 [HikariPool-1 housekeeper] DEBUG [N/A] [N/A] com.zaxxer.hikari.pool.HikariPool - HikariPool-1 - Before cleanup stats (total=5, active=0, idle=5, waiting=0)
2026-03-24 20:48:39.919 [HikariPool-1 housekeeper] DEBUG [N/A] [N/A] com.zaxxer.hikari.pool.HikariPool - HikariPool-1 - After cleanup  stats (total=5, active=0, idle=5, waiting=0)
2026-03-24 20:48:39.920 [HikariPool-1 housekeeper] DEBUG [N/A] [N/A] com.zaxxer.hikari.pool.HikariPool - HikariPool-1 - Fill pool skipped, pool has sufficient level or currently being filled.
2026-03-24 20:49:09.924 [HikariPool-1 housekeeper] DEBUG [N/A] [N/A] com.zaxxer.hikari.pool.HikariPool - HikariPool-1 - Before cleanup stats (total=5, active=0, idle=5, waiting=0)
2026-03-24 20:49:09.926 [HikariPool-1 housekeeper] DEBUG [N/A] [N/A] com.zaxxer.hikari.pool.HikariPool - HikariPool-1 - After cleanup  stats (total=5, active=0, idle=5, waiting=0)
2026-03-24 20:49:09.926 [HikariPool-1 housekeeper] DEBUG [N/A] [N/A] com.zaxxer.hikari.pool.HikariPool - HikariPool-1 - Fill pool skipped, pool has sufficient level or currently being filled.
2026-03-24 20:49:39.921 [HikariPool-1 housekeeper] DEBUG [N/A] [N/A] com.zaxxer.hikari.pool.HikariPool - HikariPool-1 - Before cleanup stats (total=5, active=0, idle=5, waiting=0)
2026-03-24 20:49:39.923 [HikariPool-1 housekeeper] DEBUG [N/A] [N/A] com.zaxxer.hikari.pool.HikariPool - HikariPool-1 - After cleanup  stats (total=5, active=0, idle=5, waiting=0)
2026-03-24 20:49:39.923 [HikariPool-1 housekeeper] DEBUG [N/A] [N/A] com.zaxxer.hikari.pool.HikariPool - HikariPool-1 - Fill pool skipped, pool has sufficient level or currently being filled.
2026-03-24 20:50:09.926 [HikariPool-1 housekeeper] DEBUG [N/A] [N/A] com.zaxxer.hikari.pool.HikariPool - HikariPool-1 - Before cleanup stats (total=5, active=0, idle=5, waiting=0)
2026-03-24 20:50:09.929 [HikariPool-1 housekeeper] DEBUG [N/A] [N/A] com.zaxxer.hikari.pool.HikariPool - HikariPool-1 - After cleanup  stats (total=5, active=0, idle=5, waiting=0)
2026-03-24 20:50:09.930 [HikariPool-1 housekeeper] DEBUG [N/A] [N/A] com.zaxxer.hikari.pool.HikariPool - HikariPool-1 - Fill pool skipped, pool has sufficient level or currently being filled.
2026-03-24 20:50:39.936 [HikariPool-1 housekeeper] DEBUG [N/A] [N/A] com.zaxxer.hikari.pool.HikariPool - HikariPool-1 - Before cleanup stats (total=5, active=0, idle=5, waiting=0)
2026-03-24 20:50:39.938 [HikariPool-1 housekeeper] DEBUG [N/A] [N/A] com.zaxxer.hikari.pool.HikariPool - HikariPool-1 - After cleanup  stats (total=5, active=0, idle=5, waiting=0)
2026-03-24 20:50:39.940 [HikariPool-1 housekeeper] DEBUG [N/A] [N/A] com.zaxxer.hikari.pool.HikariPool - HikariPool-1 - Fill pool skipped, pool has sufficient level or currently being filled.
2026-03-24 20:51:09.942 [HikariPool-1 housekeeper] DEBUG [N/A] [N/A] com.zaxxer.hikari.pool.HikariPool - HikariPool-1 - Before cleanup stats (total=5, active=0, idle=5, waiting=0)
2026-03-24 20:51:09.944 [HikariPool-1 housekeeper] DEBUG [N/A] [N/A] com.zaxxer.hikari.pool.HikariPool - HikariPool-1 - After cleanup  stats (total=5, active=0, idle=5, waiting=0)
2026-03-24 20:51:09.944 [HikariPool-1 housekeeper] DEBUG [N/A] [N/A] com.zaxxer.hikari.pool.HikariPool - HikariPool-1 - Fill pool skipped, pool has sufficient level or currently being filled.
2026-03-24 20:51:39.949 [HikariPool-1 housekeeper] DEBUG [N/A] [N/A] com.zaxxer.hikari.pool.HikariPool - HikariPool-1 - Before cleanup stats (total=5, active=0, idle=5, waiting=0)
2026-03-24 20:51:39.952 [HikariPool-1 housekeeper] DEBUG [N/A] [N/A] com.zaxxer.hikari.pool.HikariPool - HikariPool-1 - After cleanup  stats (total=5, active=0, idle=5, waiting=0)
2026-03-24 20:51:39.952 [HikariPool-1 housekeeper] DEBUG [N/A] [N/A] com.zaxxer.hikari.pool.HikariPool - HikariPool-1 - Fill pool skipped, pool has sufficient level or currently being filled.
2026-03-24 20:52:09.956 [HikariPool-1 housekeeper] DEBUG [N/A] [N/A] com.zaxxer.hikari.pool.HikariPool - HikariPool-1 - Before cleanup stats (total=5, active=0, idle=5, waiting=0)
2026-03-24 20:52:09.958 [HikariPool-1 housekeeper] DEBUG [N/A] [N/A] com.zaxxer.hikari.pool.HikariPool - HikariPool-1 - After cleanup  stats (total=5, active=0, idle=5, waiting=0)
2026-03-24 20:52:09.960 [HikariPool-1 housekeeper] DEBUG [N/A] [N/A] com.zaxxer.hikari.pool.HikariPool - HikariPool-1 - Fill pool skipped, pool has sufficient level or currently being filled.
2026-03-24 20:52:39.965 [HikariPool-1 housekeeper] DEBUG [N/A] [N/A] com.zaxxer.hikari.pool.HikariPool - HikariPool-1 - Before cleanup stats (total=5, active=0, idle=5, waiting=0)
2026-03-24 20:52:39.966 [HikariPool-1 housekeeper] DEBUG [N/A] [N/A] com.zaxxer.hikari.pool.HikariPool - HikariPool-1 - After cleanup  stats (total=5, active=0, idle=5, waiting=0)
2026-03-24 20:52:39.966 [HikariPool-1 housekeeper] DEBUG [N/A] [N/A] com.zaxxer.hikari.pool.HikariPool - HikariPool-1 - Fill pool skipped, pool has sufficient level or currently being filled.
2026-03-24 20:53:09.972 [HikariPool-1 housekeeper] DEBUG [N/A] [N/A] com.zaxxer.hikari.pool.HikariPool - HikariPool-1 - Before cleanup stats (total=5, active=0, idle=5, waiting=0)
2026-03-24 20:53:09.974 [HikariPool-1 housekeeper] DEBUG [N/A] [N/A] com.zaxxer.hikari.pool.HikariPool - HikariPool-1 - After cleanup  stats (total=5, active=0, idle=5, waiting=0)
2026-03-24 20:53:09.974 [HikariPool-1 housekeeper] DEBUG [N/A] [N/A] com.zaxxer.hikari.pool.HikariPool - HikariPool-1 - Fill pool skipped, pool has sufficient level or currently being filled.
2026-03-24 20:53:39.981 [HikariPool-1 housekeeper] DEBUG [N/A] [N/A] com.zaxxer.hikari.pool.HikariPool - HikariPool-1 - Before cleanup stats (total=5, active=0, idle=5, waiting=0)
2026-03-24 20:53:39.982 [HikariPool-1 housekeeper] DEBUG [N/A] [N/A] com.zaxxer.hikari.pool.HikariPool - HikariPool-1 - After cleanup  stats (total=5, active=0, idle=5, waiting=0)
2026-03-24 20:53:39.984 [HikariPool-1 housekeeper] DEBUG [N/A] [N/A] com.zaxxer.hikari.pool.HikariPool - HikariPool-1 - Fill pool skipped, pool has sufficient level or currently being filled.
2026-03-24 20:54:09.989 [HikariPool-1 housekeeper] DEBUG [N/A] [N/A] com.zaxxer.hikari.pool.HikariPool - HikariPool-1 - Before cleanup stats (total=5, active=0, idle=5, waiting=0)
2026-03-24 20:54:09.990 [HikariPool-1 housekeeper] DEBUG [N/A] [N/A] com.zaxxer.hikari.pool.HikariPool - HikariPool-1 - After cleanup  stats (total=5, active=0, idle=5, waiting=0)
2026-03-24 20:54:09.992 [HikariPool-1 housekeeper] DEBUG [N/A] [N/A] com.zaxxer.hikari.pool.HikariPool - HikariPool-1 - Fill pool skipped, pool has sufficient level or currently being filled.
2026-03-24 20:54:39.997 [HikariPool-1 housekeeper] DEBUG [N/A] [N/A] com.zaxxer.hikari.pool.HikariPool - HikariPool-1 - Before cleanup stats (total=5, active=0, idle=5, waiting=0)
2026-03-24 20:54:39.999 [HikariPool-1 housekeeper] DEBUG [N/A] [N/A] com.zaxxer.hikari.pool.HikariPool - HikariPool-1 - After cleanup  stats (total=5, active=0, idle=5, waiting=0)
2026-03-24 20:54:39.999 [HikariPool-1 housekeeper] DEBUG [N/A] [N/A] com.zaxxer.hikari.pool.HikariPool - HikariPool-1 - Fill pool skipped, pool has sufficient level or currently being filled.
2026-03-24 20:55:10.005 [HikariPool-1 housekeeper] DEBUG [N/A] [N/A] com.zaxxer.hikari.pool.HikariPool - HikariPool-1 - Before cleanup stats (total=5, active=0, idle=5, waiting=0)
2026-03-24 20:55:10.007 [HikariPool-1 housekeeper] DEBUG [N/A] [N/A] com.zaxxer.hikari.pool.HikariPool - HikariPool-1 - After cleanup  stats (total=5, active=0, idle=5, waiting=0)
2026-03-24 20:55:10.007 [HikariPool-1 housekeeper] DEBUG [N/A] [N/A] com.zaxxer.hikari.pool.HikariPool - HikariPool-1 - Fill pool skipped, pool has sufficient level or currently being filled.
2026-03-24 20:55:40.012 [HikariPool-1 housekeeper] DEBUG [N/A] [N/A] com.zaxxer.hikari.pool.HikariPool - HikariPool-1 - Before cleanup stats (total=5, active=0, idle=5, waiting=0)
2026-03-24 20:55:40.014 [HikariPool-1 housekeeper] DEBUG [N/A] [N/A] com.zaxxer.hikari.pool.HikariPool - HikariPool-1 - After cleanup  stats (total=5, active=0, idle=5, waiting=0)
2026-03-24 20:55:40.014 [HikariPool-1 housekeeper] DEBUG [N/A] [N/A] com.zaxxer.hikari.pool.HikariPool - HikariPool-1 - Fill pool skipped, pool has sufficient level or currently being filled.
2026-03-24 20:56:10.019 [HikariPool-1 housekeeper] DEBUG [N/A] [N/A] com.zaxxer.hikari.pool.HikariPool - HikariPool-1 - Before cleanup stats (total=5, active=0, idle=5, waiting=0)
2026-03-24 20:56:10.020 [HikariPool-1 housekeeper] DEBUG [N/A] [N/A] com.zaxxer.hikari.pool.HikariPool - HikariPool-1 - After cleanup  stats (total=5, active=0, idle=5, waiting=0)
2026-03-24 20:56:10.020 [HikariPool-1 housekeeper] DEBUG [N/A] [N/A] com.zaxxer.hikari.pool.HikariPool - HikariPool-1 - Fill pool skipped, pool has sufficient level or currently being filled.
2026-03-24 20:56:40.027 [HikariPool-1 housekeeper] DEBUG [N/A] [N/A] com.zaxxer.hikari.pool.HikariPool - HikariPool-1 - Before cleanup stats (total=5, active=0, idle=5, waiting=0)
2026-03-24 20:56:40.028 [HikariPool-1 housekeeper] DEBUG [N/A] [N/A] com.zaxxer.hikari.pool.HikariPool - HikariPool-1 - After cleanup  stats (total=5, active=0, idle=5, waiting=0)
2026-03-24 20:56:40.028 [HikariPool-1 housekeeper] DEBUG [N/A] [N/A] com.zaxxer.hikari.pool.HikariPool - HikariPool-1 - Fill pool skipped, pool has sufficient level or currently being filled.
2026-03-24 20:57:10.033 [HikariPool-1 housekeeper] DEBUG [N/A] [N/A] com.zaxxer.hikari.pool.HikariPool - HikariPool-1 - Before cleanup stats (total=5, active=0, idle=5, waiting=0)
2026-03-24 20:57:10.037 [HikariPool-1 housekeeper] DEBUG [N/A] [N/A] com.zaxxer.hikari.pool.HikariPool - HikariPool-1 - After cleanup  stats (total=5, active=0, idle=5, waiting=0)
2026-03-24 20:57:10.037 [HikariPool-1 housekeeper] DEBUG [N/A] [N/A] com.zaxxer.hikari.pool.HikariPool - HikariPool-1 - Fill pool skipped, pool has sufficient level or currently being filled.
2026-03-24 20:57:40.042 [HikariPool-1 housekeeper] DEBUG [N/A] [N/A] com.zaxxer.hikari.pool.HikariPool - HikariPool-1 - Before cleanup stats (total=5, active=0, idle=5, waiting=0)
2026-03-24 20:57:40.043 [HikariPool-1 housekeeper] DEBUG [N/A] [N/A] com.zaxxer.hikari.pool.HikariPool - HikariPool-1 - After cleanup  stats (total=5, active=0, idle=5, waiting=0)
2026-03-24 20:57:40.043 [HikariPool-1 housekeeper] DEBUG [N/A] [N/A] com.zaxxer.hikari.pool.HikariPool - HikariPool-1 - Fill pool skipped, pool has sufficient level or currently being filled.
2026-03-24 20:58:10.049 [HikariPool-1 housekeeper] DEBUG [N/A] [N/A] com.zaxxer.hikari.pool.HikariPool - HikariPool-1 - Before cleanup stats (total=5, active=0, idle=5, waiting=0)
2026-03-24 20:58:10.051 [HikariPool-1 housekeeper] DEBUG [N/A] [N/A] com.zaxxer.hikari.pool.HikariPool - HikariPool-1 - After cleanup  stats (total=5, active=0, idle=5, waiting=0)
2026-03-24 20:58:10.052 [HikariPool-1 housekeeper] DEBUG [N/A] [N/A] com.zaxxer.hikari.pool.HikariPool - HikariPool-1 - Fill pool skipped, pool has sufficient level or currently being filled.
2026-03-24 20:58:40.060 [HikariPool-1 housekeeper] DEBUG [N/A] [N/A] com.zaxxer.hikari.pool.HikariPool - HikariPool-1 - Before cleanup stats (total=5, active=0, idle=5, waiting=0)
2026-03-24 20:58:40.060 [HikariPool-1 housekeeper] DEBUG [N/A] [N/A] com.zaxxer.hikari.pool.HikariPool - HikariPool-1 - After cleanup  stats (total=5, active=0, idle=5, waiting=0)
2026-03-24 20:58:40.062 [HikariPool-1 housekeeper] DEBUG [N/A] [N/A] com.zaxxer.hikari.pool.HikariPool - HikariPool-1 - Fill pool skipped, pool has sufficient level or currently being filled.
2026-03-24 20:59:10.068 [HikariPool-1 housekeeper] DEBUG [N/A] [N/A] com.zaxxer.hikari.pool.HikariPool - HikariPool-1 - Before cleanup stats (total=5, active=0, idle=5, waiting=0)
2026-03-24 20:59:10.068 [HikariPool-1 housekeeper] DEBUG [N/A] [N/A] com.zaxxer.hikari.pool.HikariPool - HikariPool-1 - After cleanup  stats (total=5, active=0, idle=5, waiting=0)
2026-03-24 20:59:10.068 [HikariPool-1 housekeeper] DEBUG [N/A] [N/A] com.zaxxer.hikari.pool.HikariPool - HikariPool-1 - Fill pool skipped, pool has sufficient level or currently being filled.
2026-03-24 20:59:40.072 [HikariPool-1 housekeeper] DEBUG [N/A] [N/A] com.zaxxer.hikari.pool.HikariPool - HikariPool-1 - Before cleanup stats (total=5, active=0, idle=5, waiting=0)
2026-03-24 20:59:40.075 [HikariPool-1 housekeeper] DEBUG [N/A] [N/A] com.zaxxer.hikari.pool.HikariPool - HikariPool-1 - After cleanup  stats (total=5, active=0, idle=5, waiting=0)
2026-03-24 20:59:40.076 [HikariPool-1 housekeeper] DEBUG [N/A] [N/A] com.zaxxer.hikari.pool.HikariPool - HikariPool-1 - Fill pool skipped, pool has sufficient level or currently being filled.
2026-03-24 21:00:10.080 [HikariPool-1 housekeeper] DEBUG [N/A] [N/A] com.zaxxer.hikari.pool.HikariPool - HikariPool-1 - Before cleanup stats (total=5, active=0, idle=5, waiting=0)
2026-03-24 21:00:10.083 [HikariPool-1 housekeeper] DEBUG [N/A] [N/A] com.zaxxer.hikari.pool.HikariPool - HikariPool-1 - After cleanup  stats (total=5, active=0, idle=5, waiting=0)
2026-03-24 21:00:10.084 [HikariPool-1 housekeeper] DEBUG [N/A] [N/A] com.zaxxer.hikari.pool.HikariPool - HikariPool-1 - Fill pool skipped, pool has sufficient level or currently being filled.
2026-03-24 21:00:40.089 [HikariPool-1 housekeeper] DEBUG [N/A] [N/A] com.zaxxer.hikari.pool.HikariPool - HikariPool-1 - Before cleanup stats (total=5, active=0, idle=5, waiting=0)
2026-03-24 21:00:40.089 [HikariPool-1 housekeeper] DEBUG [N/A] [N/A] com.zaxxer.hikari.pool.HikariPool - HikariPool-1 - After cleanup  stats (total=5, active=0, idle=5, waiting=0)
2026-03-24 21:00:40.091 [HikariPool-1 housekeeper] DEBUG [N/A] [N/A] com.zaxxer.hikari.pool.HikariPool - HikariPool-1 - Fill pool skipped, pool has sufficient level or currently being filled.
2026-03-24 21:01:10.096 [HikariPool-1 housekeeper] DEBUG [N/A] [N/A] com.zaxxer.hikari.pool.HikariPool - HikariPool-1 - Before cleanup stats (total=5, active=0, idle=5, waiting=0)
2026-03-24 21:01:10.099 [HikariPool-1 housekeeper] DEBUG [N/A] [N/A] com.zaxxer.hikari.pool.HikariPool - HikariPool-1 - After cleanup  stats (total=5, active=0, idle=5, waiting=0)
2026-03-24 21:01:10.099 [HikariPool-1 housekeeper] DEBUG [N/A] [N/A] com.zaxxer.hikari.pool.HikariPool - HikariPool-1 - Fill pool skipped, pool has sufficient level or currently being filled.
2026-03-24 21:01:40.101 [HikariPool-1 housekeeper] DEBUG [N/A] [N/A] com.zaxxer.hikari.pool.HikariPool - HikariPool-1 - Before cleanup stats (total=5, active=0, idle=5, waiting=0)
2026-03-24 21:01:40.102 [HikariPool-1 housekeeper] DEBUG [N/A] [N/A] com.zaxxer.hikari.pool.HikariPool - HikariPool-1 - After cleanup  stats (total=5, active=0, idle=5, waiting=0)
2026-03-24 21:01:40.102 [HikariPool-1 housekeeper] DEBUG [N/A] [N/A] com.zaxxer.hikari.pool.HikariPool - HikariPool-1 - Fill pool skipped, pool has sufficient level or currently being filled.
2026-03-24 21:02:10.106 [HikariPool-1 housekeeper] DEBUG [N/A] [N/A] com.zaxxer.hikari.pool.HikariPool - HikariPool-1 - Before cleanup stats (total=5, active=0, idle=5, waiting=0)
2026-03-24 21:02:10.107 [HikariPool-1 housekeeper] DEBUG [N/A] [N/A] com.zaxxer.hikari.pool.HikariPool - HikariPool-1 - After cleanup  stats (total=5, active=0, idle=5, waiting=0)
2026-03-24 21:02:10.108 [HikariPool-1 housekeeper] DEBUG [N/A] [N/A] com.zaxxer.hikari.pool.HikariPool - HikariPool-1 - Fill pool skipped, pool has sufficient level or currently being filled.
2026-03-24 21:02:40.114 [HikariPool-1 housekeeper] DEBUG [N/A] [N/A] com.zaxxer.hikari.pool.HikariPool - HikariPool-1 - Before cleanup stats (total=5, active=0, idle=5, waiting=0)
2026-03-24 21:02:40.117 [HikariPool-1 housekeeper] DEBUG [N/A] [N/A] com.zaxxer.hikari.pool.HikariPool - HikariPool-1 - After cleanup  stats (total=5, active=0, idle=5, waiting=0)
2026-03-24 21:02:40.119 [HikariPool-1 housekeeper] DEBUG [N/A] [N/A] com.zaxxer.hikari.pool.HikariPool - HikariPool-1 - Fill pool skipped, pool has sufficient level or currently being filled.
2026-03-24 21:03:10.124 [HikariPool-1 housekeeper] DEBUG [N/A] [N/A] com.zaxxer.hikari.pool.HikariPool - HikariPool-1 - Before cleanup stats (total=5, active=0, idle=5, waiting=0)
2026-03-24 21:03:10.126 [HikariPool-1 housekeeper] DEBUG [N/A] [N/A] com.zaxxer.hikari.pool.HikariPool - HikariPool-1 - After cleanup  stats (total=5, active=0, idle=5, waiting=0)
2026-03-24 21:03:10.127 [HikariPool-1 housekeeper] DEBUG [N/A] [N/A] com.zaxxer.hikari.pool.HikariPool - HikariPool-1 - Fill pool skipped, pool has sufficient level or currently being filled.
2026-03-24 21:03:40.133 [HikariPool-1 housekeeper] DEBUG [N/A] [N/A] com.zaxxer.hikari.pool.HikariPool - HikariPool-1 - Before cleanup stats (total=5, active=0, idle=5, waiting=0)
2026-03-24 21:03:40.134 [HikariPool-1 housekeeper] DEBUG [N/A] [N/A] com.zaxxer.hikari.pool.HikariPool - HikariPool-1 - After cleanup  stats (total=5, active=0, idle=5, waiting=0)
2026-03-24 21:03:40.135 [HikariPool-1 housekeeper] DEBUG [N/A] [N/A] com.zaxxer.hikari.pool.HikariPool - HikariPool-1 - Fill pool skipped, pool has sufficient level or currently being filled.
2026-03-24 21:04:10.138 [HikariPool-1 housekeeper] DEBUG [N/A] [N/A] com.zaxxer.hikari.pool.HikariPool - HikariPool-1 - Before cleanup stats (total=5, active=0, idle=5, waiting=0)
2026-03-24 21:04:10.140 [HikariPool-1 housekeeper] DEBUG [N/A] [N/A] com.zaxxer.hikari.pool.HikariPool - HikariPool-1 - After cleanup  stats (total=5, active=0, idle=5, waiting=0)
2026-03-24 21:04:10.140 [HikariPool-1 housekeeper] DEBUG [N/A] [N/A] com.zaxxer.hikari.pool.HikariPool - HikariPool-1 - Fill pool skipped, pool has sufficient level or currently being filled.
2026-03-24 21:04:40.134 [HikariPool-1 housekeeper] DEBUG [N/A] [N/A] com.zaxxer.hikari.pool.HikariPool - HikariPool-1 - Before cleanup stats (total=5, active=0, idle=5, waiting=0)
2026-03-24 21:04:40.136 [HikariPool-1 housekeeper] DEBUG [N/A] [N/A] com.zaxxer.hikari.pool.HikariPool - HikariPool-1 - After cleanup  stats (total=5, active=0, idle=5, waiting=0)
2026-03-24 21:04:40.138 [HikariPool-1 housekeeper] DEBUG [N/A] [N/A] com.zaxxer.hikari.pool.HikariPool - HikariPool-1 - Fill pool skipped, pool has sufficient level or currently being filled.
2026-03-24 21:05:10.137 [HikariPool-1 housekeeper] DEBUG [N/A] [N/A] com.zaxxer.hikari.pool.HikariPool - HikariPool-1 - Before cleanup stats (total=5, active=0, idle=5, waiting=0)
2026-03-24 21:05:10.140 [HikariPool-1 housekeeper] DEBUG [N/A] [N/A] com.zaxxer.hikari.pool.HikariPool - HikariPool-1 - After cleanup  stats (total=5, active=0, idle=5, waiting=0)
2026-03-24 21:05:10.142 [HikariPool-1 housekeeper] DEBUG [N/A] [N/A] com.zaxxer.hikari.pool.HikariPool - HikariPool-1 - Fill pool skipped, pool has sufficient level or currently being filled.
2026-03-24 21:05:40.145 [HikariPool-1 housekeeper] DEBUG [N/A] [N/A] com.zaxxer.hikari.pool.HikariPool - HikariPool-1 - Before cleanup stats (total=5, active=0, idle=5, waiting=0)
2026-03-24 21:05:40.147 [HikariPool-1 housekeeper] DEBUG [N/A] [N/A] com.zaxxer.hikari.pool.HikariPool - HikariPool-1 - After cleanup  stats (total=5, active=0, idle=5, waiting=0)
2026-03-24 21:05:40.148 [HikariPool-1 housekeeper] DEBUG [N/A] [N/A] com.zaxxer.hikari.pool.HikariPool - HikariPool-1 - Fill pool skipped, pool has sufficient level or currently being filled.
2026-03-24 21:06:10.153 [HikariPool-1 housekeeper] DEBUG [N/A] [N/A] com.zaxxer.hikari.pool.HikariPool - HikariPool-1 - Before cleanup stats (total=5, active=0, idle=5, waiting=0)
2026-03-24 21:06:10.156 [HikariPool-1 housekeeper] DEBUG [N/A] [N/A] com.zaxxer.hikari.pool.HikariPool - HikariPool-1 - After cleanup  stats (total=5, active=0, idle=5, waiting=0)
2026-03-24 21:06:10.156 [HikariPool-1 housekeeper] DEBUG [N/A] [N/A] com.zaxxer.hikari.pool.HikariPool - HikariPool-1 - Fill pool skipped, pool has sufficient level or currently being filled.
2026-03-24 21:06:19.557 [HikariPool-1 connection closer] DEBUG [N/A] [N/A] com.zaxxer.hikari.pool.PoolBase - HikariPool-1 - Closing connection org.postgresql.jdbc.PgConnection@343eb74f: (connection has passed maxLifetime)
2026-03-24 21:06:20.129 [HikariPool-1 connection adder] DEBUG [N/A] [N/A] com.zaxxer.hikari.pool.HikariPool - HikariPool-1 - Added connection org.postgresql.jdbc.PgConnection@2e87dedd
2026-03-24 21:06:20.164 [HikariPool-1 connection adder] DEBUG [N/A] [N/A] com.zaxxer.hikari.pool.HikariPool - HikariPool-1 - Connection not added, stats (total=5, active=0, idle=5, waiting=0)
2026-03-24 21:06:40.163 [HikariPool-1 housekeeper] DEBUG [N/A] [N/A] com.zaxxer.hikari.pool.HikariPool - HikariPool-1 - Before cleanup stats (total=5, active=0, idle=5, waiting=0)
2026-03-24 21:06:40.165 [HikariPool-1 housekeeper] DEBUG [N/A] [N/A] com.zaxxer.hikari.pool.HikariPool - HikariPool-1 - After cleanup  stats (total=5, active=0, idle=5, waiting=0)
2026-03-24 21:06:40.166 [HikariPool-1 housekeeper] DEBUG [N/A] [N/A] com.zaxxer.hikari.pool.HikariPool - HikariPool-1 - Fill pool skipped, pool has sufficient level or currently being filled.
2026-03-24 21:07:10.172 [HikariPool-1 housekeeper] DEBUG [N/A] [N/A] com.zaxxer.hikari.pool.HikariPool - HikariPool-1 - Before cleanup stats (total=5, active=0, idle=5, waiting=0)
2026-03-24 21:07:10.172 [HikariPool-1 housekeeper] DEBUG [N/A] [N/A] com.zaxxer.hikari.pool.HikariPool - HikariPool-1 - After cleanup  stats (total=5, active=0, idle=5, waiting=0)
2026-03-24 21:07:10.174 [HikariPool-1 housekeeper] DEBUG [N/A] [N/A] com.zaxxer.hikari.pool.HikariPool - HikariPool-1 - Fill pool skipped, pool has sufficient level or currently being filled.
2026-03-24 21:07:40.181 [HikariPool-1 housekeeper] DEBUG [N/A] [N/A] com.zaxxer.hikari.pool.HikariPool - HikariPool-1 - Before cleanup stats (total=5, active=0, idle=5, waiting=0)
2026-03-24 21:07:40.184 [HikariPool-1 housekeeper] DEBUG [N/A] [N/A] com.zaxxer.hikari.pool.HikariPool - HikariPool-1 - After cleanup  stats (total=5, active=0, idle=5, waiting=0)
2026-03-24 21:07:40.184 [HikariPool-1 housekeeper] DEBUG [N/A] [N/A] com.zaxxer.hikari.pool.HikariPool - HikariPool-1 - Fill pool skipped, pool has sufficient level or currently being filled.
2026-03-24 21:07:49.471 [HikariPool-1 connection closer] DEBUG [N/A] [N/A] com.zaxxer.hikari.pool.PoolBase - HikariPool-1 - Closing connection org.postgresql.jdbc.PgConnection@8472083: (connection has passed maxLifetime)
2026-03-24 21:07:49.869 [HikariPool-1 connection adder] DEBUG [N/A] [N/A] com.zaxxer.hikari.pool.HikariPool - HikariPool-1 - Added connection org.postgresql.jdbc.PgConnection@4bf2ead9
2026-03-24 21:07:49.900 [HikariPool-1 connection adder] DEBUG [N/A] [N/A] com.zaxxer.hikari.pool.HikariPool - HikariPool-1 - Connection not added, stats (total=5, active=0, idle=5, waiting=0)
2026-03-24 21:07:54.967 [HikariPool-1 connection closer] DEBUG [N/A] [N/A] com.zaxxer.hikari.pool.PoolBase - HikariPool-1 - Closing connection org.postgresql.jdbc.PgConnection@680ce23: (connection has passed maxLifetime)
2026-03-24 21:07:56.216 [HikariPool-1 connection adder] DEBUG [N/A] [N/A] com.zaxxer.hikari.pool.HikariPool - HikariPool-1 - Added connection org.postgresql.jdbc.PgConnection@2bc8ce61
2026-03-24 21:07:56.253 [HikariPool-1 connection adder] DEBUG [N/A] [N/A] com.zaxxer.hikari.pool.HikariPool - HikariPool-1 - Connection not added, stats (total=5, active=0, idle=5, waiting=0)
2026-03-24 21:07:56.381 [HikariPool-1 connection closer] DEBUG [N/A] [N/A] com.zaxxer.hikari.pool.PoolBase - HikariPool-1 - Closing connection org.postgresql.jdbc.PgConnection@9d9cf81: (connection has passed maxLifetime)
2026-03-24 21:07:57.108 [HikariPool-1 connection adder] DEBUG [N/A] [N/A] com.zaxxer.hikari.pool.HikariPool - HikariPool-1 - Added connection org.postgresql.jdbc.PgConnection@250f2568
2026-03-24 21:07:57.146 [HikariPool-1 connection adder] DEBUG [N/A] [N/A] com.zaxxer.hikari.pool.HikariPool - HikariPool-1 - Connection not added, stats (total=5, active=0, idle=5, waiting=0)
2026-03-24 21:08:01.164 [HikariPool-1 connection closer] DEBUG [N/A] [N/A] com.zaxxer.hikari.pool.PoolBase - HikariPool-1 - Closing connection org.postgresql.jdbc.PgConnection@5ebbbc24: (connection has passed maxLifetime)
2026-03-24 21:08:01.809 [HikariPool-1 connection adder] DEBUG [N/A] [N/A] com.zaxxer.hikari.pool.HikariPool - HikariPool-1 - Added connection org.postgresql.jdbc.PgConnection@2130a511
2026-03-24 21:08:01.840 [HikariPool-1 connection adder] DEBUG [N/A] [N/A] com.zaxxer.hikari.pool.HikariPool - HikariPool-1 - Connection not added, stats (total=5, active=0, idle=5, waiting=0)
2026-03-24 21:08:10.192 [HikariPool-1 housekeeper] DEBUG [N/A] [N/A] com.zaxxer.hikari.pool.HikariPool - HikariPool-1 - Before cleanup stats (total=5, active=0, idle=5, waiting=0)
2026-03-24 21:08:10.192 [HikariPool-1 housekeeper] DEBUG [N/A] [N/A] com.zaxxer.hikari.pool.HikariPool - HikariPool-1 - After cleanup  stats (total=5, active=0, idle=5, waiting=0)
2026-03-24 21:08:10.193 [HikariPool-1 housekeeper] DEBUG [N/A] [N/A] com.zaxxer.hikari.pool.HikariPool - HikariPool-1 - Fill pool skipped, pool has sufficient level or currently being filled.
2026-03-24 21:08:40.199 [HikariPool-1 housekeeper] DEBUG [N/A] [N/A] com.zaxxer.hikari.pool.HikariPool - HikariPool-1 - Before cleanup stats (total=5, active=0, idle=5, waiting=0)
2026-03-24 21:08:40.201 [HikariPool-1 housekeeper] DEBUG [N/A] [N/A] com.zaxxer.hikari.pool.HikariPool - HikariPool-1 - After cleanup  stats (total=5, active=0, idle=5, waiting=0)
2026-03-24 21:08:40.202 [HikariPool-1 housekeeper] DEBUG [N/A] [N/A] com.zaxxer.hikari.pool.HikariPool - HikariPool-1 - Fill pool skipped, pool has sufficient level or currently being filled.
2026-03-24 21:09:10.206 [HikariPool-1 housekeeper] DEBUG [N/A] [N/A] com.zaxxer.hikari.pool.HikariPool - HikariPool-1 - Before cleanup stats (total=5, active=0, idle=5, waiting=0)
2026-03-24 21:09:10.207 [HikariPool-1 housekeeper] DEBUG [N/A] [N/A] com.zaxxer.hikari.pool.HikariPool - HikariPool-1 - After cleanup  stats (total=5, active=0, idle=5, waiting=0)
2026-03-24 21:09:10.208 [HikariPool-1 housekeeper] DEBUG [N/A] [N/A] com.zaxxer.hikari.pool.HikariPool - HikariPool-1 - Fill pool skipped, pool has sufficient level or currently being filled.
2026-03-24 21:09:40.210 [HikariPool-1 housekeeper] DEBUG [N/A] [N/A] com.zaxxer.hikari.pool.HikariPool - HikariPool-1 - Before cleanup stats (total=5, active=0, idle=5, waiting=0)
2026-03-24 21:09:40.211 [HikariPool-1 housekeeper] DEBUG [N/A] [N/A] com.zaxxer.hikari.pool.HikariPool - HikariPool-1 - After cleanup  stats (total=5, active=0, idle=5, waiting=0)
2026-03-24 21:09:40.212 [HikariPool-1 housekeeper] DEBUG [N/A] [N/A] com.zaxxer.hikari.pool.HikariPool - HikariPool-1 - Fill pool skipped, pool has sufficient level or currently being filled.
2026-03-24 21:10:10.223 [HikariPool-1 housekeeper] DEBUG [N/A] [N/A] com.zaxxer.hikari.pool.HikariPool - HikariPool-1 - Before cleanup stats (total=5, active=0, idle=5, waiting=0)
2026-03-24 21:10:10.223 [HikariPool-1 housekeeper] DEBUG [N/A] [N/A] com.zaxxer.hikari.pool.HikariPool - HikariPool-1 - After cleanup  stats (total=5, active=0, idle=5, waiting=0)
2026-03-24 21:10:10.224 [HikariPool-1 housekeeper] DEBUG [N/A] [N/A] com.zaxxer.hikari.pool.HikariPool - HikariPool-1 - Fill pool skipped, pool has sufficient level or currently being filled.
2026-03-24 21:10:40.225 [HikariPool-1 housekeeper] DEBUG [N/A] [N/A] com.zaxxer.hikari.pool.HikariPool - HikariPool-1 - Before cleanup stats (total=5, active=0, idle=5, waiting=0)
2026-03-24 21:10:40.225 [HikariPool-1 housekeeper] DEBUG [N/A] [N/A] com.zaxxer.hikari.pool.HikariPool - HikariPool-1 - After cleanup  stats (total=5, active=0, idle=5, waiting=0)
2026-03-24 21:10:40.225 [HikariPool-1 housekeeper] DEBUG [N/A] [N/A] com.zaxxer.hikari.pool.HikariPool - HikariPool-1 - Fill pool skipped, pool has sufficient level or currently being filled.
2026-03-24 21:11:10.228 [HikariPool-1 housekeeper] DEBUG [N/A] [N/A] com.zaxxer.hikari.pool.HikariPool - HikariPool-1 - Before cleanup stats (total=5, active=0, idle=5, waiting=0)
2026-03-24 21:11:10.229 [HikariPool-1 housekeeper] DEBUG [N/A] [N/A] com.zaxxer.hikari.pool.HikariPool - HikariPool-1 - After cleanup  stats (total=5, active=0, idle=5, waiting=0)
2026-03-24 21:11:10.229 [HikariPool-1 housekeeper] DEBUG [N/A] [N/A] com.zaxxer.hikari.pool.HikariPool - HikariPool-1 - Fill pool skipped, pool has sufficient level or currently being filled.
2026-03-24 21:11:40.235 [HikariPool-1 housekeeper] DEBUG [N/A] [N/A] com.zaxxer.hikari.pool.HikariPool - HikariPool-1 - Before cleanup stats (total=5, active=0, idle=5, waiting=0)
2026-03-24 21:11:40.241 [HikariPool-1 housekeeper] DEBUG [N/A] [N/A] com.zaxxer.hikari.pool.HikariPool - HikariPool-1 - After cleanup  stats (total=5, active=0, idle=5, waiting=0)
2026-03-24 21:11:40.241 [HikariPool-1 housekeeper] DEBUG [N/A] [N/A] com.zaxxer.hikari.pool.HikariPool - HikariPool-1 - Fill pool skipped, pool has sufficient level or currently being filled.
2026-03-24 21:12:10.250 [HikariPool-1 housekeeper] DEBUG [N/A] [N/A] com.zaxxer.hikari.pool.HikariPool - HikariPool-1 - Before cleanup stats (total=5, active=0, idle=5, waiting=0)
2026-03-24 21:12:10.250 [HikariPool-1 housekeeper] DEBUG [N/A] [N/A] com.zaxxer.hikari.pool.HikariPool - HikariPool-1 - After cleanup  stats (total=5, active=0, idle=5, waiting=0)
2026-03-24 21:12:10.251 [HikariPool-1 housekeeper] DEBUG [N/A] [N/A] com.zaxxer.hikari.pool.HikariPool - HikariPool-1 - Fill pool skipped, pool has sufficient level or currently being filled.
2026-03-24 21:12:40.261 [HikariPool-1 housekeeper] DEBUG [N/A] [N/A] com.zaxxer.hikari.pool.HikariPool - HikariPool-1 - Before cleanup stats (total=5, active=0, idle=5, waiting=0)
2026-03-24 21:12:40.262 [HikariPool-1 housekeeper] DEBUG [N/A] [N/A] com.zaxxer.hikari.pool.HikariPool - HikariPool-1 - After cleanup  stats (total=5, active=0, idle=5, waiting=0)
2026-03-24 21:12:40.262 [HikariPool-1 housekeeper] DEBUG [N/A] [N/A] com.zaxxer.hikari.pool.HikariPool - HikariPool-1 - Fill pool skipped, pool has sufficient level or currently being filled.
2026-03-24 21:13:10.270 [HikariPool-1 housekeeper] DEBUG [N/A] [N/A] com.zaxxer.hikari.pool.HikariPool - HikariPool-1 - Before cleanup stats (total=5, active=0, idle=5, waiting=0)
2026-03-24 21:13:10.271 [HikariPool-1 housekeeper] DEBUG [N/A] [N/A] com.zaxxer.hikari.pool.HikariPool - HikariPool-1 - After cleanup  stats (total=5, active=0, idle=5, waiting=0)
2026-03-24 21:13:10.271 [HikariPool-1 housekeeper] DEBUG [N/A] [N/A] com.zaxxer.hikari.pool.HikariPool - HikariPool-1 - Fill pool skipped, pool has sufficient level or currently being filled.
2026-03-24 21:13:40.279 [HikariPool-1 housekeeper] DEBUG [N/A] [N/A] com.zaxxer.hikari.pool.HikariPool - HikariPool-1 - Before cleanup stats (total=5, active=0, idle=5, waiting=0)
2026-03-24 21:13:40.289 [HikariPool-1 housekeeper] DEBUG [N/A] [N/A] com.zaxxer.hikari.pool.HikariPool - HikariPool-1 - After cleanup  stats (total=5, active=0, idle=5, waiting=0)
2026-03-24 21:13:40.289 [HikariPool-1 housekeeper] DEBUG [N/A] [N/A] com.zaxxer.hikari.pool.HikariPool - HikariPool-1 - Fill pool skipped, pool has sufficient level or currently being filled.
2026-03-24 21:14:10.295 [HikariPool-1 housekeeper] DEBUG [N/A] [N/A] com.zaxxer.hikari.pool.HikariPool - HikariPool-1 - Before cleanup stats (total=5, active=0, idle=5, waiting=0)
2026-03-24 21:14:10.296 [HikariPool-1 housekeeper] DEBUG [N/A] [N/A] com.zaxxer.hikari.pool.HikariPool - HikariPool-1 - After cleanup  stats (total=5, active=0, idle=5, waiting=0)
2026-03-24 21:14:10.297 [HikariPool-1 housekeeper] DEBUG [N/A] [N/A] com.zaxxer.hikari.pool.HikariPool - HikariPool-1 - Fill pool skipped, pool has sufficient level or currently being filled.
2026-03-24 21:14:40.298 [HikariPool-1 housekeeper] DEBUG [N/A] [N/A] com.zaxxer.hikari.pool.HikariPool - HikariPool-1 - Before cleanup stats (total=5, active=0, idle=5, waiting=0)
2026-03-24 21:14:40.299 [HikariPool-1 housekeeper] DEBUG [N/A] [N/A] com.zaxxer.hikari.pool.HikariPool - HikariPool-1 - After cleanup  stats (total=5, active=0, idle=5, waiting=0)
2026-03-24 21:14:40.300 [HikariPool-1 housekeeper] DEBUG [N/A] [N/A] com.zaxxer.hikari.pool.HikariPool - HikariPool-1 - Fill pool skipped, pool has sufficient level or currently being filled.
2026-03-24 21:15:10.301 [HikariPool-1 housekeeper] DEBUG [N/A] [N/A] com.zaxxer.hikari.pool.HikariPool - HikariPool-1 - Before cleanup stats (total=5, active=0, idle=5, waiting=0)
2026-03-24 21:15:10.302 [HikariPool-1 housekeeper] DEBUG [N/A] [N/A] com.zaxxer.hikari.pool.HikariPool - HikariPool-1 - After cleanup  stats (total=5, active=0, idle=5, waiting=0)
2026-03-24 21:15:10.302 [HikariPool-1 housekeeper] DEBUG [N/A] [N/A] com.zaxxer.hikari.pool.HikariPool - HikariPool-1 - Fill pool skipped, pool has sufficient level or currently being filled.
2026-03-24 21:15:40.302 [HikariPool-1 housekeeper] DEBUG [N/A] [N/A] com.zaxxer.hikari.pool.HikariPool - HikariPool-1 - Before cleanup stats (total=5, active=0, idle=5, waiting=0)
2026-03-24 21:15:40.303 [HikariPool-1 housekeeper] DEBUG [N/A] [N/A] com.zaxxer.hikari.pool.HikariPool - HikariPool-1 - After cleanup  stats (total=5, active=0, idle=5, waiting=0)
2026-03-24 21:15:40.304 [HikariPool-1 housekeeper] DEBUG [N/A] [N/A] com.zaxxer.hikari.pool.HikariPool - HikariPool-1 - Fill pool skipped, pool has sufficient level or currently being filled.
2026-03-24 21:16:10.311 [HikariPool-1 housekeeper] DEBUG [N/A] [N/A] com.zaxxer.hikari.pool.HikariPool - HikariPool-1 - Before cleanup stats (total=5, active=0, idle=5, waiting=0)
2026-03-24 21:16:10.312 [HikariPool-1 housekeeper] DEBUG [N/A] [N/A] com.zaxxer.hikari.pool.HikariPool - HikariPool-1 - After cleanup  stats (total=5, active=0, idle=5, waiting=0)
2026-03-24 21:16:10.312 [HikariPool-1 housekeeper] DEBUG [N/A] [N/A] com.zaxxer.hikari.pool.HikariPool - HikariPool-1 - Fill pool skipped, pool has sufficient level or currently being filled.
2026-03-24 21:16:40.314 [HikariPool-1 housekeeper] DEBUG [N/A] [N/A] com.zaxxer.hikari.pool.HikariPool - HikariPool-1 - Before cleanup stats (total=5, active=0, idle=5, waiting=0)
2026-03-24 21:16:40.314 [HikariPool-1 housekeeper] DEBUG [N/A] [N/A] com.zaxxer.hikari.pool.HikariPool - HikariPool-1 - After cleanup  stats (total=5, active=0, idle=5, waiting=0)
2026-03-24 21:16:40.315 [HikariPool-1 housekeeper] DEBUG [N/A] [N/A] com.zaxxer.hikari.pool.HikariPool - HikariPool-1 - Fill pool skipped, pool has sufficient level or currently being filled.
2026-03-24 21:17:10.323 [HikariPool-1 housekeeper] DEBUG [N/A] [N/A] com.zaxxer.hikari.pool.HikariPool - HikariPool-1 - Before cleanup stats (total=5, active=0, idle=5, waiting=0)
2026-03-24 21:17:10.324 [HikariPool-1 housekeeper] DEBUG [N/A] [N/A] com.zaxxer.hikari.pool.HikariPool - HikariPool-1 - After cleanup  stats (total=5, active=0, idle=5, waiting=0)
2026-03-24 21:17:10.324 [HikariPool-1 housekeeper] DEBUG [N/A] [N/A] com.zaxxer.hikari.pool.HikariPool - HikariPool-1 - Fill pool skipped, pool has sufficient level or currently being filled.
2026-03-24 21:17:40.327 [HikariPool-1 housekeeper] DEBUG [N/A] [N/A] com.zaxxer.hikari.pool.HikariPool - HikariPool-1 - Before cleanup stats (total=5, active=0, idle=5, waiting=0)
2026-03-24 21:17:40.335 [HikariPool-1 housekeeper] DEBUG [N/A] [N/A] com.zaxxer.hikari.pool.HikariPool - HikariPool-1 - After cleanup  stats (total=5, active=0, idle=5, waiting=0)
2026-03-24 21:17:40.335 [HikariPool-1 housekeeper] DEBUG [N/A] [N/A] com.zaxxer.hikari.pool.HikariPool - HikariPool-1 - Fill pool skipped, pool has sufficient level or currently being filled.
2026-03-24 21:18:10.337 [HikariPool-1 housekeeper] DEBUG [N/A] [N/A] com.zaxxer.hikari.pool.HikariPool - HikariPool-1 - Before cleanup stats (total=5, active=0, idle=5, waiting=0)
2026-03-24 21:18:10.337 [HikariPool-1 housekeeper] DEBUG [N/A] [N/A] com.zaxxer.hikari.pool.HikariPool - HikariPool-1 - After cleanup  stats (total=5, active=0, idle=5, waiting=0)
2026-03-24 21:18:10.337 [HikariPool-1 housekeeper] DEBUG [N/A] [N/A] com.zaxxer.hikari.pool.HikariPool - HikariPool-1 - Fill pool skipped, pool has sufficient level or currently being filled.
2026-03-24 21:18:40.338 [HikariPool-1 housekeeper] DEBUG [N/A] [N/A] com.zaxxer.hikari.pool.HikariPool - HikariPool-1 - Before cleanup stats (total=5, active=0, idle=5, waiting=0)
2026-03-24 21:18:40.339 [HikariPool-1 housekeeper] DEBUG [N/A] [N/A] com.zaxxer.hikari.pool.HikariPool - HikariPool-1 - After cleanup  stats (total=5, active=0, idle=5, waiting=0)
2026-03-24 21:18:40.339 [HikariPool-1 housekeeper] DEBUG [N/A] [N/A] com.zaxxer.hikari.pool.HikariPool - HikariPool-1 - Fill pool skipped, pool has sufficient level or currently being filled.
2026-03-24 21:19:10.349 [HikariPool-1 housekeeper] DEBUG [N/A] [N/A] com.zaxxer.hikari.pool.HikariPool - HikariPool-1 - Before cleanup stats (total=5, active=0, idle=5, waiting=0)
2026-03-24 21:19:10.349 [HikariPool-1 housekeeper] DEBUG [N/A] [N/A] com.zaxxer.hikari.pool.HikariPool - HikariPool-1 - After cleanup  stats (total=5, active=0, idle=5, waiting=0)
2026-03-24 21:19:10.351 [HikariPool-1 housekeeper] DEBUG [N/A] [N/A] com.zaxxer.hikari.pool.HikariPool - HikariPool-1 - Fill pool skipped, pool has sufficient level or currently being filled.
2026-03-24 21:19:40.346 [HikariPool-1 housekeeper] DEBUG [N/A] [N/A] com.zaxxer.hikari.pool.HikariPool - HikariPool-1 - Before cleanup stats (total=5, active=0, idle=5, waiting=0)
2026-03-24 21:19:40.346 [HikariPool-1 housekeeper] DEBUG [N/A] [N/A] com.zaxxer.hikari.pool.HikariPool - HikariPool-1 - After cleanup  stats (total=5, active=0, idle=5, waiting=0)
2026-03-24 21:19:40.346 [HikariPool-1 housekeeper] DEBUG [N/A] [N/A] com.zaxxer.hikari.pool.HikariPool - HikariPool-1 - Fill pool skipped, pool has sufficient level or currently being filled.
2026-03-24 21:20:10.346 [HikariPool-1 housekeeper] DEBUG [N/A] [N/A] com.zaxxer.hikari.pool.HikariPool - HikariPool-1 - Before cleanup stats (total=5, active=0, idle=5, waiting=0)
2026-03-24 21:20:10.347 [HikariPool-1 housekeeper] DEBUG [N/A] [N/A] com.zaxxer.hikari.pool.HikariPool - HikariPool-1 - After cleanup  stats (total=5, active=0, idle=5, waiting=0)
2026-03-24 21:20:10.347 [HikariPool-1 housekeeper] DEBUG [N/A] [N/A] com.zaxxer.hikari.pool.HikariPool - HikariPool-1 - Fill pool skipped, pool has sufficient level or currently being filled.
2026-03-24 21:20:40.348 [HikariPool-1 housekeeper] DEBUG [N/A] [N/A] com.zaxxer.hikari.pool.HikariPool - HikariPool-1 - Before cleanup stats (total=5, active=0, idle=5, waiting=0)
2026-03-24 21:20:40.349 [HikariPool-1 housekeeper] DEBUG [N/A] [N/A] com.zaxxer.hikari.pool.HikariPool - HikariPool-1 - After cleanup  stats (total=5, active=0, idle=5, waiting=0)
2026-03-24 21:20:40.350 [HikariPool-1 housekeeper] DEBUG [N/A] [N/A] com.zaxxer.hikari.pool.HikariPool - HikariPool-1 - Fill pool skipped, pool has sufficient level or currently being filled.
2026-03-24 21:21:10.358 [HikariPool-1 housekeeper] DEBUG [N/A] [N/A] com.zaxxer.hikari.pool.HikariPool - HikariPool-1 - Before cleanup stats (total=5, active=0, idle=5, waiting=0)
2026-03-24 21:21:10.359 [HikariPool-1 housekeeper] DEBUG [N/A] [N/A] com.zaxxer.hikari.pool.HikariPool - HikariPool-1 - After cleanup  stats (total=5, active=0, idle=5, waiting=0)
2026-03-24 21:21:10.359 [HikariPool-1 housekeeper] DEBUG [N/A] [N/A] com.zaxxer.hikari.pool.HikariPool - HikariPool-1 - Fill pool skipped, pool has sufficient level or currently being filled.
2026-03-24 21:21:40.359 [HikariPool-1 housekeeper] DEBUG [N/A] [N/A] com.zaxxer.hikari.pool.HikariPool - HikariPool-1 - Before cleanup stats (total=5, active=0, idle=5, waiting=0)
2026-03-24 21:21:40.364 [HikariPool-1 housekeeper] DEBUG [N/A] [N/A] com.zaxxer.hikari.pool.HikariPool - HikariPool-1 - After cleanup  stats (total=5, active=0, idle=5, waiting=0)
2026-03-24 21:21:40.364 [HikariPool-1 housekeeper] DEBUG [N/A] [N/A] com.zaxxer.hikari.pool.HikariPool - HikariPool-1 - Fill pool skipped, pool has sufficient level or currently being filled.
2026-03-24 21:22:10.366 [HikariPool-1 housekeeper] DEBUG [N/A] [N/A] com.zaxxer.hikari.pool.HikariPool - HikariPool-1 - Before cleanup stats (total=5, active=0, idle=5, waiting=0)
2026-03-24 21:22:10.367 [HikariPool-1 housekeeper] DEBUG [N/A] [N/A] com.zaxxer.hikari.pool.HikariPool - HikariPool-1 - After cleanup  stats (total=5, active=0, idle=5, waiting=0)
2026-03-24 21:22:10.367 [HikariPool-1 housekeeper] DEBUG [N/A] [N/A] com.zaxxer.hikari.pool.HikariPool - HikariPool-1 - Fill pool skipped, pool has sufficient level or currently being filled.
2026-03-24 21:22:40.367 [HikariPool-1 housekeeper] DEBUG [N/A] [N/A] com.zaxxer.hikari.pool.HikariPool - HikariPool-1 - Before cleanup stats (total=5, active=0, idle=5, waiting=0)
2026-03-24 21:22:40.369 [HikariPool-1 housekeeper] DEBUG [N/A] [N/A] com.zaxxer.hikari.pool.HikariPool - HikariPool-1 - After cleanup  stats (total=5, active=0, idle=5, waiting=0)
2026-03-24 21:22:40.369 [HikariPool-1 housekeeper] DEBUG [N/A] [N/A] com.zaxxer.hikari.pool.HikariPool - HikariPool-1 - Fill pool skipped, pool has sufficient level or currently being filled.
2026-03-24 21:23:10.376 [HikariPool-1 housekeeper] DEBUG [N/A] [N/A] com.zaxxer.hikari.pool.HikariPool - HikariPool-1 - Before cleanup stats (total=5, active=0, idle=5, waiting=0)
2026-03-24 21:23:10.377 [HikariPool-1 housekeeper] DEBUG [N/A] [N/A] com.zaxxer.hikari.pool.HikariPool - HikariPool-1 - After cleanup  stats (total=5, active=0, idle=5, waiting=0)
2026-03-24 21:23:10.377 [HikariPool-1 housekeeper] DEBUG [N/A] [N/A] com.zaxxer.hikari.pool.HikariPool - HikariPool-1 - Fill pool skipped, pool has sufficient level or currently being filled.
2026-03-24 21:23:40.379 [HikariPool-1 housekeeper] DEBUG [N/A] [N/A] com.zaxxer.hikari.pool.HikariPool - HikariPool-1 - Before cleanup stats (total=5, active=0, idle=5, waiting=0)
2026-03-24 21:23:40.379 [HikariPool-1 housekeeper] DEBUG [N/A] [N/A] com.zaxxer.hikari.pool.HikariPool - HikariPool-1 - After cleanup  stats (total=5, active=0, idle=5, waiting=0)
2026-03-24 21:23:40.379 [HikariPool-1 housekeeper] DEBUG [N/A] [N/A] com.zaxxer.hikari.pool.HikariPool - HikariPool-1 - Fill pool skipped, pool has sufficient level or currently being filled.
2026-03-24 21:24:10.381 [HikariPool-1 housekeeper] DEBUG [N/A] [N/A] com.zaxxer.hikari.pool.HikariPool - HikariPool-1 - Before cleanup stats (total=5, active=0, idle=5, waiting=0)
2026-03-24 21:24:10.383 [HikariPool-1 housekeeper] DEBUG [N/A] [N/A] com.zaxxer.hikari.pool.HikariPool - HikariPool-1 - After cleanup  stats (total=5, active=0, idle=5, waiting=0)
2026-03-24 21:24:10.383 [HikariPool-1 housekeeper] DEBUG [N/A] [N/A] com.zaxxer.hikari.pool.HikariPool - HikariPool-1 - Fill pool skipped, pool has sufficient level or currently being filled.
2026-03-24 21:24:40.388 [HikariPool-1 housekeeper] DEBUG [N/A] [N/A] com.zaxxer.hikari.pool.HikariPool - HikariPool-1 - Before cleanup stats (total=5, active=0, idle=5, waiting=0)
2026-03-24 21:24:40.389 [HikariPool-1 housekeeper] DEBUG [N/A] [N/A] com.zaxxer.hikari.pool.HikariPool - HikariPool-1 - After cleanup  stats (total=5, active=0, idle=5, waiting=0)
2026-03-24 21:24:40.390 [HikariPool-1 housekeeper] DEBUG [N/A] [N/A] com.zaxxer.hikari.pool.HikariPool - HikariPool-1 - Fill pool skipped, pool has sufficient level or currently being filled.
2026-03-24 21:25:10.397 [HikariPool-1 housekeeper] DEBUG [N/A] [N/A] com.zaxxer.hikari.pool.HikariPool - HikariPool-1 - Before cleanup stats (total=5, active=0, idle=5, waiting=0)
2026-03-24 21:25:10.398 [HikariPool-1 housekeeper] DEBUG [N/A] [N/A] com.zaxxer.hikari.pool.HikariPool - HikariPool-1 - After cleanup  stats (total=5, active=0, idle=5, waiting=0)
2026-03-24 21:25:10.399 [HikariPool-1 housekeeper] DEBUG [N/A] [N/A] com.zaxxer.hikari.pool.HikariPool - HikariPool-1 - Fill pool skipped, pool has sufficient level or currently being filled.
2026-03-24 21:25:40.406 [HikariPool-1 housekeeper] DEBUG [N/A] [N/A] com.zaxxer.hikari.pool.HikariPool - HikariPool-1 - Before cleanup stats (total=5, active=0, idle=5, waiting=0)
2026-03-24 21:25:40.406 [HikariPool-1 housekeeper] DEBUG [N/A] [N/A] com.zaxxer.hikari.pool.HikariPool - HikariPool-1 - After cleanup  stats (total=5, active=0, idle=5, waiting=0)
2026-03-24 21:25:40.406 [HikariPool-1 housekeeper] DEBUG [N/A] [N/A] com.zaxxer.hikari.pool.HikariPool - HikariPool-1 - Fill pool skipped, pool has sufficient level or currently being filled.
2026-03-24 21:26:10.411 [HikariPool-1 housekeeper] DEBUG [N/A] [N/A] com.zaxxer.hikari.pool.HikariPool - HikariPool-1 - Before cleanup stats (total=5, active=0, idle=5, waiting=0)
2026-03-24 21:26:10.411 [HikariPool-1 housekeeper] DEBUG [N/A] [N/A] com.zaxxer.hikari.pool.HikariPool - HikariPool-1 - After cleanup  stats (total=5, active=0, idle=5, waiting=0)
2026-03-24 21:26:10.411 [HikariPool-1 housekeeper] DEBUG [N/A] [N/A] com.zaxxer.hikari.pool.HikariPool - HikariPool-1 - Fill pool skipped, pool has sufficient level or currently being filled.
2026-03-24 21:26:40.417 [HikariPool-1 housekeeper] DEBUG [N/A] [N/A] com.zaxxer.hikari.pool.HikariPool - HikariPool-1 - Before cleanup stats (total=5, active=0, idle=5, waiting=0)
2026-03-24 21:26:40.419 [HikariPool-1 housekeeper] DEBUG [N/A] [N/A] com.zaxxer.hikari.pool.HikariPool - HikariPool-1 - After cleanup  stats (total=5, active=0, idle=5, waiting=0)
2026-03-24 21:26:40.421 [HikariPool-1 housekeeper] DEBUG [N/A] [N/A] com.zaxxer.hikari.pool.HikariPool - HikariPool-1 - Fill pool skipped, pool has sufficient level or currently being filled.
2026-03-24 21:27:10.424 [HikariPool-1 housekeeper] DEBUG [N/A] [N/A] com.zaxxer.hikari.pool.HikariPool - HikariPool-1 - Before cleanup stats (total=5, active=0, idle=5, waiting=0)
2026-03-24 21:27:10.426 [HikariPool-1 housekeeper] DEBUG [N/A] [N/A] com.zaxxer.hikari.pool.HikariPool - HikariPool-1 - After cleanup  stats (total=5, active=0, idle=5, waiting=0)
2026-03-24 21:27:10.426 [HikariPool-1 housekeeper] DEBUG [N/A] [N/A] com.zaxxer.hikari.pool.HikariPool - HikariPool-1 - Fill pool skipped, pool has sufficient level or currently being filled.
2026-03-24 21:27:40.428 [HikariPool-1 housekeeper] DEBUG [N/A] [N/A] com.zaxxer.hikari.pool.HikariPool - HikariPool-1 - Before cleanup stats (total=5, active=0, idle=5, waiting=0)
2026-03-24 21:27:40.432 [HikariPool-1 housekeeper] DEBUG [N/A] [N/A] com.zaxxer.hikari.pool.HikariPool - HikariPool-1 - After cleanup  stats (total=5, active=0, idle=5, waiting=0)
2026-03-24 21:27:40.433 [HikariPool-1 housekeeper] DEBUG [N/A] [N/A] com.zaxxer.hikari.pool.HikariPool - HikariPool-1 - Fill pool skipped, pool has sufficient level or currently being filled.
2026-03-24 21:28:10.440 [HikariPool-1 housekeeper] DEBUG [N/A] [N/A] com.zaxxer.hikari.pool.HikariPool - HikariPool-1 - Before cleanup stats (total=5, active=0, idle=5, waiting=0)
2026-03-24 21:28:10.440 [HikariPool-1 housekeeper] DEBUG [N/A] [N/A] com.zaxxer.hikari.pool.HikariPool - HikariPool-1 - After cleanup  stats (total=5, active=0, idle=5, waiting=0)
2026-03-24 21:28:10.440 [HikariPool-1 housekeeper] DEBUG [N/A] [N/A] com.zaxxer.hikari.pool.HikariPool - HikariPool-1 - Fill pool skipped, pool has sufficient level or currently being filled.
2026-03-24 21:28:40.446 [HikariPool-1 housekeeper] DEBUG [N/A] [N/A] com.zaxxer.hikari.pool.HikariPool - HikariPool-1 - Before cleanup stats (total=5, active=0, idle=5, waiting=0)
2026-03-24 21:28:40.446 [HikariPool-1 housekeeper] DEBUG [N/A] [N/A] com.zaxxer.hikari.pool.HikariPool - HikariPool-1 - After cleanup  stats (total=5, active=0, idle=5, waiting=0)
2026-03-24 21:28:40.446 [HikariPool-1 housekeeper] DEBUG [N/A] [N/A] com.zaxxer.hikari.pool.HikariPool - HikariPool-1 - Fill pool skipped, pool has sufficient level or currently being filled.
2026-03-24 21:29:10.451 [HikariPool-1 housekeeper] DEBUG [N/A] [N/A] com.zaxxer.hikari.pool.HikariPool - HikariPool-1 - Before cleanup stats (total=5, active=0, idle=5, waiting=0)
2026-03-24 21:29:10.452 [HikariPool-1 housekeeper] DEBUG [N/A] [N/A] com.zaxxer.hikari.pool.HikariPool - HikariPool-1 - After cleanup  stats (total=5, active=0, idle=5, waiting=0)
2026-03-24 21:29:10.452 [HikariPool-1 housekeeper] DEBUG [N/A] [N/A] com.zaxxer.hikari.pool.HikariPool - HikariPool-1 - Fill pool skipped, pool has sufficient level or currently being filled.
2026-03-24 21:29:40.459 [HikariPool-1 housekeeper] DEBUG [N/A] [N/A] com.zaxxer.hikari.pool.HikariPool - HikariPool-1 - Before cleanup stats (total=5, active=0, idle=5, waiting=0)
2026-03-24 21:29:40.460 [HikariPool-1 housekeeper] DEBUG [N/A] [N/A] com.zaxxer.hikari.pool.HikariPool - HikariPool-1 - After cleanup  stats (total=5, active=0, idle=5, waiting=0)
2026-03-24 21:29:40.461 [HikariPool-1 housekeeper] DEBUG [N/A] [N/A] com.zaxxer.hikari.pool.HikariPool - HikariPool-1 - Fill pool skipped, pool has sufficient level or currently being filled.
2026-03-24 21:30:10.464 [HikariPool-1 housekeeper] DEBUG [N/A] [N/A] com.zaxxer.hikari.pool.HikariPool - HikariPool-1 - Before cleanup stats (total=5, active=0, idle=5, waiting=0)
2026-03-24 21:30:10.465 [HikariPool-1 housekeeper] DEBUG [N/A] [N/A] com.zaxxer.hikari.pool.HikariPool - HikariPool-1 - After cleanup  stats (total=5, active=0, idle=5, waiting=0)
2026-03-24 21:30:10.466 [HikariPool-1 housekeeper] DEBUG [N/A] [N/A] com.zaxxer.hikari.pool.HikariPool - HikariPool-1 - Fill pool skipped, pool has sufficient level or currently being filled.
2026-03-24 21:30:40.472 [HikariPool-1 housekeeper] DEBUG [N/A] [N/A] com.zaxxer.hikari.pool.HikariPool - HikariPool-1 - Before cleanup stats (total=5, active=0, idle=5, waiting=0)
2026-03-24 21:30:40.473 [HikariPool-1 housekeeper] DEBUG [N/A] [N/A] com.zaxxer.hikari.pool.HikariPool - HikariPool-1 - After cleanup  stats (total=5, active=0, idle=5, waiting=0)
2026-03-24 21:30:40.473 [HikariPool-1 housekeeper] DEBUG [N/A] [N/A] com.zaxxer.hikari.pool.HikariPool - HikariPool-1 - Fill pool skipped, pool has sufficient level or currently being filled.
2026-03-24 21:31:10.475 [HikariPool-1 housekeeper] DEBUG [N/A] [N/A] com.zaxxer.hikari.pool.HikariPool - HikariPool-1 - Before cleanup stats (total=5, active=0, idle=5, waiting=0)
2026-03-24 21:31:10.476 [HikariPool-1 housekeeper] DEBUG [N/A] [N/A] com.zaxxer.hikari.pool.HikariPool - HikariPool-1 - After cleanup  stats (total=5, active=0, idle=5, waiting=0)
2026-03-24 21:31:10.477 [HikariPool-1 housekeeper] DEBUG [N/A] [N/A] com.zaxxer.hikari.pool.HikariPool - HikariPool-1 - Fill pool skipped, pool has sufficient level or currently being filled.
2026-03-24 21:31:40.478 [HikariPool-1 housekeeper] DEBUG [N/A] [N/A] com.zaxxer.hikari.pool.HikariPool - HikariPool-1 - Before cleanup stats (total=5, active=0, idle=5, waiting=0)
2026-03-24 21:31:40.479 [HikariPool-1 housekeeper] DEBUG [N/A] [N/A] com.zaxxer.hikari.pool.HikariPool - HikariPool-1 - After cleanup  stats (total=5, active=0, idle=5, waiting=0)
2026-03-24 21:31:40.479 [HikariPool-1 housekeeper] DEBUG [N/A] [N/A] com.zaxxer.hikari.pool.HikariPool - HikariPool-1 - Fill pool skipped, pool has sufficient level or currently being filled.
2026-03-24 21:32:10.481 [HikariPool-1 housekeeper] DEBUG [N/A] [N/A] com.zaxxer.hikari.pool.HikariPool - HikariPool-1 - Before cleanup stats (total=5, active=0, idle=5, waiting=0)
2026-03-24 21:32:10.483 [HikariPool-1 housekeeper] DEBUG [N/A] [N/A] com.zaxxer.hikari.pool.HikariPool - HikariPool-1 - After cleanup  stats (total=5, active=0, idle=5, waiting=0)
2026-03-24 21:32:10.484 [HikariPool-1 housekeeper] DEBUG [N/A] [N/A] com.zaxxer.hikari.pool.HikariPool - HikariPool-1 - Fill pool skipped, pool has sufficient level or currently being filled.
2026-03-24 21:32:40.489 [HikariPool-1 housekeeper] DEBUG [N/A] [N/A] com.zaxxer.hikari.pool.HikariPool - HikariPool-1 - Before cleanup stats (total=5, active=0, idle=5, waiting=0)
2026-03-24 21:32:40.490 [HikariPool-1 housekeeper] DEBUG [N/A] [N/A] com.zaxxer.hikari.pool.HikariPool - HikariPool-1 - After cleanup  stats (total=5, active=0, idle=5, waiting=0)
2026-03-24 21:32:40.490 [HikariPool-1 housekeeper] DEBUG [N/A] [N/A] com.zaxxer.hikari.pool.HikariPool - HikariPool-1 - Fill pool skipped, pool has sufficient level or currently being filled.
2026-03-24 21:33:10.495 [HikariPool-1 housekeeper] DEBUG [N/A] [N/A] com.zaxxer.hikari.pool.HikariPool - HikariPool-1 - Before cleanup stats (total=5, active=0, idle=5, waiting=0)
2026-03-24 21:33:10.497 [HikariPool-1 housekeeper] DEBUG [N/A] [N/A] com.zaxxer.hikari.pool.HikariPool - HikariPool-1 - After cleanup  stats (total=5, active=0, idle=5, waiting=0)
2026-03-24 21:33:10.498 [HikariPool-1 housekeeper] DEBUG [N/A] [N/A] com.zaxxer.hikari.pool.HikariPool - HikariPool-1 - Fill pool skipped, pool has sufficient level or currently being filled.
2026-03-24 21:33:40.503 [HikariPool-1 housekeeper] DEBUG [N/A] [N/A] com.zaxxer.hikari.pool.HikariPool - HikariPool-1 - Before cleanup stats (total=5, active=0, idle=5, waiting=0)
2026-03-24 21:33:40.506 [HikariPool-1 housekeeper] DEBUG [N/A] [N/A] com.zaxxer.hikari.pool.HikariPool - HikariPool-1 - After cleanup  stats (total=5, active=0, idle=5, waiting=0)
2026-03-24 21:33:40.506 [HikariPool-1 housekeeper] DEBUG [N/A] [N/A] com.zaxxer.hikari.pool.HikariPool - HikariPool-1 - Fill pool skipped, pool has sufficient level or currently being filled.
2026-03-24 21:34:10.509 [HikariPool-1 housekeeper] DEBUG [N/A] [N/A] com.zaxxer.hikari.pool.HikariPool - HikariPool-1 - Before cleanup stats (total=5, active=0, idle=5, waiting=0)
2026-03-24 21:34:10.511 [HikariPool-1 housekeeper] DEBUG [N/A] [N/A] com.zaxxer.hikari.pool.HikariPool - HikariPool-1 - After cleanup  stats (total=5, active=0, idle=5, waiting=0)
2026-03-24 21:34:10.511 [HikariPool-1 housekeeper] DEBUG [N/A] [N/A] com.zaxxer.hikari.pool.HikariPool - HikariPool-1 - Fill pool skipped, pool has sufficient level or currently being filled.
2026-03-24 21:34:40.508 [HikariPool-1 housekeeper] DEBUG [N/A] [N/A] com.zaxxer.hikari.pool.HikariPool - HikariPool-1 - Before cleanup stats (total=5, active=0, idle=5, waiting=0)
2026-03-24 21:34:40.537 [HikariPool-1 housekeeper] DEBUG [N/A] [N/A] com.zaxxer.hikari.pool.HikariPool - HikariPool-1 - After cleanup  stats (total=5, active=0, idle=5, waiting=0)
2026-03-24 21:34:40.537 [HikariPool-1 housekeeper] DEBUG [N/A] [N/A] com.zaxxer.hikari.pool.HikariPool - HikariPool-1 - Fill pool skipped, pool has sufficient level or currently being filled.
2026-03-24 21:35:10.539 [HikariPool-1 housekeeper] DEBUG [N/A] [N/A] com.zaxxer.hikari.pool.HikariPool - HikariPool-1 - Before cleanup stats (total=5, active=0, idle=5, waiting=0)
2026-03-24 21:35:10.540 [HikariPool-1 housekeeper] DEBUG [N/A] [N/A] com.zaxxer.hikari.pool.HikariPool - HikariPool-1 - After cleanup  stats (total=5, active=0, idle=5, waiting=0)
2026-03-24 21:35:10.540 [HikariPool-1 housekeeper] DEBUG [N/A] [N/A] com.zaxxer.hikari.pool.HikariPool - HikariPool-1 - Fill pool skipped, pool has sufficient level or currently being filled.
2026-03-24 21:35:40.545 [HikariPool-1 housekeeper] DEBUG [N/A] [N/A] com.zaxxer.hikari.pool.HikariPool - HikariPool-1 - Before cleanup stats (total=5, active=0, idle=5, waiting=0)
2026-03-24 21:35:40.548 [HikariPool-1 housekeeper] DEBUG [N/A] [N/A] com.zaxxer.hikari.pool.HikariPool - HikariPool-1 - After cleanup  stats (total=5, active=0, idle=5, waiting=0)
2026-03-24 21:35:40.550 [HikariPool-1 housekeeper] DEBUG [N/A] [N/A] com.zaxxer.hikari.pool.HikariPool - HikariPool-1 - Fill pool skipped, pool has sufficient level or currently being filled.
2026-03-24 21:35:57.854 [HikariPool-1 connection closer] DEBUG [N/A] [N/A] com.zaxxer.hikari.pool.PoolBase - HikariPool-1 - Closing connection org.postgresql.jdbc.PgConnection@2e87dedd: (connection has passed maxLifetime)
2026-03-24 21:35:58.243 [HikariPool-1 connection adder] DEBUG [N/A] [N/A] com.zaxxer.hikari.pool.HikariPool - HikariPool-1 - Added connection org.postgresql.jdbc.PgConnection@30525d17
2026-03-24 21:35:58.277 [HikariPool-1 connection adder] DEBUG [N/A] [N/A] com.zaxxer.hikari.pool.HikariPool - HikariPool-1 - Connection not added, stats (total=5, active=0, idle=5, waiting=0)
2026-03-24 21:36:10.556 [HikariPool-1 housekeeper] DEBUG [N/A] [N/A] com.zaxxer.hikari.pool.HikariPool - HikariPool-1 - Before cleanup stats (total=5, active=0, idle=5, waiting=0)
2026-03-24 21:36:10.559 [HikariPool-1 housekeeper] DEBUG [N/A] [N/A] com.zaxxer.hikari.pool.HikariPool - HikariPool-1 - After cleanup  stats (total=5, active=0, idle=5, waiting=0)
2026-03-24 21:36:10.560 [HikariPool-1 housekeeper] DEBUG [N/A] [N/A] com.zaxxer.hikari.pool.HikariPool - HikariPool-1 - Fill pool skipped, pool has sufficient level or currently being filled.
2026-03-24 21:36:40.565 [HikariPool-1 housekeeper] DEBUG [N/A] [N/A] com.zaxxer.hikari.pool.HikariPool - HikariPool-1 - Before cleanup stats (total=5, active=0, idle=5, waiting=0)
2026-03-24 21:36:40.567 [HikariPool-1 housekeeper] DEBUG [N/A] [N/A] com.zaxxer.hikari.pool.HikariPool - HikariPool-1 - After cleanup  stats (total=5, active=0, idle=5, waiting=0)
2026-03-24 21:36:40.567 [HikariPool-1 housekeeper] DEBUG [N/A] [N/A] com.zaxxer.hikari.pool.HikariPool - HikariPool-1 - Fill pool skipped, pool has sufficient level or currently being filled.
2026-03-24 21:37:10.568 [HikariPool-1 housekeeper] DEBUG [N/A] [N/A] com.zaxxer.hikari.pool.HikariPool - HikariPool-1 - Before cleanup stats (total=5, active=0, idle=5, waiting=0)
2026-03-24 21:37:10.568 [HikariPool-1 housekeeper] DEBUG [N/A] [N/A] com.zaxxer.hikari.pool.HikariPool - HikariPool-1 - After cleanup  stats (total=5, active=0, idle=5, waiting=0)
2026-03-24 21:37:10.568 [HikariPool-1 housekeeper] DEBUG [N/A] [N/A] com.zaxxer.hikari.pool.HikariPool - HikariPool-1 - Fill pool skipped, pool has sufficient level or currently being filled.
2026-03-24 21:37:23.256 [HikariPool-1 connection closer] DEBUG [N/A] [N/A] com.zaxxer.hikari.pool.PoolBase - HikariPool-1 - Closing connection org.postgresql.jdbc.PgConnection@2130a511: (connection has passed maxLifetime)
2026-03-24 21:37:24.272 [HikariPool-1 connection adder] DEBUG [N/A] [N/A] com.zaxxer.hikari.pool.HikariPool - HikariPool-1 - Added connection org.postgresql.jdbc.PgConnection@1f7b3820
2026-03-24 21:37:24.304 [HikariPool-1 connection adder] DEBUG [N/A] [N/A] com.zaxxer.hikari.pool.HikariPool - HikariPool-1 - Connection not added, stats (total=5, active=0, idle=5, waiting=0)
2026-03-24 21:37:24.760 [HikariPool-1 connection closer] DEBUG [N/A] [N/A] com.zaxxer.hikari.pool.PoolBase - HikariPool-1 - Closing connection org.postgresql.jdbc.PgConnection@4bf2ead9: (connection has passed maxLifetime)
2026-03-24 21:37:25.247 [HikariPool-1 connection adder] DEBUG [N/A] [N/A] com.zaxxer.hikari.pool.HikariPool - HikariPool-1 - Added connection org.postgresql.jdbc.PgConnection@11bcd5bf
2026-03-24 21:37:25.281 [HikariPool-1 connection adder] DEBUG [N/A] [N/A] com.zaxxer.hikari.pool.HikariPool - HikariPool-1 - Connection not added, stats (total=5, active=0, idle=5, waiting=0)
2026-03-24 21:37:40.574 [HikariPool-1 housekeeper] DEBUG [N/A] [N/A] com.zaxxer.hikari.pool.HikariPool - HikariPool-1 - Before cleanup stats (total=5, active=0, idle=5, waiting=0)
2026-03-24 21:37:40.575 [HikariPool-1 housekeeper] DEBUG [N/A] [N/A] com.zaxxer.hikari.pool.HikariPool - HikariPool-1 - After cleanup  stats (total=5, active=0, idle=5, waiting=0)
2026-03-24 21:37:40.575 [HikariPool-1 housekeeper] DEBUG [N/A] [N/A] com.zaxxer.hikari.pool.HikariPool - HikariPool-1 - Fill pool skipped, pool has sufficient level or currently being filled.
2026-03-24 21:37:46.491 [HikariPool-1 connection closer] DEBUG [N/A] [N/A] com.zaxxer.hikari.pool.PoolBase - HikariPool-1 - Closing connection org.postgresql.jdbc.PgConnection@250f2568: (connection has passed maxLifetime)
2026-03-24 21:37:46.908 [HikariPool-1 connection adder] DEBUG [N/A] [N/A] com.zaxxer.hikari.pool.HikariPool - HikariPool-1 - Added connection org.postgresql.jdbc.PgConnection@441be1bb
2026-03-24 21:37:46.942 [HikariPool-1 connection adder] DEBUG [N/A] [N/A] com.zaxxer.hikari.pool.HikariPool - HikariPool-1 - Connection not added, stats (total=5, active=0, idle=5, waiting=0)
2026-03-24 21:37:53.581 [HikariPool-1 connection closer] DEBUG [N/A] [N/A] com.zaxxer.hikari.pool.PoolBase - HikariPool-1 - Closing connection org.postgresql.jdbc.PgConnection@2bc8ce61: (connection has passed maxLifetime)
2026-03-24 21:37:54.045 [HikariPool-1 connection adder] DEBUG [N/A] [N/A] com.zaxxer.hikari.pool.HikariPool - HikariPool-1 - Added connection org.postgresql.jdbc.PgConnection@4c8fbb45
2026-03-24 21:37:54.079 [HikariPool-1 connection adder] DEBUG [N/A] [N/A] com.zaxxer.hikari.pool.HikariPool - HikariPool-1 - Connection not added, stats (total=5, active=0, idle=5, waiting=0)
2026-03-24 21:38:10.579 [HikariPool-1 housekeeper] DEBUG [N/A] [N/A] com.zaxxer.hikari.pool.HikariPool - HikariPool-1 - Before cleanup stats (total=5, active=0, idle=5, waiting=0)
2026-03-24 21:38:10.582 [HikariPool-1 housekeeper] DEBUG [N/A] [N/A] com.zaxxer.hikari.pool.HikariPool - HikariPool-1 - After cleanup  stats (total=5, active=0, idle=5, waiting=0)
2026-03-24 21:38:10.582 [HikariPool-1 housekeeper] DEBUG [N/A] [N/A] com.zaxxer.hikari.pool.HikariPool - HikariPool-1 - Fill pool skipped, pool has sufficient level or currently being filled.
2026-03-24 21:38:40.583 [HikariPool-1 housekeeper] DEBUG [N/A] [N/A] com.zaxxer.hikari.pool.HikariPool - HikariPool-1 - Before cleanup stats (total=5, active=0, idle=5, waiting=0)
2026-03-24 21:38:40.584 [HikariPool-1 housekeeper] DEBUG [N/A] [N/A] com.zaxxer.hikari.pool.HikariPool - HikariPool-1 - After cleanup  stats (total=5, active=0, idle=5, waiting=0)
2026-03-24 21:38:40.584 [HikariPool-1 housekeeper] DEBUG [N/A] [N/A] com.zaxxer.hikari.pool.HikariPool - HikariPool-1 - Fill pool skipped, pool has sufficient level or currently being filled.
2026-03-24 21:39:10.585 [HikariPool-1 housekeeper] DEBUG [N/A] [N/A] com.zaxxer.hikari.pool.HikariPool - HikariPool-1 - Before cleanup stats (total=5, active=0, idle=5, waiting=0)
2026-03-24 21:39:10.585 [HikariPool-1 housekeeper] DEBUG [N/A] [N/A] com.zaxxer.hikari.pool.HikariPool - HikariPool-1 - After cleanup  stats (total=5, active=0, idle=5, waiting=0)
2026-03-24 21:39:10.585 [HikariPool-1 housekeeper] DEBUG [N/A] [N/A] com.zaxxer.hikari.pool.HikariPool - HikariPool-1 - Fill pool skipped, pool has sufficient level or currently being filled.
2026-03-24 21:39:40.591 [HikariPool-1 housekeeper] DEBUG [N/A] [N/A] com.zaxxer.hikari.pool.HikariPool - HikariPool-1 - Before cleanup stats (total=5, active=0, idle=5, waiting=0)
2026-03-24 21:39:40.593 [HikariPool-1 housekeeper] DEBUG [N/A] [N/A] com.zaxxer.hikari.pool.HikariPool - HikariPool-1 - After cleanup  stats (total=5, active=0, idle=5, waiting=0)
2026-03-24 21:39:40.612 [HikariPool-1 housekeeper] DEBUG [N/A] [N/A] com.zaxxer.hikari.pool.HikariPool - HikariPool-1 - Fill pool skipped, pool has sufficient level or currently being filled.
2026-03-24 21:40:10.618 [HikariPool-1 housekeeper] DEBUG [N/A] [N/A] com.zaxxer.hikari.pool.HikariPool - HikariPool-1 - Before cleanup stats (total=5, active=0, idle=5, waiting=0)
2026-03-24 21:40:10.619 [HikariPool-1 housekeeper] DEBUG [N/A] [N/A] com.zaxxer.hikari.pool.HikariPool - HikariPool-1 - After cleanup  stats (total=5, active=0, idle=5, waiting=0)
2026-03-24 21:40:10.620 [HikariPool-1 housekeeper] DEBUG [N/A] [N/A] com.zaxxer.hikari.pool.HikariPool - HikariPool-1 - Fill pool skipped, pool has sufficient level or currently being filled.
2026-03-24 21:40:40.624 [HikariPool-1 housekeeper] DEBUG [N/A] [N/A] com.zaxxer.hikari.pool.HikariPool - HikariPool-1 - Before cleanup stats (total=5, active=0, idle=5, waiting=0)
2026-03-24 21:40:40.625 [HikariPool-1 housekeeper] DEBUG [N/A] [N/A] com.zaxxer.hikari.pool.HikariPool - HikariPool-1 - After cleanup  stats (total=5, active=0, idle=5, waiting=0)
2026-03-24 21:40:40.625 [HikariPool-1 housekeeper] DEBUG [N/A] [N/A] com.zaxxer.hikari.pool.HikariPool - HikariPool-1 - Fill pool skipped, pool has sufficient level or currently being filled.
2026-03-24 21:41:10.630 [HikariPool-1 housekeeper] DEBUG [N/A] [N/A] com.zaxxer.hikari.pool.HikariPool - HikariPool-1 - Before cleanup stats (total=5, active=0, idle=5, waiting=0)
2026-03-24 21:41:10.632 [HikariPool-1 housekeeper] DEBUG [N/A] [N/A] com.zaxxer.hikari.pool.HikariPool - HikariPool-1 - After cleanup  stats (total=5, active=0, idle=5, waiting=0)
2026-03-24 21:41:10.632 [HikariPool-1 housekeeper] DEBUG [N/A] [N/A] com.zaxxer.hikari.pool.HikariPool - HikariPool-1 - Fill pool skipped, pool has sufficient level or currently being filled.
2026-03-24 21:41:40.636 [HikariPool-1 housekeeper] DEBUG [N/A] [N/A] com.zaxxer.hikari.pool.HikariPool - HikariPool-1 - Before cleanup stats (total=5, active=0, idle=5, waiting=0)
2026-03-24 21:41:40.639 [HikariPool-1 housekeeper] DEBUG [N/A] [N/A] com.zaxxer.hikari.pool.HikariPool - HikariPool-1 - After cleanup  stats (total=5, active=0, idle=5, waiting=0)
2026-03-24 21:41:40.639 [HikariPool-1 housekeeper] DEBUG [N/A] [N/A] com.zaxxer.hikari.pool.HikariPool - HikariPool-1 - Fill pool skipped, pool has sufficient level or currently being filled.
2026-03-24 21:42:10.641 [HikariPool-1 housekeeper] DEBUG [N/A] [N/A] com.zaxxer.hikari.pool.HikariPool - HikariPool-1 - Before cleanup stats (total=5, active=0, idle=5, waiting=0)
2026-03-24 21:42:10.641 [HikariPool-1 housekeeper] DEBUG [N/A] [N/A] com.zaxxer.hikari.pool.HikariPool - HikariPool-1 - After cleanup  stats (total=5, active=0, idle=5, waiting=0)
2026-03-24 21:42:10.641 [HikariPool-1 housekeeper] DEBUG [N/A] [N/A] com.zaxxer.hikari.pool.HikariPool - HikariPool-1 - Fill pool skipped, pool has sufficient level or currently being filled.
2026-03-24 21:42:40.647 [HikariPool-1 housekeeper] DEBUG [N/A] [N/A] com.zaxxer.hikari.pool.HikariPool - HikariPool-1 - Before cleanup stats (total=5, active=0, idle=5, waiting=0)
2026-03-24 21:42:40.647 [HikariPool-1 housekeeper] DEBUG [N/A] [N/A] com.zaxxer.hikari.pool.HikariPool - HikariPool-1 - After cleanup  stats (total=5, active=0, idle=5, waiting=0)
2026-03-24 21:42:40.647 [HikariPool-1 housekeeper] DEBUG [N/A] [N/A] com.zaxxer.hikari.pool.HikariPool - HikariPool-1 - Fill pool skipped, pool has sufficient level or currently being filled.
2026-03-24 21:43:10.652 [HikariPool-1 housekeeper] DEBUG [N/A] [N/A] com.zaxxer.hikari.pool.HikariPool - HikariPool-1 - Before cleanup stats (total=5, active=0, idle=5, waiting=0)
2026-03-24 21:43:10.654 [HikariPool-1 housekeeper] DEBUG [N/A] [N/A] com.zaxxer.hikari.pool.HikariPool - HikariPool-1 - After cleanup  stats (total=5, active=0, idle=5, waiting=0)
2026-03-24 21:43:10.655 [HikariPool-1 housekeeper] DEBUG [N/A] [N/A] com.zaxxer.hikari.pool.HikariPool - HikariPool-1 - Fill pool skipped, pool has sufficient level or currently being filled.
2026-03-24 21:43:40.657 [HikariPool-1 housekeeper] DEBUG [N/A] [N/A] com.zaxxer.hikari.pool.HikariPool - HikariPool-1 - Before cleanup stats (total=5, active=0, idle=5, waiting=0)
2026-03-24 21:43:40.659 [HikariPool-1 housekeeper] DEBUG [N/A] [N/A] com.zaxxer.hikari.pool.HikariPool - HikariPool-1 - After cleanup  stats (total=5, active=0, idle=5, waiting=0)
2026-03-24 21:43:40.660 [HikariPool-1 housekeeper] DEBUG [N/A] [N/A] com.zaxxer.hikari.pool.HikariPool - HikariPool-1 - Fill pool skipped, pool has sufficient level or currently being filled.
2026-03-24 21:44:10.662 [HikariPool-1 housekeeper] DEBUG [N/A] [N/A] com.zaxxer.hikari.pool.HikariPool - HikariPool-1 - Before cleanup stats (total=5, active=0, idle=5, waiting=0)
2026-03-24 21:44:10.664 [HikariPool-1 housekeeper] DEBUG [N/A] [N/A] com.zaxxer.hikari.pool.HikariPool - HikariPool-1 - After cleanup  stats (total=5, active=0, idle=5, waiting=0)
2026-03-24 21:44:10.664 [HikariPool-1 housekeeper] DEBUG [N/A] [N/A] com.zaxxer.hikari.pool.HikariPool - HikariPool-1 - Fill pool skipped, pool has sufficient level or currently being filled.
2026-03-24 21:44:40.668 [HikariPool-1 housekeeper] DEBUG [N/A] [N/A] com.zaxxer.hikari.pool.HikariPool - HikariPool-1 - Before cleanup stats (total=5, active=0, idle=5, waiting=0)
2026-03-24 21:44:40.671 [HikariPool-1 housekeeper] DEBUG [N/A] [N/A] com.zaxxer.hikari.pool.HikariPool - HikariPool-1 - After cleanup  stats (total=5, active=0, idle=5, waiting=0)
2026-03-24 21:44:40.672 [HikariPool-1 housekeeper] DEBUG [N/A] [N/A] com.zaxxer.hikari.pool.HikariPool - HikariPool-1 - Fill pool skipped, pool has sufficient level or currently being filled.
2026-03-24 21:45:10.674 [HikariPool-1 housekeeper] DEBUG [N/A] [N/A] com.zaxxer.hikari.pool.HikariPool - HikariPool-1 - Before cleanup stats (total=5, active=0, idle=5, waiting=0)
2026-03-24 21:45:10.675 [HikariPool-1 housekeeper] DEBUG [N/A] [N/A] com.zaxxer.hikari.pool.HikariPool - HikariPool-1 - After cleanup  stats (total=5, active=0, idle=5, waiting=0)
2026-03-24 21:45:10.676 [HikariPool-1 housekeeper] DEBUG [N/A] [N/A] com.zaxxer.hikari.pool.HikariPool - HikariPool-1 - Fill pool skipped, pool has sufficient level or currently being filled.
2026-03-24 21:45:40.678 [HikariPool-1 housekeeper] DEBUG [N/A] [N/A] com.zaxxer.hikari.pool.HikariPool - HikariPool-1 - Before cleanup stats (total=5, active=0, idle=5, waiting=0)
2026-03-24 21:45:40.680 [HikariPool-1 housekeeper] DEBUG [N/A] [N/A] com.zaxxer.hikari.pool.HikariPool - HikariPool-1 - After cleanup  stats (total=5, active=0, idle=5, waiting=0)
2026-03-24 21:45:40.681 [HikariPool-1 housekeeper] DEBUG [N/A] [N/A] com.zaxxer.hikari.pool.HikariPool - HikariPool-1 - Fill pool skipped, pool has sufficient level or currently being filled.
2026-03-24 21:46:10.682 [HikariPool-1 housekeeper] DEBUG [N/A] [N/A] com.zaxxer.hikari.pool.HikariPool - HikariPool-1 - Before cleanup stats (total=5, active=0, idle=5, waiting=0)
2026-03-24 21:46:10.684 [HikariPool-1 housekeeper] DEBUG [N/A] [N/A] com.zaxxer.hikari.pool.HikariPool - HikariPool-1 - After cleanup  stats (total=5, active=0, idle=5, waiting=0)
2026-03-24 21:46:10.686 [HikariPool-1 housekeeper] DEBUG [N/A] [N/A] com.zaxxer.hikari.pool.HikariPool - HikariPool-1 - Fill pool skipped, pool has sufficient level or currently being filled.
2026-03-24 22:45:46.373 [HikariPool-1 housekeeper] WARN  [N/A] [N/A] com.zaxxer.hikari.pool.HikariPool - HikariPool-1 - Thread starvation or clock leap detected (housekeeper delta=59m35s688ms).
2026-03-24 22:45:46.380 [HikariPool-1 housekeeper] DEBUG [N/A] [N/A] com.zaxxer.hikari.pool.HikariPool - HikariPool-1 - Before cleanup stats (total=5, active=0, idle=5, waiting=0)
2026-03-24 22:45:46.382 [HikariPool-1 housekeeper] DEBUG [N/A] [N/A] com.zaxxer.hikari.pool.HikariPool - HikariPool-1 - After cleanup  stats (total=5, active=0, idle=5, waiting=0)
2026-03-24 22:45:46.382 [HikariPool-1 housekeeper] DEBUG [N/A] [N/A] com.zaxxer.hikari.pool.HikariPool - HikariPool-1 - Fill pool skipped, pool has sufficient level or currently being filled.
2026-03-24 22:46:16.414 [HikariPool-1 housekeeper] DEBUG [N/A] [N/A] com.zaxxer.hikari.pool.HikariPool - HikariPool-1 - Before cleanup stats (total=5, active=0, idle=5, waiting=0)
2026-03-24 22:46:16.415 [HikariPool-1 housekeeper] DEBUG [N/A] [N/A] com.zaxxer.hikari.pool.HikariPool - HikariPool-1 - After cleanup  stats (total=5, active=0, idle=5, waiting=0)
2026-03-24 22:46:16.415 [HikariPool-1 housekeeper] DEBUG [N/A] [N/A] com.zaxxer.hikari.pool.HikariPool - HikariPool-1 - Fill pool skipped, pool has sufficient level or currently being filled.
2026-03-24 22:46:46.421 [HikariPool-1 housekeeper] DEBUG [N/A] [N/A] com.zaxxer.hikari.pool.HikariPool - HikariPool-1 - Before cleanup stats (total=5, active=0, idle=5, waiting=0)
2026-03-24 22:46:46.424 [HikariPool-1 housekeeper] DEBUG [N/A] [N/A] com.zaxxer.hikari.pool.HikariPool - HikariPool-1 - After cleanup  stats (total=5, active=0, idle=5, waiting=0)
2026-03-24 22:46:46.426 [HikariPool-1 housekeeper] DEBUG [N/A] [N/A] com.zaxxer.hikari.pool.HikariPool - HikariPool-1 - Fill pool skipped, pool has sufficient level or currently being filled.
2026-03-24 22:47:16.429 [HikariPool-1 housekeeper] DEBUG [N/A] [N/A] com.zaxxer.hikari.pool.HikariPool - HikariPool-1 - Before cleanup stats (total=5, active=0, idle=5, waiting=0)
2026-03-24 22:47:16.431 [HikariPool-1 housekeeper] DEBUG [N/A] [N/A] com.zaxxer.hikari.pool.HikariPool - HikariPool-1 - After cleanup  stats (total=5, active=0, idle=5, waiting=0)
2026-03-24 22:47:16.431 [HikariPool-1 housekeeper] DEBUG [N/A] [N/A] com.zaxxer.hikari.pool.HikariPool - HikariPool-1 - Fill pool skipped, pool has sufficient level or currently being filled.
2026-03-24 22:47:46.435 [HikariPool-1 housekeeper] DEBUG [N/A] [N/A] com.zaxxer.hikari.pool.HikariPool - HikariPool-1 - Before cleanup stats (total=5, active=0, idle=5, waiting=0)
2026-03-24 22:47:46.436 [HikariPool-1 housekeeper] DEBUG [N/A] [N/A] com.zaxxer.hikari.pool.HikariPool - HikariPool-1 - After cleanup  stats (total=5, active=0, idle=5, waiting=0)
2026-03-24 22:47:46.437 [HikariPool-1 housekeeper] DEBUG [N/A] [N/A] com.zaxxer.hikari.pool.HikariPool - HikariPool-1 - Fill pool skipped, pool has sufficient level or currently being filled.
2026-03-24 22:48:16.438 [HikariPool-1 housekeeper] DEBUG [N/A] [N/A] com.zaxxer.hikari.pool.HikariPool - HikariPool-1 - Before cleanup stats (total=5, active=0, idle=5, waiting=0)
2026-03-24 22:48:16.441 [HikariPool-1 housekeeper] DEBUG [N/A] [N/A] com.zaxxer.hikari.pool.HikariPool - HikariPool-1 - After cleanup  stats (total=5, active=0, idle=5, waiting=0)
2026-03-24 22:48:16.441 [HikariPool-1 housekeeper] DEBUG [N/A] [N/A] com.zaxxer.hikari.pool.HikariPool - HikariPool-1 - Fill pool skipped, pool has sufficient level or currently being filled.
2026-03-24 22:48:46.447 [HikariPool-1 housekeeper] DEBUG [N/A] [N/A] com.zaxxer.hikari.pool.HikariPool - HikariPool-1 - Before cleanup stats (total=5, active=0, idle=5, waiting=0)
2026-03-24 22:48:46.450 [HikariPool-1 housekeeper] DEBUG [N/A] [N/A] com.zaxxer.hikari.pool.HikariPool - HikariPool-1 - After cleanup  stats (total=5, active=0, idle=5, waiting=0)
2026-03-24 22:48:46.451 [HikariPool-1 housekeeper] DEBUG [N/A] [N/A] com.zaxxer.hikari.pool.HikariPool - HikariPool-1 - Fill pool skipped, pool has sufficient level or currently being filled.
2026-03-24 22:49:16.456 [HikariPool-1 housekeeper] DEBUG [N/A] [N/A] com.zaxxer.hikari.pool.HikariPool - HikariPool-1 - Before cleanup stats (total=5, active=0, idle=5, waiting=0)
2026-03-24 22:49:16.460 [HikariPool-1 housekeeper] DEBUG [N/A] [N/A] com.zaxxer.hikari.pool.HikariPool - HikariPool-1 - After cleanup  stats (total=5, active=0, idle=5, waiting=0)
2026-03-24 22:49:16.462 [HikariPool-1 housekeeper] DEBUG [N/A] [N/A] com.zaxxer.hikari.pool.HikariPool - HikariPool-1 - Fill pool skipped, pool has sufficient level or currently being filled.
2026-03-24 22:49:46.467 [HikariPool-1 housekeeper] DEBUG [N/A] [N/A] com.zaxxer.hikari.pool.HikariPool - HikariPool-1 - Before cleanup stats (total=5, active=0, idle=5, waiting=0)
2026-03-24 22:49:46.471 [HikariPool-1 housekeeper] DEBUG [N/A] [N/A] com.zaxxer.hikari.pool.HikariPool - HikariPool-1 - After cleanup  stats (total=5, active=0, idle=5, waiting=0)
2026-03-24 22:49:46.472 [HikariPool-1 housekeeper] DEBUG [N/A] [N/A] com.zaxxer.hikari.pool.HikariPool - HikariPool-1 - Fill pool skipped, pool has sufficient level or currently being filled.
2026-03-24 22:50:16.478 [HikariPool-1 housekeeper] DEBUG [N/A] [N/A] com.zaxxer.hikari.pool.HikariPool - HikariPool-1 - Before cleanup stats (total=5, active=0, idle=5, waiting=0)
2026-03-24 22:50:16.480 [HikariPool-1 housekeeper] DEBUG [N/A] [N/A] com.zaxxer.hikari.pool.HikariPool - HikariPool-1 - After cleanup  stats (total=5, active=0, idle=5, waiting=0)
2026-03-24 22:50:16.481 [HikariPool-1 housekeeper] DEBUG [N/A] [N/A] com.zaxxer.hikari.pool.HikariPool - HikariPool-1 - Fill pool skipped, pool has sufficient level or currently being filled.
2026-03-24 22:50:46.487 [HikariPool-1 housekeeper] DEBUG [N/A] [N/A] com.zaxxer.hikari.pool.HikariPool - HikariPool-1 - Before cleanup stats (total=5, active=0, idle=5, waiting=0)
2026-03-24 22:50:46.489 [HikariPool-1 housekeeper] DEBUG [N/A] [N/A] com.zaxxer.hikari.pool.HikariPool - HikariPool-1 - After cleanup  stats (total=5, active=0, idle=5, waiting=0)
2026-03-24 22:50:46.491 [HikariPool-1 housekeeper] DEBUG [N/A] [N/A] com.zaxxer.hikari.pool.HikariPool - HikariPool-1 - Fill pool skipped, pool has sufficient level or currently being filled.
2026-03-24 22:51:16.495 [HikariPool-1 housekeeper] DEBUG [N/A] [N/A] com.zaxxer.hikari.pool.HikariPool - HikariPool-1 - Before cleanup stats (total=5, active=0, idle=5, waiting=0)
2026-03-24 22:51:16.498 [HikariPool-1 housekeeper] DEBUG [N/A] [N/A] com.zaxxer.hikari.pool.HikariPool - HikariPool-1 - After cleanup  stats (total=5, active=0, idle=5, waiting=0)
2026-03-24 22:51:16.498 [HikariPool-1 housekeeper] DEBUG [N/A] [N/A] com.zaxxer.hikari.pool.HikariPool - HikariPool-1 - Fill pool skipped, pool has sufficient level or currently being filled.
2026-03-24 22:51:46.502 [HikariPool-1 housekeeper] DEBUG [N/A] [N/A] com.zaxxer.hikari.pool.HikariPool - HikariPool-1 - Before cleanup stats (total=5, active=0, idle=5, waiting=0)
2026-03-24 22:51:46.504 [HikariPool-1 housekeeper] DEBUG [N/A] [N/A] com.zaxxer.hikari.pool.HikariPool - HikariPool-1 - After cleanup  stats (total=5, active=0, idle=5, waiting=0)
2026-03-24 22:51:46.505 [HikariPool-1 housekeeper] DEBUG [N/A] [N/A] com.zaxxer.hikari.pool.HikariPool - HikariPool-1 - Fill pool skipped, pool has sufficient level or currently being filled.
2026-03-24 22:52:16.513 [HikariPool-1 housekeeper] DEBUG [N/A] [N/A] com.zaxxer.hikari.pool.HikariPool - HikariPool-1 - Before cleanup stats (total=5, active=0, idle=5, waiting=0)
2026-03-24 22:52:16.513 [HikariPool-1 housekeeper] DEBUG [N/A] [N/A] com.zaxxer.hikari.pool.HikariPool - HikariPool-1 - After cleanup  stats (total=5, active=0, idle=5, waiting=0)
2026-03-24 22:52:16.514 [HikariPool-1 housekeeper] DEBUG [N/A] [N/A] com.zaxxer.hikari.pool.HikariPool - HikariPool-1 - Fill pool skipped, pool has sufficient level or currently being filled.
2026-03-24 22:52:46.517 [HikariPool-1 housekeeper] DEBUG [N/A] [N/A] com.zaxxer.hikari.pool.HikariPool - HikariPool-1 - Before cleanup stats (total=5, active=0, idle=5, waiting=0)
2026-03-24 22:52:46.520 [HikariPool-1 housekeeper] DEBUG [N/A] [N/A] com.zaxxer.hikari.pool.HikariPool - HikariPool-1 - After cleanup  stats (total=5, active=0, idle=5, waiting=0)
2026-03-24 22:52:46.520 [HikariPool-1 housekeeper] DEBUG [N/A] [N/A] com.zaxxer.hikari.pool.HikariPool - HikariPool-1 - Fill pool skipped, pool has sufficient level or currently being filled.
2026-03-24 22:53:16.526 [HikariPool-1 housekeeper] DEBUG [N/A] [N/A] com.zaxxer.hikari.pool.HikariPool - HikariPool-1 - Before cleanup stats (total=5, active=0, idle=5, waiting=0)
2026-03-24 22:53:16.528 [HikariPool-1 housekeeper] DEBUG [N/A] [N/A] com.zaxxer.hikari.pool.HikariPool - HikariPool-1 - After cleanup  stats (total=5, active=0, idle=5, waiting=0)
2026-03-24 22:53:16.529 [HikariPool-1 housekeeper] DEBUG [N/A] [N/A] com.zaxxer.hikari.pool.HikariPool - HikariPool-1 - Fill pool skipped, pool has sufficient level or currently being filled.
2026-03-24 22:53:46.532 [HikariPool-1 housekeeper] DEBUG [N/A] [N/A] com.zaxxer.hikari.pool.HikariPool - HikariPool-1 - Before cleanup stats (total=5, active=0, idle=5, waiting=0)
2026-03-24 22:53:46.534 [HikariPool-1 housekeeper] DEBUG [N/A] [N/A] com.zaxxer.hikari.pool.HikariPool - HikariPool-1 - After cleanup  stats (total=5, active=0, idle=5, waiting=0)
2026-03-24 22:53:46.535 [HikariPool-1 housekeeper] DEBUG [N/A] [N/A] com.zaxxer.hikari.pool.HikariPool - HikariPool-1 - Fill pool skipped, pool has sufficient level or currently being filled.
2026-03-24 22:54:16.623 [HikariPool-1 housekeeper] DEBUG [N/A] [N/A] com.zaxxer.hikari.pool.HikariPool - HikariPool-1 - Before cleanup stats (total=5, active=0, idle=5, waiting=0)
2026-03-24 22:54:16.625 [HikariPool-1 housekeeper] DEBUG [N/A] [N/A] com.zaxxer.hikari.pool.HikariPool - HikariPool-1 - After cleanup  stats (total=5, active=0, idle=5, waiting=0)
2026-03-24 22:54:16.625 [HikariPool-1 housekeeper] DEBUG [N/A] [N/A] com.zaxxer.hikari.pool.HikariPool - HikariPool-1 - Fill pool skipped, pool has sufficient level or currently being filled.
2026-03-24 22:54:46.630 [HikariPool-1 housekeeper] DEBUG [N/A] [N/A] com.zaxxer.hikari.pool.HikariPool - HikariPool-1 - Before cleanup stats (total=5, active=0, idle=5, waiting=0)
2026-03-24 22:54:46.631 [HikariPool-1 housekeeper] DEBUG [N/A] [N/A] com.zaxxer.hikari.pool.HikariPool - HikariPool-1 - After cleanup  stats (total=5, active=0, idle=5, waiting=0)
2026-03-24 22:54:46.632 [HikariPool-1 housekeeper] DEBUG [N/A] [N/A] com.zaxxer.hikari.pool.HikariPool - HikariPool-1 - Fill pool skipped, pool has sufficient level or currently being filled.
2026-03-24 22:55:16.636 [HikariPool-1 housekeeper] DEBUG [N/A] [N/A] com.zaxxer.hikari.pool.HikariPool - HikariPool-1 - Before cleanup stats (total=5, active=0, idle=5, waiting=0)
2026-03-24 22:55:16.638 [HikariPool-1 housekeeper] DEBUG [N/A] [N/A] com.zaxxer.hikari.pool.HikariPool - HikariPool-1 - After cleanup  stats (total=5, active=0, idle=5, waiting=0)
2026-03-24 22:55:16.639 [HikariPool-1 housekeeper] DEBUG [N/A] [N/A] com.zaxxer.hikari.pool.HikariPool - HikariPool-1 - Fill pool skipped, pool has sufficient level or currently being filled.
2026-03-24 22:55:46.645 [HikariPool-1 housekeeper] DEBUG [N/A] [N/A] com.zaxxer.hikari.pool.HikariPool - HikariPool-1 - Before cleanup stats (total=5, active=0, idle=5, waiting=0)
2026-03-24 22:55:46.647 [HikariPool-1 housekeeper] DEBUG [N/A] [N/A] com.zaxxer.hikari.pool.HikariPool - HikariPool-1 - After cleanup  stats (total=5, active=0, idle=5, waiting=0)
2026-03-24 22:55:46.649 [HikariPool-1 housekeeper] DEBUG [N/A] [N/A] com.zaxxer.hikari.pool.HikariPool - HikariPool-1 - Fill pool skipped, pool has sufficient level or currently being filled.
2026-03-24 22:56:16.652 [HikariPool-1 housekeeper] DEBUG [N/A] [N/A] com.zaxxer.hikari.pool.HikariPool - HikariPool-1 - Before cleanup stats (total=5, active=0, idle=5, waiting=0)
2026-03-24 22:56:16.655 [HikariPool-1 housekeeper] DEBUG [N/A] [N/A] com.zaxxer.hikari.pool.HikariPool - HikariPool-1 - After cleanup  stats (total=5, active=0, idle=5, waiting=0)
2026-03-24 22:56:16.655 [HikariPool-1 housekeeper] DEBUG [N/A] [N/A] com.zaxxer.hikari.pool.HikariPool - HikariPool-1 - Fill pool skipped, pool has sufficient level or currently being filled.
2026-03-24 22:56:46.661 [HikariPool-1 housekeeper] DEBUG [N/A] [N/A] com.zaxxer.hikari.pool.HikariPool - HikariPool-1 - Before cleanup stats (total=5, active=0, idle=5, waiting=0)
2026-03-24 22:56:46.662 [HikariPool-1 housekeeper] DEBUG [N/A] [N/A] com.zaxxer.hikari.pool.HikariPool - HikariPool-1 - After cleanup  stats (total=5, active=0, idle=5, waiting=0)
2026-03-24 22:56:46.663 [HikariPool-1 housekeeper] DEBUG [N/A] [N/A] com.zaxxer.hikari.pool.HikariPool - HikariPool-1 - Fill pool skipped, pool has sufficient level or currently being filled.
2026-03-24 22:57:16.666 [HikariPool-1 housekeeper] DEBUG [N/A] [N/A] com.zaxxer.hikari.pool.HikariPool - HikariPool-1 - Before cleanup stats (total=5, active=0, idle=5, waiting=0)
2026-03-24 22:57:16.668 [HikariPool-1 housekeeper] DEBUG [N/A] [N/A] com.zaxxer.hikari.pool.HikariPool - HikariPool-1 - After cleanup  stats (total=5, active=0, idle=5, waiting=0)
2026-03-24 22:57:16.669 [HikariPool-1 housekeeper] DEBUG [N/A] [N/A] com.zaxxer.hikari.pool.HikariPool - HikariPool-1 - Fill pool skipped, pool has sufficient level or currently being filled.
2026-03-24 22:57:46.673 [HikariPool-1 housekeeper] DEBUG [N/A] [N/A] com.zaxxer.hikari.pool.HikariPool - HikariPool-1 - Before cleanup stats (total=5, active=0, idle=5, waiting=0)
2026-03-24 22:57:46.675 [HikariPool-1 housekeeper] DEBUG [N/A] [N/A] com.zaxxer.hikari.pool.HikariPool - HikariPool-1 - After cleanup  stats (total=5, active=0, idle=5, waiting=0)
2026-03-24 22:57:46.675 [HikariPool-1 housekeeper] DEBUG [N/A] [N/A] com.zaxxer.hikari.pool.HikariPool - HikariPool-1 - Fill pool skipped, pool has sufficient level or currently being filled.
2026-03-24 22:58:16.680 [HikariPool-1 housekeeper] DEBUG [N/A] [N/A] com.zaxxer.hikari.pool.HikariPool - HikariPool-1 - Before cleanup stats (total=5, active=0, idle=5, waiting=0)
2026-03-24 22:58:16.682 [HikariPool-1 housekeeper] DEBUG [N/A] [N/A] com.zaxxer.hikari.pool.HikariPool - HikariPool-1 - After cleanup  stats (total=5, active=0, idle=5, waiting=0)
2026-03-24 22:58:16.684 [HikariPool-1 housekeeper] DEBUG [N/A] [N/A] com.zaxxer.hikari.pool.HikariPool - HikariPool-1 - Fill pool skipped, pool has sufficient level or currently being filled.
2026-03-24 22:58:46.688 [HikariPool-1 housekeeper] DEBUG [N/A] [N/A] com.zaxxer.hikari.pool.HikariPool - HikariPool-1 - Before cleanup stats (total=5, active=0, idle=5, waiting=0)
2026-03-24 22:58:46.690 [HikariPool-1 housekeeper] DEBUG [N/A] [N/A] com.zaxxer.hikari.pool.HikariPool - HikariPool-1 - After cleanup  stats (total=5, active=0, idle=5, waiting=0)
2026-03-24 22:58:46.691 [HikariPool-1 housekeeper] DEBUG [N/A] [N/A] com.zaxxer.hikari.pool.HikariPool - HikariPool-1 - Fill pool skipped, pool has sufficient level or currently being filled.
2026-03-24 22:59:16.696 [HikariPool-1 housekeeper] DEBUG [N/A] [N/A] com.zaxxer.hikari.pool.HikariPool - HikariPool-1 - Before cleanup stats (total=5, active=0, idle=5, waiting=0)
2026-03-24 22:59:16.698 [HikariPool-1 housekeeper] DEBUG [N/A] [N/A] com.zaxxer.hikari.pool.HikariPool - HikariPool-1 - After cleanup  stats (total=5, active=0, idle=5, waiting=0)
2026-03-24 22:59:16.698 [HikariPool-1 housekeeper] DEBUG [N/A] [N/A] com.zaxxer.hikari.pool.HikariPool - HikariPool-1 - Fill pool skipped, pool has sufficient level or currently being filled.
2026-03-24 22:59:46.702 [HikariPool-1 housekeeper] DEBUG [N/A] [N/A] com.zaxxer.hikari.pool.HikariPool - HikariPool-1 - Before cleanup stats (total=5, active=0, idle=5, waiting=0)
2026-03-24 22:59:46.706 [HikariPool-1 housekeeper] DEBUG [N/A] [N/A] com.zaxxer.hikari.pool.HikariPool - HikariPool-1 - After cleanup  stats (total=5, active=0, idle=5, waiting=0)
2026-03-24 22:59:46.707 [HikariPool-1 housekeeper] DEBUG [N/A] [N/A] com.zaxxer.hikari.pool.HikariPool - HikariPool-1 - Fill pool skipped, pool has sufficient level or currently being filled.
2026-03-24 23:00:16.712 [HikariPool-1 housekeeper] DEBUG [N/A] [N/A] com.zaxxer.hikari.pool.HikariPool - HikariPool-1 - Before cleanup stats (total=5, active=0, idle=5, waiting=0)
2026-03-24 23:00:16.716 [HikariPool-1 housekeeper] DEBUG [N/A] [N/A] com.zaxxer.hikari.pool.HikariPool - HikariPool-1 - After cleanup  stats (total=5, active=0, idle=5, waiting=0)
2026-03-24 23:00:16.717 [HikariPool-1 housekeeper] DEBUG [N/A] [N/A] com.zaxxer.hikari.pool.HikariPool - HikariPool-1 - Fill pool skipped, pool has sufficient level or currently being filled.
2026-03-24 23:00:46.714 [HikariPool-1 housekeeper] DEBUG [N/A] [N/A] com.zaxxer.hikari.pool.HikariPool - HikariPool-1 - Before cleanup stats (total=5, active=0, idle=5, waiting=0)
2026-03-24 23:00:46.715 [HikariPool-1 housekeeper] DEBUG [N/A] [N/A] com.zaxxer.hikari.pool.HikariPool - HikariPool-1 - After cleanup  stats (total=5, active=0, idle=5, waiting=0)
2026-03-24 23:00:46.715 [HikariPool-1 housekeeper] DEBUG [N/A] [N/A] com.zaxxer.hikari.pool.HikariPool - HikariPool-1 - Fill pool skipped, pool has sufficient level or currently being filled.
2026-03-24 23:01:16.711 [HikariPool-1 housekeeper] DEBUG [N/A] [N/A] com.zaxxer.hikari.pool.HikariPool - HikariPool-1 - Before cleanup stats (total=5, active=0, idle=5, waiting=0)
2026-03-24 23:01:16.713 [HikariPool-1 housekeeper] DEBUG [N/A] [N/A] com.zaxxer.hikari.pool.HikariPool - HikariPool-1 - After cleanup  stats (total=5, active=0, idle=5, waiting=0)
2026-03-24 23:01:16.714 [HikariPool-1 housekeeper] DEBUG [N/A] [N/A] com.zaxxer.hikari.pool.HikariPool - HikariPool-1 - Fill pool skipped, pool has sufficient level or currently being filled.
2026-03-24 23:01:46.717 [HikariPool-1 housekeeper] DEBUG [N/A] [N/A] com.zaxxer.hikari.pool.HikariPool - HikariPool-1 - Before cleanup stats (total=5, active=0, idle=5, waiting=0)
2026-03-24 23:01:46.721 [HikariPool-1 housekeeper] DEBUG [N/A] [N/A] com.zaxxer.hikari.pool.HikariPool - HikariPool-1 - After cleanup  stats (total=5, active=0, idle=5, waiting=0)
2026-03-24 23:01:46.723 [HikariPool-1 housekeeper] DEBUG [N/A] [N/A] com.zaxxer.hikari.pool.HikariPool - HikariPool-1 - Fill pool skipped, pool has sufficient level or currently being filled.
2026-03-24 23:02:16.730 [HikariPool-1 housekeeper] DEBUG [N/A] [N/A] com.zaxxer.hikari.pool.HikariPool - HikariPool-1 - Before cleanup stats (total=5, active=0, idle=5, waiting=0)
2026-03-24 23:02:16.733 [HikariPool-1 housekeeper] DEBUG [N/A] [N/A] com.zaxxer.hikari.pool.HikariPool - HikariPool-1 - After cleanup  stats (total=5, active=0, idle=5, waiting=0)
2026-03-24 23:02:16.733 [HikariPool-1 housekeeper] DEBUG [N/A] [N/A] com.zaxxer.hikari.pool.HikariPool - HikariPool-1 - Fill pool skipped, pool has sufficient level or currently being filled.
2026-03-24 23:02:46.739 [HikariPool-1 housekeeper] DEBUG [N/A] [N/A] com.zaxxer.hikari.pool.HikariPool - HikariPool-1 - Before cleanup stats (total=5, active=0, idle=5, waiting=0)
2026-03-24 23:02:46.742 [HikariPool-1 housekeeper] DEBUG [N/A] [N/A] com.zaxxer.hikari.pool.HikariPool - HikariPool-1 - After cleanup  stats (total=5, active=0, idle=5, waiting=0)
2026-03-24 23:02:46.743 [HikariPool-1 housekeeper] DEBUG [N/A] [N/A] com.zaxxer.hikari.pool.HikariPool - HikariPool-1 - Fill pool skipped, pool has sufficient level or currently being filled.
2026-03-24 23:03:16.749 [HikariPool-1 housekeeper] DEBUG [N/A] [N/A] com.zaxxer.hikari.pool.HikariPool - HikariPool-1 - Before cleanup stats (total=5, active=0, idle=5, waiting=0)
2026-03-24 23:03:16.751 [HikariPool-1 housekeeper] DEBUG [N/A] [N/A] com.zaxxer.hikari.pool.HikariPool - HikariPool-1 - After cleanup  stats (total=5, active=0, idle=5, waiting=0)
2026-03-24 23:03:16.752 [HikariPool-1 housekeeper] DEBUG [N/A] [N/A] com.zaxxer.hikari.pool.HikariPool - HikariPool-1 - Fill pool skipped, pool has sufficient level or currently being filled.
2026-03-24 23:03:46.755 [HikariPool-1 housekeeper] DEBUG [N/A] [N/A] com.zaxxer.hikari.pool.HikariPool - HikariPool-1 - Before cleanup stats (total=5, active=0, idle=5, waiting=0)
2026-03-24 23:03:46.757 [HikariPool-1 housekeeper] DEBUG [N/A] [N/A] com.zaxxer.hikari.pool.HikariPool - HikariPool-1 - After cleanup  stats (total=5, active=0, idle=5, waiting=0)
2026-03-24 23:03:46.757 [HikariPool-1 housekeeper] DEBUG [N/A] [N/A] com.zaxxer.hikari.pool.HikariPool - HikariPool-1 - Fill pool skipped, pool has sufficient level or currently being filled.
2026-03-24 23:04:16.759 [HikariPool-1 housekeeper] DEBUG [N/A] [N/A] com.zaxxer.hikari.pool.HikariPool - HikariPool-1 - Before cleanup stats (total=5, active=0, idle=5, waiting=0)
2026-03-24 23:04:16.763 [HikariPool-1 housekeeper] DEBUG [N/A] [N/A] com.zaxxer.hikari.pool.HikariPool - HikariPool-1 - After cleanup  stats (total=5, active=0, idle=5, waiting=0)
2026-03-24 23:04:16.764 [HikariPool-1 housekeeper] DEBUG [N/A] [N/A] com.zaxxer.hikari.pool.HikariPool - HikariPool-1 - Fill pool skipped, pool has sufficient level or currently being filled.
2026-03-24 23:04:46.769 [HikariPool-1 housekeeper] DEBUG [N/A] [N/A] com.zaxxer.hikari.pool.HikariPool - HikariPool-1 - Before cleanup stats (total=5, active=0, idle=5, waiting=0)
2026-03-24 23:04:46.771 [HikariPool-1 housekeeper] DEBUG [N/A] [N/A] com.zaxxer.hikari.pool.HikariPool - HikariPool-1 - After cleanup  stats (total=5, active=0, idle=5, waiting=0)
2026-03-24 23:04:46.772 [HikariPool-1 housekeeper] DEBUG [N/A] [N/A] com.zaxxer.hikari.pool.HikariPool - HikariPool-1 - Fill pool skipped, pool has sufficient level or currently being filled.
2026-03-24 23:04:47.170 [HikariPool-1 connection closer] DEBUG [N/A] [N/A] com.zaxxer.hikari.pool.PoolBase - HikariPool-1 - Closing connection org.postgresql.jdbc.PgConnection@30525d17: (connection has passed maxLifetime)
2026-03-24 23:04:47.547 [HikariPool-1 connection adder] DEBUG [N/A] [N/A] com.zaxxer.hikari.pool.HikariPool - HikariPool-1 - Added connection org.postgresql.jdbc.PgConnection@4494199e
2026-03-24 23:04:47.581 [HikariPool-1 connection adder] DEBUG [N/A] [N/A] com.zaxxer.hikari.pool.HikariPool - HikariPool-1 - Connection not added, stats (total=5, active=0, idle=5, waiting=0)
2026-03-24 23:05:16.776 [HikariPool-1 housekeeper] DEBUG [N/A] [N/A] com.zaxxer.hikari.pool.HikariPool - HikariPool-1 - Before cleanup stats (total=5, active=0, idle=5, waiting=0)
2026-03-24 23:05:16.778 [HikariPool-1 housekeeper] DEBUG [N/A] [N/A] com.zaxxer.hikari.pool.HikariPool - HikariPool-1 - After cleanup  stats (total=5, active=0, idle=5, waiting=0)
2026-03-24 23:05:16.778 [HikariPool-1 housekeeper] DEBUG [N/A] [N/A] com.zaxxer.hikari.pool.HikariPool - HikariPool-1 - Fill pool skipped, pool has sufficient level or currently being filled.
2026-03-24 23:05:46.782 [HikariPool-1 housekeeper] DEBUG [N/A] [N/A] com.zaxxer.hikari.pool.HikariPool - HikariPool-1 - Before cleanup stats (total=5, active=0, idle=5, waiting=0)
2026-03-24 23:05:46.783 [HikariPool-1 housekeeper] DEBUG [N/A] [N/A] com.zaxxer.hikari.pool.HikariPool - HikariPool-1 - After cleanup  stats (total=5, active=0, idle=5, waiting=0)
2026-03-24 23:05:46.784 [HikariPool-1 housekeeper] DEBUG [N/A] [N/A] com.zaxxer.hikari.pool.HikariPool - HikariPool-1 - Fill pool skipped, pool has sufficient level or currently being filled.
2026-03-24 23:06:11.791 [HikariPool-1 connection closer] DEBUG [N/A] [N/A] com.zaxxer.hikari.pool.PoolBase - HikariPool-1 - Closing connection org.postgresql.jdbc.PgConnection@1f7b3820: (connection has passed maxLifetime)
2026-03-24 23:06:12.167 [HikariPool-1 connection adder] DEBUG [N/A] [N/A] com.zaxxer.hikari.pool.HikariPool - HikariPool-1 - Added connection org.postgresql.jdbc.PgConnection@c284fb3
2026-03-24 23:06:12.201 [HikariPool-1 connection adder] DEBUG [N/A] [N/A] com.zaxxer.hikari.pool.HikariPool - HikariPool-1 - Connection not added, stats (total=5, active=0, idle=5, waiting=0)
2026-03-24 23:06:16.790 [HikariPool-1 housekeeper] DEBUG [N/A] [N/A] com.zaxxer.hikari.pool.HikariPool - HikariPool-1 - Before cleanup stats (total=5, active=0, idle=5, waiting=0)
2026-03-24 23:06:16.790 [HikariPool-1 housekeeper] DEBUG [N/A] [N/A] com.zaxxer.hikari.pool.HikariPool - HikariPool-1 - After cleanup  stats (total=5, active=0, idle=5, waiting=0)
2026-03-24 23:06:16.791 [HikariPool-1 housekeeper] DEBUG [N/A] [N/A] com.zaxxer.hikari.pool.HikariPool - HikariPool-1 - Fill pool skipped, pool has sufficient level or currently being filled.
2026-03-24 23:06:21.921 [HikariPool-1 connection closer] DEBUG [N/A] [N/A] com.zaxxer.hikari.pool.PoolBase - HikariPool-1 - Closing connection org.postgresql.jdbc.PgConnection@11bcd5bf: (connection has passed maxLifetime)
2026-03-24 23:06:22.199 [HikariPool-1 connection adder] DEBUG [N/A] [N/A] com.zaxxer.hikari.pool.HikariPool - HikariPool-1 - Added connection org.postgresql.jdbc.PgConnection@ed1f516
2026-03-24 23:06:22.233 [HikariPool-1 connection adder] DEBUG [N/A] [N/A] com.zaxxer.hikari.pool.HikariPool - HikariPool-1 - Connection not added, stats (total=5, active=0, idle=5, waiting=0)
2026-03-24 23:06:24.758 [HikariPool-1 connection closer] DEBUG [N/A] [N/A] com.zaxxer.hikari.pool.PoolBase - HikariPool-1 - Closing connection org.postgresql.jdbc.PgConnection@441be1bb: (connection has passed maxLifetime)
2026-03-24 23:06:25.088 [HikariPool-1 connection adder] DEBUG [N/A] [N/A] com.zaxxer.hikari.pool.HikariPool - HikariPool-1 - Added connection org.postgresql.jdbc.PgConnection@161abc
2026-03-24 23:06:25.123 [HikariPool-1 connection adder] DEBUG [N/A] [N/A] com.zaxxer.hikari.pool.HikariPool - HikariPool-1 - Connection not added, stats (total=5, active=0, idle=5, waiting=0)
2026-03-24 23:06:46.797 [HikariPool-1 housekeeper] DEBUG [N/A] [N/A] com.zaxxer.hikari.pool.HikariPool - HikariPool-1 - Before cleanup stats (total=5, active=0, idle=5, waiting=0)
2026-03-24 23:06:46.797 [HikariPool-1 housekeeper] DEBUG [N/A] [N/A] com.zaxxer.hikari.pool.HikariPool - HikariPool-1 - After cleanup  stats (total=5, active=0, idle=5, waiting=0)
2026-03-24 23:06:46.797 [HikariPool-1 housekeeper] DEBUG [N/A] [N/A] com.zaxxer.hikari.pool.HikariPool - HikariPool-1 - Fill pool skipped, pool has sufficient level or currently being filled.
2026-03-24 23:06:50.961 [HikariPool-1 connection closer] DEBUG [N/A] [N/A] com.zaxxer.hikari.pool.PoolBase - HikariPool-1 - Closing connection org.postgresql.jdbc.PgConnection@4c8fbb45: (connection has passed maxLifetime)
2026-03-24 23:06:51.335 [HikariPool-1 connection adder] DEBUG [N/A] [N/A] com.zaxxer.hikari.pool.HikariPool - HikariPool-1 - Added connection org.postgresql.jdbc.PgConnection@52e019ef
2026-03-24 23:06:51.371 [HikariPool-1 connection adder] DEBUG [N/A] [N/A] com.zaxxer.hikari.pool.HikariPool - HikariPool-1 - Connection not added, stats (total=5, active=0, idle=5, waiting=0)
2026-03-24 23:07:16.802 [HikariPool-1 housekeeper] DEBUG [N/A] [N/A] com.zaxxer.hikari.pool.HikariPool - HikariPool-1 - Before cleanup stats (total=5, active=0, idle=5, waiting=0)
2026-03-24 23:07:16.802 [HikariPool-1 housekeeper] DEBUG [N/A] [N/A] com.zaxxer.hikari.pool.HikariPool - HikariPool-1 - After cleanup  stats (total=5, active=0, idle=5, waiting=0)
2026-03-24 23:07:16.804 [HikariPool-1 housekeeper] DEBUG [N/A] [N/A] com.zaxxer.hikari.pool.HikariPool - HikariPool-1 - Fill pool skipped, pool has sufficient level or currently being filled.
2026-03-24 23:07:46.809 [HikariPool-1 housekeeper] DEBUG [N/A] [N/A] com.zaxxer.hikari.pool.HikariPool - HikariPool-1 - Before cleanup stats (total=5, active=0, idle=5, waiting=0)
2026-03-24 23:07:46.810 [HikariPool-1 housekeeper] DEBUG [N/A] [N/A] com.zaxxer.hikari.pool.HikariPool - HikariPool-1 - After cleanup  stats (total=5, active=0, idle=5, waiting=0)
2026-03-24 23:07:46.813 [HikariPool-1 housekeeper] DEBUG [N/A] [N/A] com.zaxxer.hikari.pool.HikariPool - HikariPool-1 - Fill pool skipped, pool has sufficient level or currently being filled.
2026-03-24 23:08:16.820 [HikariPool-1 housekeeper] DEBUG [N/A] [N/A] com.zaxxer.hikari.pool.HikariPool - HikariPool-1 - Before cleanup stats (total=5, active=0, idle=5, waiting=0)
2026-03-24 23:08:16.822 [HikariPool-1 housekeeper] DEBUG [N/A] [N/A] com.zaxxer.hikari.pool.HikariPool - HikariPool-1 - After cleanup  stats (total=5, active=0, idle=5, waiting=0)
2026-03-24 23:08:16.823 [HikariPool-1 housekeeper] DEBUG [N/A] [N/A] com.zaxxer.hikari.pool.HikariPool - HikariPool-1 - Fill pool skipped, pool has sufficient level or currently being filled.
2026-03-24 23:08:46.826 [HikariPool-1 housekeeper] DEBUG [N/A] [N/A] com.zaxxer.hikari.pool.HikariPool - HikariPool-1 - Before cleanup stats (total=5, active=0, idle=5, waiting=0)
2026-03-24 23:08:46.829 [HikariPool-1 housekeeper] DEBUG [N/A] [N/A] com.zaxxer.hikari.pool.HikariPool - HikariPool-1 - After cleanup  stats (total=5, active=0, idle=5, waiting=0)
2026-03-24 23:08:46.831 [HikariPool-1 housekeeper] DEBUG [N/A] [N/A] com.zaxxer.hikari.pool.HikariPool - HikariPool-1 - Fill pool skipped, pool has sufficient level or currently being filled.
2026-03-24 23:09:16.835 [HikariPool-1 housekeeper] DEBUG [N/A] [N/A] com.zaxxer.hikari.pool.HikariPool - HikariPool-1 - Before cleanup stats (total=5, active=0, idle=5, waiting=0)
2026-03-24 23:09:16.837 [HikariPool-1 housekeeper] DEBUG [N/A] [N/A] com.zaxxer.hikari.pool.HikariPool - HikariPool-1 - After cleanup  stats (total=5, active=0, idle=5, waiting=0)
2026-03-24 23:09:16.837 [HikariPool-1 housekeeper] DEBUG [N/A] [N/A] com.zaxxer.hikari.pool.HikariPool - HikariPool-1 - Fill pool skipped, pool has sufficient level or currently being filled.
2026-03-24 23:09:46.840 [HikariPool-1 housekeeper] DEBUG [N/A] [N/A] com.zaxxer.hikari.pool.HikariPool - HikariPool-1 - Before cleanup stats (total=5, active=0, idle=5, waiting=0)
2026-03-24 23:09:46.842 [HikariPool-1 housekeeper] DEBUG [N/A] [N/A] com.zaxxer.hikari.pool.HikariPool - HikariPool-1 - After cleanup  stats (total=5, active=0, idle=5, waiting=0)
2026-03-24 23:09:46.843 [HikariPool-1 housekeeper] DEBUG [N/A] [N/A] com.zaxxer.hikari.pool.HikariPool - HikariPool-1 - Fill pool skipped, pool has sufficient level or currently being filled.
2026-03-24 23:10:16.845 [HikariPool-1 housekeeper] DEBUG [N/A] [N/A] com.zaxxer.hikari.pool.HikariPool - HikariPool-1 - Before cleanup stats (total=5, active=0, idle=5, waiting=0)
2026-03-24 23:10:16.848 [HikariPool-1 housekeeper] DEBUG [N/A] [N/A] com.zaxxer.hikari.pool.HikariPool - HikariPool-1 - After cleanup  stats (total=5, active=0, idle=5, waiting=0)
2026-03-24 23:10:16.849 [HikariPool-1 housekeeper] DEBUG [N/A] [N/A] com.zaxxer.hikari.pool.HikariPool - HikariPool-1 - Fill pool skipped, pool has sufficient level or currently being filled.
2026-03-24 23:10:46.855 [HikariPool-1 housekeeper] DEBUG [N/A] [N/A] com.zaxxer.hikari.pool.HikariPool - HikariPool-1 - Before cleanup stats (total=5, active=0, idle=5, waiting=0)
2026-03-24 23:10:46.858 [HikariPool-1 housekeeper] DEBUG [N/A] [N/A] com.zaxxer.hikari.pool.HikariPool - HikariPool-1 - After cleanup  stats (total=5, active=0, idle=5, waiting=0)
2026-03-24 23:10:46.858 [HikariPool-1 housekeeper] DEBUG [N/A] [N/A] com.zaxxer.hikari.pool.HikariPool - HikariPool-1 - Fill pool skipped, pool has sufficient level or currently being filled.
2026-03-24 23:11:16.865 [HikariPool-1 housekeeper] DEBUG [N/A] [N/A] com.zaxxer.hikari.pool.HikariPool - HikariPool-1 - Before cleanup stats (total=5, active=0, idle=5, waiting=0)
2026-03-24 23:11:16.868 [HikariPool-1 housekeeper] DEBUG [N/A] [N/A] com.zaxxer.hikari.pool.HikariPool - HikariPool-1 - After cleanup  stats (total=5, active=0, idle=5, waiting=0)
2026-03-24 23:11:16.870 [HikariPool-1 housekeeper] DEBUG [N/A] [N/A] com.zaxxer.hikari.pool.HikariPool - HikariPool-1 - Fill pool skipped, pool has sufficient level or currently being filled.
2026-03-24 23:11:46.874 [HikariPool-1 housekeeper] DEBUG [N/A] [N/A] com.zaxxer.hikari.pool.HikariPool - HikariPool-1 - Before cleanup stats (total=5, active=0, idle=5, waiting=0)
2026-03-24 23:11:46.876 [HikariPool-1 housekeeper] DEBUG [N/A] [N/A] com.zaxxer.hikari.pool.HikariPool - HikariPool-1 - After cleanup  stats (total=5, active=0, idle=5, waiting=0)
2026-03-24 23:11:46.877 [HikariPool-1 housekeeper] DEBUG [N/A] [N/A] com.zaxxer.hikari.pool.HikariPool - HikariPool-1 - Fill pool skipped, pool has sufficient level or currently being filled.
2026-03-24 23:12:16.881 [HikariPool-1 housekeeper] DEBUG [N/A] [N/A] com.zaxxer.hikari.pool.HikariPool - HikariPool-1 - Before cleanup stats (total=5, active=0, idle=5, waiting=0)
2026-03-24 23:12:16.882 [HikariPool-1 housekeeper] DEBUG [N/A] [N/A] com.zaxxer.hikari.pool.HikariPool - HikariPool-1 - After cleanup  stats (total=5, active=0, idle=5, waiting=0)
2026-03-24 23:12:16.883 [HikariPool-1 housekeeper] DEBUG [N/A] [N/A] com.zaxxer.hikari.pool.HikariPool - HikariPool-1 - Fill pool skipped, pool has sufficient level or currently being filled.
2026-03-24 23:12:46.887 [HikariPool-1 housekeeper] DEBUG [N/A] [N/A] com.zaxxer.hikari.pool.HikariPool - HikariPool-1 - Before cleanup stats (total=5, active=0, idle=5, waiting=0)
2026-03-24 23:12:46.889 [HikariPool-1 housekeeper] DEBUG [N/A] [N/A] com.zaxxer.hikari.pool.HikariPool - HikariPool-1 - After cleanup  stats (total=5, active=0, idle=5, waiting=0)
2026-03-24 23:12:46.891 [HikariPool-1 housekeeper] DEBUG [N/A] [N/A] com.zaxxer.hikari.pool.HikariPool - HikariPool-1 - Fill pool skipped, pool has sufficient level or currently being filled.
2026-03-24 23:13:16.896 [HikariPool-1 housekeeper] DEBUG [N/A] [N/A] com.zaxxer.hikari.pool.HikariPool - HikariPool-1 - Before cleanup stats (total=5, active=0, idle=5, waiting=0)
2026-03-24 23:13:16.898 [HikariPool-1 housekeeper] DEBUG [N/A] [N/A] com.zaxxer.hikari.pool.HikariPool - HikariPool-1 - After cleanup  stats (total=5, active=0, idle=5, waiting=0)
2026-03-24 23:13:16.900 [HikariPool-1 housekeeper] DEBUG [N/A] [N/A] com.zaxxer.hikari.pool.HikariPool - HikariPool-1 - Fill pool skipped, pool has sufficient level or currently being filled.
2026-03-24 23:13:46.906 [HikariPool-1 housekeeper] DEBUG [N/A] [N/A] com.zaxxer.hikari.pool.HikariPool - HikariPool-1 - Before cleanup stats (total=5, active=0, idle=5, waiting=0)
2026-03-24 23:13:46.909 [HikariPool-1 housekeeper] DEBUG [N/A] [N/A] com.zaxxer.hikari.pool.HikariPool - HikariPool-1 - After cleanup  stats (total=5, active=0, idle=5, waiting=0)
2026-03-24 23:13:46.909 [HikariPool-1 housekeeper] DEBUG [N/A] [N/A] com.zaxxer.hikari.pool.HikariPool - HikariPool-1 - Fill pool skipped, pool has sufficient level or currently being filled.
2026-03-24 23:14:16.914 [HikariPool-1 housekeeper] DEBUG [N/A] [N/A] com.zaxxer.hikari.pool.HikariPool - HikariPool-1 - Before cleanup stats (total=5, active=0, idle=5, waiting=0)
2026-03-24 23:14:16.917 [HikariPool-1 housekeeper] DEBUG [N/A] [N/A] com.zaxxer.hikari.pool.HikariPool - HikariPool-1 - After cleanup  stats (total=5, active=0, idle=5, waiting=0)
2026-03-24 23:14:16.918 [HikariPool-1 housekeeper] DEBUG [N/A] [N/A] com.zaxxer.hikari.pool.HikariPool - HikariPool-1 - Fill pool skipped, pool has sufficient level or currently being filled.
2026-03-24 23:14:46.924 [HikariPool-1 housekeeper] DEBUG [N/A] [N/A] com.zaxxer.hikari.pool.HikariPool - HikariPool-1 - Before cleanup stats (total=5, active=0, idle=5, waiting=0)
2026-03-24 23:14:46.926 [HikariPool-1 housekeeper] DEBUG [N/A] [N/A] com.zaxxer.hikari.pool.HikariPool - HikariPool-1 - After cleanup  stats (total=5, active=0, idle=5, waiting=0)
2026-03-24 23:14:46.927 [HikariPool-1 housekeeper] DEBUG [N/A] [N/A] com.zaxxer.hikari.pool.HikariPool - HikariPool-1 - Fill pool skipped, pool has sufficient level or currently being filled.
2026-03-24 23:15:16.933 [HikariPool-1 housekeeper] DEBUG [N/A] [N/A] com.zaxxer.hikari.pool.HikariPool - HikariPool-1 - Before cleanup stats (total=5, active=0, idle=5, waiting=0)
2026-03-24 23:15:16.935 [HikariPool-1 housekeeper] DEBUG [N/A] [N/A] com.zaxxer.hikari.pool.HikariPool - HikariPool-1 - After cleanup  stats (total=5, active=0, idle=5, waiting=0)
2026-03-24 23:15:16.936 [HikariPool-1 housekeeper] DEBUG [N/A] [N/A] com.zaxxer.hikari.pool.HikariPool - HikariPool-1 - Fill pool skipped, pool has sufficient level or currently being filled.
2026-03-24 23:15:46.937 [HikariPool-1 housekeeper] DEBUG [N/A] [N/A] com.zaxxer.hikari.pool.HikariPool - HikariPool-1 - Before cleanup stats (total=5, active=0, idle=5, waiting=0)
2026-03-24 23:15:46.939 [HikariPool-1 housekeeper] DEBUG [N/A] [N/A] com.zaxxer.hikari.pool.HikariPool - HikariPool-1 - After cleanup  stats (total=5, active=0, idle=5, waiting=0)
2026-03-24 23:15:46.940 [HikariPool-1 housekeeper] DEBUG [N/A] [N/A] com.zaxxer.hikari.pool.HikariPool - HikariPool-1 - Fill pool skipped, pool has sufficient level or currently being filled.
2026-03-24 23:16:16.942 [HikariPool-1 housekeeper] DEBUG [N/A] [N/A] com.zaxxer.hikari.pool.HikariPool - HikariPool-1 - Before cleanup stats (total=5, active=0, idle=5, waiting=0)
2026-03-24 23:16:16.944 [HikariPool-1 housekeeper] DEBUG [N/A] [N/A] com.zaxxer.hikari.pool.HikariPool - HikariPool-1 - After cleanup  stats (total=5, active=0, idle=5, waiting=0)
2026-03-24 23:16:16.944 [HikariPool-1 housekeeper] DEBUG [N/A] [N/A] com.zaxxer.hikari.pool.HikariPool - HikariPool-1 - Fill pool skipped, pool has sufficient level or currently being filled.
2026-03-24 23:16:46.950 [HikariPool-1 housekeeper] DEBUG [N/A] [N/A] com.zaxxer.hikari.pool.HikariPool - HikariPool-1 - Before cleanup stats (total=5, active=0, idle=5, waiting=0)
2026-03-24 23:16:46.952 [HikariPool-1 housekeeper] DEBUG [N/A] [N/A] com.zaxxer.hikari.pool.HikariPool - HikariPool-1 - After cleanup  stats (total=5, active=0, idle=5, waiting=0)
2026-03-24 23:16:46.953 [HikariPool-1 housekeeper] DEBUG [N/A] [N/A] com.zaxxer.hikari.pool.HikariPool - HikariPool-1 - Fill pool skipped, pool has sufficient level or currently being filled.
2026-03-24 23:17:16.957 [HikariPool-1 housekeeper] DEBUG [N/A] [N/A] com.zaxxer.hikari.pool.HikariPool - HikariPool-1 - Before cleanup stats (total=5, active=0, idle=5, waiting=0)
2026-03-24 23:17:16.958 [HikariPool-1 housekeeper] DEBUG [N/A] [N/A] com.zaxxer.hikari.pool.HikariPool - HikariPool-1 - After cleanup  stats (total=5, active=0, idle=5, waiting=0)
2026-03-24 23:17:16.959 [HikariPool-1 housekeeper] DEBUG [N/A] [N/A] com.zaxxer.hikari.pool.HikariPool - HikariPool-1 - Fill pool skipped, pool has sufficient level or currently being filled.
2026-03-24 23:17:46.965 [HikariPool-1 housekeeper] DEBUG [N/A] [N/A] com.zaxxer.hikari.pool.HikariPool - HikariPool-1 - Before cleanup stats (total=5, active=0, idle=5, waiting=0)
2026-03-24 23:17:46.967 [HikariPool-1 housekeeper] DEBUG [N/A] [N/A] com.zaxxer.hikari.pool.HikariPool - HikariPool-1 - After cleanup  stats (total=5, active=0, idle=5, waiting=0)
2026-03-24 23:17:46.967 [HikariPool-1 housekeeper] DEBUG [N/A] [N/A] com.zaxxer.hikari.pool.HikariPool - HikariPool-1 - Fill pool skipped, pool has sufficient level or currently being filled.
2026-03-24 23:18:16.972 [HikariPool-1 housekeeper] DEBUG [N/A] [N/A] com.zaxxer.hikari.pool.HikariPool - HikariPool-1 - Before cleanup stats (total=5, active=0, idle=5, waiting=0)
2026-03-24 23:18:16.974 [HikariPool-1 housekeeper] DEBUG [N/A] [N/A] com.zaxxer.hikari.pool.HikariPool - HikariPool-1 - After cleanup  stats (total=5, active=0, idle=5, waiting=0)
2026-03-24 23:18:16.975 [HikariPool-1 housekeeper] DEBUG [N/A] [N/A] com.zaxxer.hikari.pool.HikariPool - HikariPool-1 - Fill pool skipped, pool has sufficient level or currently being filled.
2026-03-24 23:18:46.979 [HikariPool-1 housekeeper] DEBUG [N/A] [N/A] com.zaxxer.hikari.pool.HikariPool - HikariPool-1 - Before cleanup stats (total=5, active=0, idle=5, waiting=0)
2026-03-24 23:18:46.980 [HikariPool-1 housekeeper] DEBUG [N/A] [N/A] com.zaxxer.hikari.pool.HikariPool - HikariPool-1 - After cleanup  stats (total=5, active=0, idle=5, waiting=0)
2026-03-24 23:18:46.981 [HikariPool-1 housekeeper] DEBUG [N/A] [N/A] com.zaxxer.hikari.pool.HikariPool - HikariPool-1 - Fill pool skipped, pool has sufficient level or currently being filled.
2026-03-24 23:19:16.985 [HikariPool-1 housekeeper] DEBUG [N/A] [N/A] com.zaxxer.hikari.pool.HikariPool - HikariPool-1 - Before cleanup stats (total=5, active=0, idle=5, waiting=0)
2026-03-24 23:19:16.986 [HikariPool-1 housekeeper] DEBUG [N/A] [N/A] com.zaxxer.hikari.pool.HikariPool - HikariPool-1 - After cleanup  stats (total=5, active=0, idle=5, waiting=0)
2026-03-24 23:19:16.987 [HikariPool-1 housekeeper] DEBUG [N/A] [N/A] com.zaxxer.hikari.pool.HikariPool - HikariPool-1 - Fill pool skipped, pool has sufficient level or currently being filled.
2026-03-24 23:19:46.990 [HikariPool-1 housekeeper] DEBUG [N/A] [N/A] com.zaxxer.hikari.pool.HikariPool - HikariPool-1 - Before cleanup stats (total=5, active=0, idle=5, waiting=0)
2026-03-24 23:19:46.992 [HikariPool-1 housekeeper] DEBUG [N/A] [N/A] com.zaxxer.hikari.pool.HikariPool - HikariPool-1 - After cleanup  stats (total=5, active=0, idle=5, waiting=0)
2026-03-24 23:19:46.992 [HikariPool-1 housekeeper] DEBUG [N/A] [N/A] com.zaxxer.hikari.pool.HikariPool - HikariPool-1 - Fill pool skipped, pool has sufficient level or currently being filled.
2026-03-24 23:20:16.997 [HikariPool-1 housekeeper] DEBUG [N/A] [N/A] com.zaxxer.hikari.pool.HikariPool - HikariPool-1 - Before cleanup stats (total=5, active=0, idle=5, waiting=0)
2026-03-24 23:20:16.999 [HikariPool-1 housekeeper] DEBUG [N/A] [N/A] com.zaxxer.hikari.pool.HikariPool - HikariPool-1 - After cleanup  stats (total=5, active=0, idle=5, waiting=0)
2026-03-24 23:20:16.999 [HikariPool-1 housekeeper] DEBUG [N/A] [N/A] com.zaxxer.hikari.pool.HikariPool - HikariPool-1 - Fill pool skipped, pool has sufficient level or currently being filled.
2026-03-24 23:20:47.005 [HikariPool-1 housekeeper] DEBUG [N/A] [N/A] com.zaxxer.hikari.pool.HikariPool - HikariPool-1 - Before cleanup stats (total=5, active=0, idle=5, waiting=0)
2026-03-24 23:20:47.007 [HikariPool-1 housekeeper] DEBUG [N/A] [N/A] com.zaxxer.hikari.pool.HikariPool - HikariPool-1 - After cleanup  stats (total=5, active=0, idle=5, waiting=0)
2026-03-24 23:20:47.008 [HikariPool-1 housekeeper] DEBUG [N/A] [N/A] com.zaxxer.hikari.pool.HikariPool - HikariPool-1 - Fill pool skipped, pool has sufficient level or currently being filled.
2026-03-24 23:21:17.009 [HikariPool-1 housekeeper] DEBUG [N/A] [N/A] com.zaxxer.hikari.pool.HikariPool - HikariPool-1 - Before cleanup stats (total=5, active=0, idle=5, waiting=0)
2026-03-24 23:21:17.010 [HikariPool-1 housekeeper] DEBUG [N/A] [N/A] com.zaxxer.hikari.pool.HikariPool - HikariPool-1 - After cleanup  stats (total=5, active=0, idle=5, waiting=0)
2026-03-24 23:21:17.010 [HikariPool-1 housekeeper] DEBUG [N/A] [N/A] com.zaxxer.hikari.pool.HikariPool - HikariPool-1 - Fill pool skipped, pool has sufficient level or currently being filled.
2026-03-24 23:21:47.013 [HikariPool-1 housekeeper] DEBUG [N/A] [N/A] com.zaxxer.hikari.pool.HikariPool - HikariPool-1 - Before cleanup stats (total=5, active=0, idle=5, waiting=0)
2026-03-24 23:21:47.023 [HikariPool-1 housekeeper] DEBUG [N/A] [N/A] com.zaxxer.hikari.pool.HikariPool - HikariPool-1 - After cleanup  stats (total=5, active=0, idle=5, waiting=0)
2026-03-24 23:21:47.023 [HikariPool-1 housekeeper] DEBUG [N/A] [N/A] com.zaxxer.hikari.pool.HikariPool - HikariPool-1 - Fill pool skipped, pool has sufficient level or currently being filled.
2026-03-24 23:22:17.028 [HikariPool-1 housekeeper] DEBUG [N/A] [N/A] com.zaxxer.hikari.pool.HikariPool - HikariPool-1 - Before cleanup stats (total=5, active=0, idle=5, waiting=0)
2026-03-24 23:22:17.029 [HikariPool-1 housekeeper] DEBUG [N/A] [N/A] com.zaxxer.hikari.pool.HikariPool - HikariPool-1 - After cleanup  stats (total=5, active=0, idle=5, waiting=0)
2026-03-24 23:22:17.029 [HikariPool-1 housekeeper] DEBUG [N/A] [N/A] com.zaxxer.hikari.pool.HikariPool - HikariPool-1 - Fill pool skipped, pool has sufficient level or currently being filled.
2026-03-24 23:22:47.034 [HikariPool-1 housekeeper] DEBUG [N/A] [N/A] com.zaxxer.hikari.pool.HikariPool - HikariPool-1 - Before cleanup stats (total=5, active=0, idle=5, waiting=0)
2026-03-24 23:22:47.036 [HikariPool-1 housekeeper] DEBUG [N/A] [N/A] com.zaxxer.hikari.pool.HikariPool - HikariPool-1 - After cleanup  stats (total=5, active=0, idle=5, waiting=0)
2026-03-24 23:22:47.037 [HikariPool-1 housekeeper] DEBUG [N/A] [N/A] com.zaxxer.hikari.pool.HikariPool - HikariPool-1 - Fill pool skipped, pool has sufficient level or currently being filled.
2026-03-24 23:23:17.041 [HikariPool-1 housekeeper] DEBUG [N/A] [N/A] com.zaxxer.hikari.pool.HikariPool - HikariPool-1 - Before cleanup stats (total=5, active=0, idle=5, waiting=0)
2026-03-24 23:23:17.042 [HikariPool-1 housekeeper] DEBUG [N/A] [N/A] com.zaxxer.hikari.pool.HikariPool - HikariPool-1 - After cleanup  stats (total=5, active=0, idle=5, waiting=0)
2026-03-24 23:23:17.043 [HikariPool-1 housekeeper] DEBUG [N/A] [N/A] com.zaxxer.hikari.pool.HikariPool - HikariPool-1 - Fill pool skipped, pool has sufficient level or currently being filled.
[INFO] ------------------------------------------------------------------------
[INFO] BUILD FAILURE
[INFO] ------------------------------------------------------------------------
[INFO] Total time:  1 d 08:54 h
[INFO] Finished at: 2026-03-24T23:23:34+05:30
[INFO] ------------------------------------------------------------------------
[ERROR] Failed to execute goal org.springframework.boot:spring-boot-maven-plugin:3.3.13:run (default-cli) on project blog-service: Process terminated with exit code: 137 -> [Help 1]
[ERROR] 
[ERROR] To see the full stack trace of the errors, re-run Maven with the -e switch.
[ERROR] Re-run Maven using the -X switch to enable full debug logging.
[ERROR] 
[ERROR] For more information about the errors and possible solutions, please read the following articles:
[ERROR] [Help 1] http://cwiki.apache.org/confluence/display/MAVEN/MojoExecutionException
